
#if defined(LV_LVGL_H_INCLUDE_SIMPLE)
#include "lvgl.h"
#elif defined(LV_BUILD_TEST)
#include "../lvgl.h"
#else
#include "lvgl/lvgl.h"
#endif


#ifndef LV_ATTRIBUTE_MEM_ALIGN
#define LV_ATTRIBUTE_MEM_ALIGN
#endif

#ifndef LV_ATTRIBUTE_C1541
#define LV_ATTRIBUTE_C1541
#endif

static const
LV_ATTRIBUTE_MEM_ALIGN LV_ATTRIBUTE_LARGE_CONST LV_ATTRIBUTE_C1541
uint8_t c1541_map[] = {

    0x01,0x00,0x00,0x00,0x90,0xda,0x00,0x00,0x80,0x83,0x01,0x00,0x21,0x00,0x00,0xb4,
    0x20,0x00,0x20,0x00,0x20,0x00,0x20,0x00,0x20,0x00,0x20,0x00,0x20,0x00,0x20,0x00,
    0x20,0x00,0x20,0x08,0x40,0x08,0x40,0x08,0x40,0x08,0x41,0x08,0x41,0x08,0x41,0x08,
    0x41,0x08,0x41,0x08,0x61,0x08,0x61,0x08,0x61,0x08,0x61,0x08,0x61,0x08,0x61,0x10,
    0x61,0x10,0x81,0x10,0x81,0x10,0x81,0x10,0x81,0x10,0x82,0x10,0x82,0x10,0x82,0x10,
    0xa2,0x10,0xa2,0x10,0xa2,0x10,0xa2,0x10,0xa2,0x10,0xa2,0x18,0xa2,0x18,0xc2,0x18,
    0xc2,0x18,0xc2,0x18,0xc2,0x18,0xc2,0x18,0xc2,0x18,0xc2,0x18,0xc2,0x18,0xc2,0x18,
    0xc2,0x18,0xc2,0x18,0xc2,0x18,0xc3,0x18,0x25,0xc3,0x18,0x7b,0xe3,0x18,0xb1,0xc3,
    0x18,0xc3,0x18,0xc3,0x18,0xc3,0x18,0xc3,0x18,0xc3,0x18,0xc2,0x18,0xc2,0x18,0xc2,
    0x18,0xc2,0x18,0xc2,0x18,0xc2,0x18,0xc2,0x18,0xc2,0x18,0xc2,0x18,0xa2,0x18,0xa2,
    0x18,0xa2,0x10,0xa2,0x10,0xa2,0x10,0xa2,0x10,0x82,0x10,0x82,0x10,0x82,0x10,0x81,
    0x10,0x81,0x10,0x81,0x10,0x81,0x10,0x61,0x10,0x61,0x08,0x61,0x08,0x61,0x08,0x61,
    0x08,0x41,0x08,0x41,0x08,0x41,0x08,0x41,0x08,0x41,0x08,0x40,0x08,0x40,0x08,0x20,
    0x08,0x20,0x00,0x20,0x00,0x20,0x00,0x20,0x00,0x20,0x00,0x20,0x00,0x20,0x00,0x00,
    0x00,0x35,0x00,0x00,0xb2,0x20,0x00,0x20,0x00,0x20,0x00,0x20,0x00,0x20,0x00,0x20,
    0x00,0x20,0x00,0x20,0x00,0x20,0x08,0x40,0x08,0x40,0x08,0x41,0x08,0x41,0x08,0x41,
    0x08,0x41,0x08,0x41,0x08,0x61,0x08,0x61,0x08,0x61,0x08,0x61,0x08,0x61,0x08,0x61,
    0x08,0x61,0x10,0x81,0x10,0x81,0x10,0x81,0x10,0x82,0x10,0x82,0x10,0xa2,0x10,0xa2,
    0x10,0xa2,0x10,0xa2,0x10,0xa2,0x10,0xa2,0x18,0xa2,0x18,0xc2,0x18,0xc2,0x18,0xc2,
    0x18,0xc2,0x18,0xc2,0x18,0xc3,0x18,0xe3,0x18,0xe3,0x18,0xe3,0x18,0xe3,0x18,0xe3,
    0x20,0xe3,0x20,0xe3,0x20,0xe3,0x20,0x03,0x21,0x7f,0x03,0x21,0x34,0x03,0x21,0xab,
    0xe3,0x20,0xe3,0x20,0xe3,0x20,0xe3,0x20,0xe3,0x18,0xe3,0x18,0xe3,0x18,0xe3,0x18,
    0xc3,0x18,0xc2,0x18,0xc2,0x18,0xc2,0x18,0xc2,0x18,0xa2,0x18,0xa2,0x18,0xa2,0x10,
    0xa2,0x10,0xa2,0x10,0x82,0x10,0x82,0x10,0x81,0x10,0x81,0x10,0x81,0x10,0x81,0x10,
    0x61,0x10,0x61,0x08,0x61,0x08,0x61,0x08,0x61,0x08,0x41,0x08,0x41,0x08,0x41,0x08,
    0x41,0x08,0x40,0x08,0x40,0x08,0x40,0x08,0x20,0x00,0x20,0x00,0x20,0x00,0x20,0x00,
    0x20,0x00,0x20,0x00,0x00,0x00,0x2d,0x00,0x00,0xb7,0x20,0x00,0x20,0x00,0x20,0x00,
    0x20,0x00,0x20,0x00,0x20,0x00,0x20,0x00,0x40,0x08,0x41,0x08,0x41,0x08,0x41,0x08,
    0x41,0x08,0x41,0x08,0x61,0x08,0x61,0x08,0x61,0x08,0x61,0x08,0x61,0x08,0x61,0x10,
    0x81,0x10,0x81,0x10,0x81,0x10,0x82,0x10,0x82,0x10,0x82,0x10,0xa2,0x10,0xa2,0x10,
    0xa2,0x10,0xa2,0x18,0xa2,0x18,0xc2,0x18,0xc2,0x18,0xc2,0x18,0xc3,0x18,0xc3,0x18,
    0xe3,0x18,0xe3,0x18,0xe3,0x18,0xe3,0x20,0xe3,0x20,0xe3,0x20,0x03,0x21,0x03,0x21,
    0x03,0x21,0x03,0x21,0x03,0x21,0x23,0x21,0x24,0x21,0x24,0x21,0x24,0x21,0x24,0x29,
    0x24,0x29,0x24,0x29,0x24,0x29,0x44,0x29,0x7f,0x44,0x29,0x30,0x44,0x29,0xb1,0x24,
    0x29,0x24,0x29,0x24,0x29,0x24,0x29,0x24,0x21,0x24,0x21,0x24,0x21,0x23,0x21,0x03,
    0x21,0x03,0x21,0x03,0x21,0x03,0x21,0xe3,0x20,0xe3,0x20,0xe3,0x18,0xe3,0x18,0xe3,
    0x18,0xc3,0x18,0xc2,0x18,0xc2,0x18,0xc2,0x18,0xc2,0x18,0xa2,0x18,0xa2,0x10,0xa2,
    0x10,0xa2,0x10,0xa2,0x10,0x82,0x10,0x82,0x10,0x81,0x10,0x81,0x10,0x61,0x10,0x61,
    0x08,0x61,0x08,0x61,0x08,0x61,0x08,0x41,0x08,0x41,0x08,0x41,0x08,0x41,0x08,0x40,
    0x08,0x20,0x08,0x20,0x00,0x20,0x00,0x20,0x00,0x20,0x00,0x20,0x00,0x20,0x00,0x00,
    0x00,0x25,0x00,0x00,0xbe,0x20,0x00,0x20,0x00,0x20,0x00,0x20,0x00,0x20,0x00,0x20,
    0x00,0x40,0x08,0x40,0x08,0x41,0x08,0x41,0x08,0x41,0x08,0x41,0x08,0x61,0x08,0x61,
    0x08,0x61,0x08,0x61,0x10,0x61,0x10,0x81,0x10,0x81,0x10,0x82,0x10,0x82,0x10,0x82,
    0x10,0xa2,0x10,0xa2,0x10,0xa2,0x10,0xa2,0x18,0xa2,0x18,0xc2,0x18,0xc2,0x18,0xc2,
    0x18,0xc2,0x18,0xe3,0x18,0xe3,0x18,0xe3,0x18,0xe3,0x20,0xe3,0x20,0x03,0x21,0x03,
    0x21,0x03,0x21,0x03,0x21,0x03,0x21,0x24,0x21,0x24,0x21,0x24,0x29,0x24,0x29,0x24,
    0x29,0x44,0x29,0x44,0x29,0x44,0x29,0x44,0x29,0x44,0x29,0x44,0x29,0x64,0x29,0x64,
    0x29,0x65,0x31,0x65,0x31,0x65,0x31,0x65,0x31,0x65,0x31,0x65,0x31,0x65,0x31,0x85,
    0x31,0x7f,0x85,0x31,0x2b,0x85,0x31,0xb6,0x65,0x31,0x65,0x31,0x65,0x31,0x65,0x31,
    0x65,0x31,0x65,0x31,0x64,0x29,0x64,0x29,0x44,0x29,0x44,0x29,0x44,0x29,0x44,0x29,
    0x44,0x29,0x24,0x29,0x24,0x29,0x24,0x21,0x24,0x21,0x23,0x21,0x03,0x21,0x03,0x21,
    0x03,0x21,0x03,0x21,0xe3,0x20,0xe3,0x18,0xe3,0x18,0xe3,0x18,0xc3,0x18,0xc2,0x18,
    0xc2,0x18,0xc2,0x18,0xa2,0x18,0xa2,0x10,0xa2,0x10,0xa2,0x10,0xa2,0x10,0x82,0x10,
    0x82,0x10,0x81,0x10,0x61,0x10,0x61,0x08,0x61,0x08,0x61,0x08,0x41,0x08,0x41,0x08,
    0x41,0x08,0x40,0x08,0x40,0x08,0x20,0x08,0x20,0x00,0x20,0x00,0x20,0x00,0x20,0x00,
    0x20,0x00,0x00,0x00,0x20,0x00,0x00,0xc2,0x20,0x00,0x20,0x00,0x20,0x00,0x20,0x00,
    0x20,0x00,0x40,0x08,0x41,0x08,0x41,0x08,0x41,0x08,0x41,0x08,0x61,0x08,0x61,0x08,
    0x61,0x08,0x61,0x08,0x81,0x10,0x81,0x10,0x82,0x10,0x82,0x10,0xa2,0x10,0xa2,0x10,
    0xa2,0x10,0xa2,0x18,0xa2,0x18,0xc2,0x18,0xc2,0x18,0xc2,0x18,0xe3,0x18,0xe3,0x18,
    0xe3,0x18,0xe3,0x18,0xe3,0x20,0xe3,0x20,0x03,0x21,0x03,0x21,0x03,0x21,0x03,0x21,
    0x24,0x21,0x24,0x21,0x24,0x29,0x24,0x29,0x44,0x29,0x44,0x29,0x44,0x29,0x44,0x29,
    0x64,0x29,0x64,0x29,0x65,0x29,0x65,0x31,0x65,0x31,0x85,0x31,0x85,0x31,0x85,0x31,
    0x85,0x31,0x85,0x31,0x85,0x31,0xa5,0x31,0xa5,0x31,0xa5,0x39,0xa6,0x39,0xa6,0x39,
    0xa6,0x39,0xa6,0x39,0xa6,0x39,0xa6,0x39,0xa6,0x39,0xc6,0x39,0x7f,0xc6,0x39,0x28,
    0xc6,0x39,0xb7,0xa6,0x39,0xa6,0x39,0xa6,0x39,0xa6,0x39,0xa6,0x39,0xa6,0x39,0xa5,
    0x31,0xa5,0x31,0x85,0x31,0x85,0x31,0x85,0x31,0x85,0x31,0x85,0x31,0x65,0x31,0x65,
    0x31,0x65,0x29,0x64,0x29,0x44,0x29,0x44,0x29,0x44,0x29,0x44,0x29,0x24,0x29,0x24,
    0x29,0x24,0x21,0x03,0x21,0x03,0x21,0x03,0x21,0x03,0x21,0x03,0x21,0xe3,0x20,0xe3,
    0x18,0xe3,0x18,0xc3,0x18,0xc2,0x18,0xc2,0x18,0xc2,0x18,0xa2,0x18,0xa2,0x10,0xa2,
    0x10,0xa2,0x10,0x82,0x10,0x81,0x10,0x81,0x10,0x61,0x08,0x61,0x08,0x61,0x08,0x41,
    0x08,0x41,0x08,0x41,0x08,0x40,0x08,0x20,0x08,0x20,0x00,0x20,0x00,0x20,0x00,0x00,
    0x00,0x1e,0x00,0x00,0xc7,0x20,0x00,0x20,0x00,0x20,0x00,0x20,0x00,0x20,0x08,0x41,
    0x08,0x41,0x08,0x41,0x08,0x41,0x08,0x61,0x08,0x61,0x08,0x61,0x08,0x81,0x10,0x81,
    0x10,0x82,0x10,0x82,0x10,0xa2,0x10,0xa2,0x10,0xa2,0x18,0xa2,0x18,0xc2,0x18,0xc2,
    0x18,0xc2,0x18,0xc3,0x18,0xe3,0x18,0xe3,0x20,0xe3,0x20,0x03,0x21,0x03,0x21,0x03,
    0x21,0x03,0x21,0x03,0x21,0x24,0x21,0x24,0x29,0x24,0x29,0x44,0x29,0x44,0x29,0x44,
    0x29,0x44,0x29,0x44,0x29,0x64,0x29,0x65,0x31,0x65,0x31,0x85,0x31,0x85,0x31,0x85,
    0x31,0x85,0x31,0x85,0x31,0xa5,0x31,0xa5,0x39,0xa6,0x39,0xc6,0x39,0xc6,0x39,0xc6,
    0x39,0xc6,0x39,0xc6,0x39,0xc6,0x39,0xc6,0x39,0xe6,0x41,0xe6,0x41,0xe6,0x41,0xe6,
    0x41,0xe6,0x41,0xe6,0x41,0xe6,0x41,0xe7,0x41,0xe7,0x41,0xe7,0x41,0xe7,0x41,0xe7,
    0x41,0x07,0x42,0x7f,0x07,0x42,0x25,0x07,0x42,0xb9,0xe7,0x41,0xe7,0x41,0xe6,0x41,
    0xe6,0x41,0xe6,0x41,0xe6,0x41,0xe6,0x41,0xe6,0x39,0xc6,0x39,0xc6,0x39,0xc6,0x39,
    0xc6,0x39,0xc6,0x39,0xa6,0x39,0xa5,0x39,0xa5,0x31,0x85,0x31,0x85,0x31,0x85,0x31,
    0x85,0x31,0x65,0x31,0x65,0x31,0x64,0x29,0x44,0x29,0x44,0x29,0x44,0x29,0x44,0x29,
    0x24,0x29,0x24,0x21,0x24,0x21,0x03,0x21,0x03,0x21,0x03,0x21,0x03,0x21,0xe3,0x20,
    0xe3,0x18,0xe3,0x18,0xc2,0x18,0xc2,0x18,0xc2,0x18,0xa2,0x18,0xa2,0x10,0xa2,0x10,
    0x82,0x10,0x82,0x10,0x81,0x10,0x61,0x08,0x61,0x08,0x41,0x08,0x41,0x08,0x41,0x08,
    0x40,0x08,0x20,0x08,0x20,0x00,0x20,0x00,0x20,0x00,0x00,0x00,0x1a,0x00,0x00,0xc6,
    0x20,0x00,0x20,0x00,0x20,0x00,0x20,0x00,0x20,0x00,0x40,0x08,0x41,0x08,0x41,0x08,
    0x61,0x08,0x61,0x08,0x61,0x08,0x61,0x10,0x81,0x10,0x82,0x10,0xa2,0x10,0xa2,0x10,
    0xa2,0x18,0xa2,0x18,0xc2,0x18,0xc2,0x18,0xc3,0x18,0xe3,0x18,0xe3,0x18,0x03,0x21,
    0x03,0x21,0x03,0x21,0x03,0x21,0x04,0x21,0x24,0x21,0x24,0x21,0x24,0x29,0x44,0x29,
    0x44,0x29,0x44,0x29,0x44,0x29,0x64,0x29,0x65,0x29,0x65,0x31,0x65,0x31,0x85,0x31,
    0x85,0x31,0x85,0x31,0xa5,0x31,0xa5,0x39,0xa5,0x39,0xa6,0x39,0xa6,0x39,0xc6,0x39,
    0xc6,0x39,0xc6,0x39,0xe6,0x41,0xe6,0x41,0xe6,0x41,0xe6,0x41,0xe7,0x41,0x07,0x42,
    0x07,0x42,0x07,0x42,0x07,0x42,0x27,0x4a,0x27,0x4a,0x27,0x4a,0x27,0x4a,0x27,0x4a,
    0x27,0x4a,0x27,0x4a,0x27,0x4a,0x47,0x4a,0x47,0x4a,0x48,0x4a,0x7f,0x48,0x4a,0x29,
    0x48,0x4a,0xb9,0x47,0x4a,0x27,0x4a,0x27,0x4a,0x27,0x4a,0x27,0x4a,0x27,0x4a,0x27,
    0x4a,0x07,0x42,0x07,0x42,0x07,0x42,0x07,0x42,0x07,0x42,0xe6,0x41,0xe6,0x41,0xe6,
    0x39,0xc6,0x39,0xc6,0x39,0xc6,0x39,0xc6,0x39,0xa6,0x39,0xa5,0x39,0x85,0x31,0x85,
    0x31,0x85,0x31,0x85,0x31,0x65,0x31,0x65,0x31,0x65,0x29,0x44,0x29,0x44,0x29,0x44,
    0x29,0x24,0x29,0x24,0x29,0x24,0x21,0x03,0x21,0x03,0x21,0x03,0x21,0xe3,0x20,0xe3,
    0x18,0xc3,0x18,0xc2,0x18,0xc2,0x18,0xa2,0x18,0xa2,0x10,0xa2,0x10,0x82,0x10,0x81,
    0x10,0x61,0x10,0x61,0x08,0x41,0x08,0x41,0x08,0x41,0x08,0x40,0x08,0x20,0x00,0x20,
    0x00,0x20,0x00,0x00,0x00,0x18,0x00,0x00,0xc6,0x20,0x00,0x20,0x00,0x20,0x00,0x20,
    0x00,0x20,0x00,0x40,0x08,0x41,0x08,0x61,0x08,0x61,0x08,0x61,0x08,0x81,0x10,0x81,
    0x10,0x82,0x10,0xa2,0x10,0xa2,0x18,0xc2,0x18,0xc2,0x18,0xc2,0x18,0xe3,0x18,0xe3,
    0x18,0xe3,0x20,0x03,0x21,0x03,0x21,0x03,0x21,0x24,0x21,0x24,0x29,0x24,0x29,0x44,
    0x29,0x44,0x29,0x44,0x29,0x64,0x29,0x65,0x31,0x65,0x31,0x65,0x31,0x85,0x31,0x85,
    0x31,0x85,0x31,0x85,0x31,0xa5,0x39,0xa6,0x39,0xa6,0x39,0xc6,0x39,0xc6,0x39,0xc6,
    0x39,0xc6,0x39,0xe6,0x39,0xe6,0x41,0xe7,0x41,0x07,0x42,0x07,0x42,0x07,0x42,0x07,
    0x42,0x27,0x4a,0x27,0x4a,0x27,0x4a,0x48,0x4a,0x48,0x4a,0x48,0x4a,0x48,0x4a,0x48,
    0x4a,0x48,0x4a,0x68,0x52,0x68,0x52,0x68,0x52,0x68,0x52,0x68,0x52,0x68,0x52,0x68,
    0x52,0x68,0x52,0x88,0x52,0x14,0x88,0x52,0x7f,0x89,0x52,0x12,0x89,0x52,0xbf,0x88,
    0x52,0x88,0x52,0x88,0x52,0x88,0x52,0x68,0x52,0x68,0x52,0x68,0x52,0x68,0x52,0x68,
    0x52,0x68,0x52,0x48,0x4a,0x48,0x4a,0x48,0x4a,0x48,0x4a,0x48,0x4a,0x27,0x4a,0x27,
    0x4a,0x27,0x4a,0x07,0x42,0x07,0x42,0x07,0x42,0xe7,0x41,0xe6,0x41,0xe6,0x41,0xe6,
    0x41,0xc6,0x39,0xc6,0x39,0xa6,0x39,0xa5,0x39,0xa5,0x39,0xa5,0x31,0x85,0x31,0x85,
    0x31,0x85,0x31,0x65,0x31,0x64,0x29,0x44,0x29,0x44,0x29,0x44,0x29,0x24,0x29,0x24,
    0x29,0x03,0x21,0x03,0x21,0x03,0x21,0xe3,0x20,0xe3,0x18,0xc3,0x18,0xc2,0x18,0xc2,
    0x18,0xa2,0x10,0x82,0x10,0x81,0x10,0x61,0x10,0x61,0x08,0x61,0x08,0x41,0x08,0x41,
    0x08,0x40,0x08,0x20,0x00,0x20,0x00,0x20,0x00,0x20,0x00,0x00,0x00,0x15,0x00,0x00,
    0xf3,0x20,0x00,0x20,0x00,0x20,0x00,0x20,0x00,0x20,0x00,0x41,0x08,0x41,0x08,0x61,
    0x08,0x61,0x08,0x61,0x10,0x81,0x10,0x82,0x10,0xa2,0x10,0xa2,0x18,0xc2,0x18,0xc3,
    0x18,0xe3,0x18,0xe3,0x18,0xe3,0x20,0x03,0x21,0x03,0x21,0x24,0x21,0x24,0x29,0x44,
    0x29,0x44,0x29,0x44,0x29,0x64,0x29,0x65,0x31,0x65,0x31,0x85,0x31,0x85,0x31,0x85,
    0x31,0xa5,0x31,0xa5,0x39,0xa6,0x39,0xa6,0x39,0xc6,0x39,0xc6,0x39,0xc6,0x39,0xe6,
    0x39,0xe6,0x41,0xe7,0x41,0x07,0x42,0x07,0x42,0x07,0x42,0x27,0x42,0x27,0x4a,0x27,
    0x4a,0x48,0x4a,0x48,0x4a,0x48,0x4a,0x48,0x4a,0x68,0x52,0x68,0x52,0x68,0x52,0x88,
    0x52,0x89,0x52,0x89,0x52,0x89,0x52,0x89,0x5a,0xa9,0x5a,0xa9,0x5a,0xa9,0x5a,0xa9,
    0x5a,0xa9,0x5a,0xc9,0x5a,0xc9,0x5a,0xc9,0x5a,0xca,0x5a,0xca,0x5a,0xca,0x5a,0xca,
    0x62,0xca,0x62,0xca,0x62,0xca,0x62,0xca,0x62,0xca,0x62,0xca,0x62,0xca,0x62,0xca,
    0x62,0xca,0x62,0xea,0x62,0xea,0x62,0xea,0x62,0xea,0x62,0xea,0x62,0xea,0x62,0xea,
    0x62,0xea,0x62,0xea,0x62,0xea,0x62,0xca,0x62,0xea,0x62,0xca,0x62,0xea,0x62,0xea,
    0x62,0xea,0x62,0xca,0x62,0xea,0x62,0xea,0x62,0xea,0x62,0xea,0x62,0xea,0x62,0xea,
    0x62,0xea,0x62,0xca,0x62,0xea,0x62,0xea,0x62,0xea,0x62,0xea,0x62,0xea,0x62,0xea,
    0x62,0xea,0x62,0xca,0x62,0xea,0x62,0x69,0xea,0x62,0xd0,0x0a,0x63,0x0a,0x63,0xea,
    0x62,0xea,0x62,0xea,0x62,0x0a,0x63,0x0a,0x63,0x0a,0x63,0x0a,0x63,0x0a,0x63,0x0a,
    0x63,0x0a,0x63,0xea,0x62,0xea,0x62,0xea,0x62,0xea,0x62,0xea,0x62,0xea,0x62,0x0a,
    0x63,0x0a,0x63,0xea,0x62,0xea,0x62,0xca,0x62,0xca,0x5a,0xc9,0x5a,0xa9,0x5a,0xa9,
    0x5a,0x89,0x5a,0x89,0x52,0x89,0x52,0x89,0x52,0x88,0x52,0x68,0x52,0x68,0x52,0x68,
    0x52,0x48,0x4a,0x48,0x4a,0x48,0x4a,0x27,0x4a,0x27,0x4a,0x27,0x4a,0x07,0x42,0x07,
    0x42,0xe7,0x41,0xe6,0x41,0xe6,0x41,0xe6,0x39,0xc6,0x39,0xc6,0x39,0xa6,0x39,0xa5,
    0x39,0xa5,0x31,0x85,0x31,0x85,0x31,0x85,0x31,0x65,0x31,0x64,0x29,0x44,0x29,0x44,
    0x29,0x24,0x29,0x24,0x21,0x03,0x21,0x03,0x21,0xe3,0x20,0xe3,0x18,0xc2,0x18,0xa2,
    0x18,0xa2,0x10,0x82,0x10,0x81,0x10,0x61,0x08,0x61,0x08,0x41,0x08,0x41,0x08,0x40,
    0x08,0x20,0x00,0x20,0x00,0x20,0x00,0x20,0x00,0x00,0x00,0x13,0x00,0x00,0xff,0x20,
    0x00,0x20,0x00,0x20,0x00,0x20,0x00,0x40,0x08,0x41,0x08,0x41,0x08,0x61,0x08,0x61,
    0x10,0x81,0x10,0xa2,0x10,0xa2,0x10,0xa2,0x18,0xc2,0x18,0xe3,0x18,0xe3,0x20,0x03,
    0x21,0x03,0x21,0x24,0x21,0x24,0x29,0x44,0x29,0x44,0x29,0x64,0x29,0x65,0x31,0x85,
    0x31,0x85,0x31,0x85,0x31,0xa5,0x31,0xa6,0x39,0xa6,0x39,0xc6,0x39,0xc6,0x39,0xe6,
    0x41,0xe6,0x41,0xe6,0x41,0x07,0x42,0x07,0x42,0x07,0x42,0x27,0x42,0x27,0x4a,0x27,
    0x4a,0x48,0x4a,0x48,0x4a,0x48,0x4a,0x48,0x52,0x68,0x52,0x68,0x52,0x88,0x52,0x89,
    0x52,0x89,0x52,0x89,0x5a,0xa9,0x5a,0xa9,0x5a,0xa9,0x5a,0xc9,0x5a,0xca,0x62,0xea,
    0x62,0x0a,0x63,0x0b,0x63,0x2b,0x6b,0x4b,0x6b,0x6c,0x73,0x8d,0x73,0xad,0x7b,0xcd,
    0x7b,0xee,0x83,0xee,0x83,0xee,0x83,0xee,0x83,0x0e,0x84,0x0e,0x84,0x0e,0x8c,0x0e,
    0x8c,0x0e,0x84,0xee,0x83,0xee,0x83,0x0e,0x84,0x0e,0x84,0x0e,0x84,0xee,0x83,0xee,
    0x83,0x0e,0x84,0x0e,0x84,0x0e,0x84,0x0f,0x8c,0x0f,0x8c,0x0f,0x8c,0x0e,0x84,0xee,
    0x83,0x0e,0x84,0x0e,0x84,0xee,0x83,0xee,0x83,0xee,0x83,0xee,0x83,0x0e,0x84,0x0f,
    0x8c,0x0e,0x84,0xee,0x83,0x0e,0x84,0x0f,0x8c,0x0f,0x8c,0x0e,0x84,0x0e,0x84,0x0e,
    0x84,0x0e,0x84,0xee,0x83,0xee,0x83,0x0f,0x8c,0x0f,0x84,0x0e,0x84,0x0e,0x84,0x0e,
    0x84,0xee,0x83,0xee,0x83,0x0e,0x84,0x0e,0x84,0x0e,0x84,0x0f,0x8c,0x0f,0x84,0x0f,
    0x8c,0x0f,0x8c,0x0e,0x84,0x0f,0x8c,0x0e,0x84,0xee,0x83,0x0e,0x84,0xff,0x0f,0x8c,
    0x0f,0x8c,0x0f,0x8c,0x0f,0x8c,0x0f,0x84,0x0f,0x8c,0x0e,0x84,0x0f,0x8c,0x2f,0x8c,
    0x2f,0x8c,0x2f,0x8c,0x2f,0x8c,0x2f,0x8c,0x2f,0x8c,0x4f,0x8c,0x4f,0x94,0x50,0x94,
    0x50,0x94,0x50,0x94,0x70,0x94,0x70,0x94,0x70,0x94,0x70,0x94,0x50,0x94,0x4f,0x8c,
    0x2f,0x8c,0x2f,0x8c,0x2f,0x8c,0x4f,0x8c,0x4f,0x8c,0x70,0x94,0x70,0x94,0x70,0x94,
    0x50,0x94,0x50,0x94,0x70,0x94,0x70,0x94,0x50,0x94,0x4f,0x8c,0x2f,0x8c,0x4f,0x8c,
    0x4f,0x8c,0x4f,0x8c,0x2f,0x8c,0x2f,0x8c,0x4f,0x8c,0x50,0x8c,0x4f,0x8c,0x2f,0x8c,
    0x2f,0x8c,0x4f,0x8c,0x50,0x94,0x50,0x94,0x70,0x94,0x70,0x94,0x70,0x94,0x70,0x94,
    0x90,0x94,0x90,0x94,0x90,0x94,0x90,0x94,0x90,0x94,0x90,0x94,0x90,0x94,0x90,0x94,
    0x90,0x9c,0x90,0x94,0x90,0x94,0x90,0x9c,0x91,0x9c,0x90,0x9c,0x90,0x94,0x90,0x9c,
    0xb1,0x9c,0xf2,0xa4,0xf2,0xa4,0xd1,0x9c,0x90,0x94,0xb1,0x9c,0xd1,0x9c,0xd2,0xa4,
    0xf2,0xa4,0xf2,0xa4,0xf2,0xa4,0xf2,0xa4,0xf2,0xa4,0xf2,0xa4,0xf2,0xa4,0xf2,0xa4,
    0xf2,0xa4,0xf2,0xa4,0xf2,0xa4,0xf2,0xa4,0xf2,0xa4,0x12,0xad,0x12,0xad,0xf2,0xa4,
    0xd1,0x9c,0xd1,0xa4,0xf2,0xa4,0xf2,0xa4,0xf2,0xa4,0x12,0xa5,0xf2,0xa4,0xf2,0xa4,
    0x12,0xa5,0x12,0xa5,0x12,0xa5,0x12,0xad,0x13,0xad,0x33,0xad,0x33,0xad,0x33,0xad,
    0x33,0xad,0x33,0xad,0xf2,0xa4,0xd1,0x9c,0x70,0x94,0x0e,0x84,0xcd,0x7b,0x8c,0x73,
    0x6c,0x73,0x4c,0x6b,0x2b,0x6b,0x0a,0x63,0xea,0x62,0xca,0x62,0xb0,0xc9,0x5a,0xa9,
    0x5a,0xa9,0x5a,0xa9,0x5a,0x89,0x52,0x89,0x52,0x88,0x52,0x68,0x52,0x68,0x52,0x48,
    0x52,0x48,0x4a,0x48,0x4a,0x27,0x4a,0x27,0x4a,0x27,0x4a,0x07,0x42,0x07,0x42,0xe7,
    0x41,0xe6,0x41,0xe6,0x39,0xc6,0x39,0xc6,0x39,0xa6,0x39,0xa5,0x31,0x85,0x31,0x85,
    0x31,0x65,0x31,0x44,0x29,0x44,0x29,0x24,0x29,0x24,0x21,0x03,0x21,0xe3,0x20,0xe3,
    0x18,0xc2,0x18,0xa2,0x18,0xa2,0x10,0x82,0x10,0x81,0x10,0x61,0x10,0x61,0x08,0x41,
    0x08,0x41,0x08,0x20,0x00,0x20,0x00,0x20,0x00,0x20,0x00,0x00,0x00,0x11,0x00,0x00,
    0xff,0x20,0x00,0x20,0x00,0x20,0x00,0x20,0x08,0x41,0x08,0x41,0x08,0x61,0x08,0x61,
    0x08,0x81,0x10,0x82,0x10,0xa2,0x10,0xc2,0x18,0xc2,0x18,0xe3,0x18,0xe3,0x20,0x03,
    0x21,0x24,0x21,0x24,0x29,0x44,0x29,0x64,0x29,0x65,0x31,0x65,0x31,0x85,0x31,0xa5,
    0x31,0xa6,0x39,0xc6,0x39,0xc6,0x39,0xe6,0x39,0xe6,0x41,0xe7,0x41,0x07,0x42,0x07,
    0x42,0x27,0x4a,0x27,0x4a,0x27,0x4a,0x48,0x4a,0x48,0x4a,0x48,0x4a,0x68,0x52,0x68,
    0x52,0x68,0x52,0x88,0x52,0x89,0x52,0x89,0x5a,0xa9,0x5a,0xa9,0x5a,0xa9,0x5a,0xc9,
    0x5a,0xca,0x5a,0xea,0x62,0xea,0x62,0x0a,0x63,0x2b,0x6b,0x2b,0x6b,0x6c,0x73,0xad,
    0x7b,0x0f,0x8c,0x70,0x94,0xb1,0x9c,0xf2,0xa4,0x53,0xad,0x95,0xb5,0xb5,0xbd,0x17,
    0xc6,0x37,0xce,0x58,0xce,0x78,0xd6,0x79,0xd6,0x78,0xd6,0x78,0xd6,0x99,0xd6,0x99,
    0xd6,0x99,0xd6,0x99,0xd6,0x99,0xd6,0x78,0xd6,0x78,0xd6,0x78,0xd6,0x78,0xd6,0x79,
    0xd6,0x78,0xd6,0x78,0xd6,0x78,0xd6,0x99,0xd6,0x99,0xd6,0x99,0xd6,0x99,0xd6,0x99,
    0xd6,0x99,0xd6,0x79,0xd6,0x99,0xd6,0x99,0xd6,0x78,0xd6,0x78,0xd6,0x78,0xd6,0x78,
    0xd6,0x99,0xd6,0x99,0xd6,0x99,0xd6,0x78,0xd6,0x99,0xd6,0x99,0xd6,0x99,0xd6,0x99,
    0xd6,0x99,0xd6,0x99,0xd6,0x99,0xd6,0x78,0xd6,0x99,0xd6,0xb9,0xde,0x99,0xd6,0x99,
    0xd6,0x99,0xd6,0x99,0xd6,0x99,0xd6,0x79,0xd6,0x99,0xd6,0x99,0xd6,0x99,0xd6,0xb9,
    0xde,0x99,0xd6,0xb9,0xde,0xb9,0xde,0x99,0xd6,0xb9,0xde,0x99,0xd6,0x79,0xd6,0xff,
    0x99,0xd6,0x99,0xd6,0xb9,0xd6,0x99,0xd6,0x99,0xde,0x99,0xd6,0x99,0xd6,0x99,0xd6,
    0x99,0xd6,0xb9,0xde,0xb9,0xde,0xb9,0xde,0xb9,0xde,0xb9,0xde,0xb9,0xde,0xda,0xde,
    0xda,0xde,0xda,0xde,0xda,0xde,0xda,0xde,0xfa,0xe6,0xfa,0xe6,0xfa,0xe6,0xfa,0xe6,
    0xda,0xde,0xda,0xde,0xb9,0xde,0xb9,0xde,0xda,0xde,0xda,0xde,0xda,0xde,0xfa,0xe6,
    0xfa,0xe6,0xda,0xde,0xda,0xde,0xda,0xde,0xfa,0xe6,0xfa,0xe6,0xda,0xde,0xda,0xde,
    0xb9,0xde,0xda,0xde,0xda,0xde,0xda,0xde,0xb9,0xde,0xb9,0xde,0xda,0xde,0xda,0xde,
    0xda,0xde,0xb9,0xde,0xb9,0xde,0xda,0xde,0xda,0xde,0xda,0xde,0xda,0xe6,0xda,0xde,
    0xfa,0xe6,0xfa,0xe6,0xfa,0xe6,0xfb,0xe6,0xfb,0xe6,0xfb,0xe6,0xfb,0xe6,0xfb,0xe6,
    0xfa,0xe6,0x1b,0xe7,0x1b,0xe7,0x1b,0xe7,0x1b,0xe7,0x1b,0xe7,0x1b,0xe7,0x1b,0xe7,
    0x1b,0xe7,0x1b,0xe7,0x3b,0xef,0x3b,0xef,0x3c,0xef,0x3b,0xef,0x1b,0xe7,0x1b,0xe7,
    0x3b,0xef,0x3b,0xef,0x3c,0xef,0x5c,0xef,0x5c,0xef,0x3c,0xef,0x3c,0xef,0x5c,0xef,
    0x3c,0xef,0x3c,0xef,0x5c,0xef,0x5c,0xef,0x5c,0xef,0x5c,0xef,0x3c,0xef,0x5c,0xef,
    0x5c,0xef,0x3b,0xef,0x1b,0xe7,0x1b,0xe7,0x3b,0xef,0x3b,0xef,0x3b,0xef,0x3b,0xef,
    0x3b,0xef,0x3b,0xef,0x3b,0xef,0x3b,0xef,0x3b,0xef,0x3c,0xef,0x3c,0xef,0x3c,0xef,
    0x5c,0xef,0x5c,0xef,0x5c,0xef,0x5c,0xef,0x3b,0xef,0x3b,0xe7,0xfa,0xe6,0x99,0xd6,
    0x58,0xce,0x17,0xc6,0xb5,0xbd,0x95,0xb5,0x53,0xad,0xf2,0xa4,0x91,0x9c,0xb1,0x2f,
    0x8c,0xce,0x83,0x8c,0x73,0x4b,0x6b,0x2b,0x6b,0x0a,0x63,0xea,0x62,0xca,0x62,0xca,
    0x5a,0xc9,0x5a,0xa9,0x5a,0xa9,0x5a,0x89,0x52,0x89,0x52,0x68,0x52,0x68,0x52,0x68,
    0x52,0x48,0x4a,0x48,0x4a,0x27,0x4a,0x27,0x4a,0x07,0x42,0x07,0x42,0xe7,0x41,0xe6,
    0x41,0xc6,0x39,0xc6,0x39,0xa5,0x39,0x85,0x31,0x85,0x31,0x65,0x31,0x44,0x29,0x44,
    0x29,0x24,0x21,0x03,0x21,0xe3,0x20,0xc3,0x18,0xc2,0x18,0xa2,0x18,0xa2,0x10,0x82,
    0x10,0x61,0x10,0x61,0x08,0x41,0x08,0x41,0x08,0x40,0x08,0x20,0x00,0x20,0x00,0x00,
    0x00,0x11,0x00,0x00,0xc1,0x20,0x00,0x20,0x00,0x20,0x00,0x40,0x08,0x41,0x08,0x61,
    0x08,0x61,0x08,0x81,0x10,0x82,0x10,0xa2,0x18,0xc2,0x18,0xe3,0x18,0xe3,0x20,0x03,
    0x21,0x24,0x21,0x24,0x29,0x44,0x29,0x65,0x31,0x85,0x31,0x85,0x31,0xa5,0x39,0xa6,
    0x39,0xc6,0x39,0xe6,0x39,0xe7,0x41,0x07,0x42,0x07,0x42,0x27,0x4a,0x27,0x4a,0x48,
    0x4a,0x48,0x4a,0x68,0x52,0x68,0x52,0x68,0x52,0x89,0x52,0x89,0x52,0xa9,0x5a,0xa9,
    0x5a,0xa9,0x5a,0xc9,0x5a,0xc9,0x5a,0xca,0x62,0xea,0x62,0x0a,0x63,0x0a,0x6b,0x0b,
    0x6b,0x4b,0x6b,0x8c,0x73,0xce,0x83,0x2f,0x8c,0x70,0x94,0xd2,0xa4,0x12,0xa5,0x13,
    0xad,0x95,0xbd,0x16,0xc6,0x78,0xd6,0xda,0xde,0xfb,0xe6,0x1b,0xe7,0x3c,0xef,0x5c,
    0xef,0x5c,0xef,0x7d,0xf7,0x9d,0xf7,0x7f,0x9d,0xf7,0x38,0x9d,0xf7,0xff,0x7d,0xf7,
    0x5c,0xef,0x5c,0xef,0x3c,0xef,0x1b,0xe7,0xda,0xde,0x99,0xd6,0x37,0xce,0xb5,0xbd,
    0x53,0xad,0x12,0xa5,0xb1,0x9c,0x70,0x94,0x4f,0x8c,0xce,0x83,0x4c,0x73,0x2b,0x6b,
    0x0a,0x63,0xea,0x62,0xea,0x62,0xca,0x5a,0xc9,0x5a,0xa9,0x5a,0xa9,0x5a,0x89,0x52,
    0x88,0x52,0x68,0x52,0x68,0x52,0x48,0x4a,0x48,0x4a,0x27,0x4a,0x07,0x42,0x07,0x42,
    0xe6,0x41,0xc6,0x39,0xa6,0x39,0xa5,0x39,0x85,0x31,0x65,0x31,0x44,0x29,0x24,0x29,
    0x24,0x21,0x03,0x21,0xe3,0x18,0xc2,0x18,0xa2,0x18,0xa2,0x10,0x81,0x10,0x61,0x08,
    0x61,0x08,0x41,0x08,0x41,0x08,0x20,0x08,0x20,0x00,0x20,0x00,0x00,0x00,0x00,0x00,
    0x00,0x00,0x00,0x00,0x00,0x00,0x00,0x00,0x00,0x00,0x00,0x00,0x00,0x00,0x00,0x00,
    0x00,0x00,0x00,0x00,0x00,0x00,0x00,0x00,0x00,0x00,0x00,0x00,0x20,0x00,0x20,0x00,
    0x20,0x00,0x40,0x08,0x41,0x08,0x61,0x08,0x61,0x08,0x81,0x10,0x82,0x10,0xa2,0x18,
    0xc2,0x18,0xe3,0x18,0x03,0x21,0x23,0x21,0x24,0x29,0x44,0x29,0x65,0x31,0x85,0x31,
    0xa5,0x31,0xa6,0x39,0xc6,0x39,0xe6,0x41,0xe6,0x41,0x07,0x42,0x27,0x4a,0x47,0x4a,
    0x48,0x4a,0x68,0x52,0x68,0x52,0x88,0x52,0x89,0x52,0xa9,0x5a,0xa9,0x5a,0xa9,0x5a,
    0xc9,0x5a,0xca,0x5a,0xea,0x62,0xea,0x62,0xea,0x62,0x2b,0x6b,0x4b,0x6b,0x6c,0x73,
    0xce,0x83,0x50,0x94,0xf2,0xa4,0x33,0xad,0x33,0xad,0x95,0xb5,0xf6,0xc5,0x58,0xce,
    0x99,0xd6,0xba,0xde,0xfb,0xe6,0x1b,0xe7,0x1b,0xe7,0x5c,0xef,0x84,0x5c,0xef,0x7d,
    0xf7,0x7d,0xf7,0x9d,0xf7,0x7f,0x9d,0xf7,0x44,0x9d,0xf7,0xfd,0x7d,0xf7,0x7c,0xf7,
    0x5c,0xef,0x3b,0xef,0x1b,0xe7,0xda,0xde,0xb9,0xde,0x99,0xd6,0x37,0xce,0xb5,0xbd,
    0x54,0xad,0xf2,0xa4,0x4f,0x8c,0xee,0x83,0x8c,0x73,0x4b,0x73,0x2b,0x6b,0xea,0x62,
    0xea,0x62,0xca,0x62,0xc9,0x5a,0xa9,0x5a,0xa9,0x5a,0x89,0x52,0x68,0x52,0x68,0x52,
    0x48,0x4a,0x27,0x4a,0x07,0x42,0xe7,0x41,0xe6,0x39,0xc6,0x39,0xa5,0x39,0x85,0x31,
    0x65,0x31,0x44,0x29,0x24,0x21,0x03,0x21,0xe3,0x20,0xc2,0x18,0xc2,0x18,0xa2,0x10,
    0x81,0x10,0x61,0x08,0x61,0x08,0x41,0x08,0x40,0x08,0x20,0x08,0x20,0x00,0x20,0x00,
    0x00,0x00,0x00,0x00,0x00,0x00,0x00,0x00,0x00,0x00,0x00,0x00,0x00,0x00,0x00,0x00,
    0x00,0x00,0x00,0x00,0x00,0x00,0x00,0x00,0x00,0x00,0x00,0x00,0x00,0x00,0x20,0x00,
    0x20,0x00,0x40,0x08,0x41,0x08,0x61,0x08,0x61,0x10,0x81,0x10,0x82,0x10,0xa2,0x18,
    0xc2,0x18,0xe3,0x18,0x03,0x21,0x24,0x21,0x44,0x29,0x44,0x29,0x65,0x31,0x85,0x31,
    0xc6,0x39,0xc6,0x39,0xe6,0x41,0x07,0x42,0x27,0x4a,0x27,0x4a,0x48,0x4a,0x68,0x52,
    0x88,0x52,0x89,0x52,0xa9,0x5a,0xa9,0x5a,0xc9,0x5a,0xea,0x62,0xea,0x62,0x0a,0x63,
    0x2b,0x6b,0x6c,0x73,0xad,0x7b,0x2f,0x8c,0x91,0x9c,0xd1,0x9c,0x74,0xb5,0xd6,0xbd,
    0x17,0xce,0x99,0xd6,0xda,0xde,0x1b,0xe7,0x1b,0xe7,0x1b,0xe7,0x3b,0xef,0x5c,0xef,
    0x5c,0xef,0x7c,0xef,0x7c,0xf7,0x7c,0xf7,0x7c,0xf7,0x7c,0xf7,0x7c,0xf7,0x7c,0xf7,
    0x7c,0xf7,0x7c,0xf7,0x7d,0xf7,0x7f,0x7d,0xf7,0x49,0x7d,0xf7,0xe7,0x7c,0xf7,0x7c,
    0xf7,0x7c,0xf7,0x5c,0xef,0x3c,0xef,0x3b,0xef,0xfb,0xe6,0xb9,0xde,0x78,0xd6,0x37,
    0xce,0xf6,0xc5,0x74,0xb5,0xb1,0x9c,0x0e,0x84,0x8c,0x7b,0x4b,0x6b,0x0b,0x6b,0xea,
    0x62,0xea,0x62,0xc9,0x5a,0xa9,0x5a,0x89,0x52,0x68,0x52,0x48,0x4a,0x27,0x4a,0x07,
    0x42,0x07,0x42,0xe6,0x41,0xc6,0x39,0x85,0x31,0x65,0x31,0x44,0x29,0x24,0x29,0x03,
    0x21,0xe3,0x20,0xc2,0x18,0xa2,0x18,0xa2,0x10,0x81,0x10,0x61,0x08,0x61,0x08,0x41,
    0x08,0x40,0x08,0x20,0x00,0x20,0x00,0x00,0x00,0x00,0x00,0x00,0x00,0x00,0x00,0x00,
    0x00,0x00,0x00,0x00,0x00,0x00,0x00,0x00,0x00,0x00,0x00,0x00,0x00,0x00,0x00,0x00,
    0x00,0x00,0x00,0x20,0x00,0x20,0x00,0x20,0x08,0x41,0x08,0x41,0x08,0x61,0x08,0x81,
    0x10,0x82,0x10,0xa2,0x10,0xc2,0x18,0xe3,0x20,0x03,0x21,0x24,0x29,0x44,0x29,0x65,
    0x31,0x85,0x31,0xa5,0x39,0xc6,0x39,0xe6,0x41,0x07,0x42,0x27,0x4a,0x48,0x4a,0x68,
    0x52,0x68,0x52,0x89,0x52,0xa9,0x5a,0xc9,0x5a,0xea,0x62,0xea,0x62,0x0a,0x63,0x4b,
    0x6b,0x8d,0x7b,0xee,0x83,0xb1,0x9c,0x95,0xbd,0x37,0xce,0x99,0xd6,0xda,0xde,0xfa,
    0xe6,0xfa,0xe6,0x3b,0xef,0x3b,0xef,0x3b,0xef,0x5c,0xef,0x7f,0x5c,0xef,0x63,0x5c,
    0xef,0xd7,0x3c,0xef,0x3b,0xef,0x3b,0xef,0xfa,0xe6,0x99,0xde,0x57,0xce,0xb5,0xbd,
    0x54,0xad,0xd1,0x9c,0x0f,0x8c,0xcd,0x7b,0x4b,0x6b,0xea,0x62,0xa9,0x5a,0x89,0x52,
    0x68,0x52,0x48,0x52,0x48,0x4a,0x07,0x42,0xe6,0x41,0xc6,0x39,0xa5,0x31,0x65,0x31,
    0x44,0x29,0x24,0x29,0x03,0x21,0xe3,0x20,0xc2,0x18,0xa2,0x10,0x82,0x10,0x81,0x10,
    0x61,0x08,0x41,0x08,0x41,0x08,0x20,0x08,0x20,0x00,0x00,0x00,0x00,0x00,0x00,0x00,
    0x00,0x00,0x00,0x00,0x00,0x00,0x00,0x00,0x00,0x00,0x00,0x00,0x00,0x00,0x00,0x00,
    0x00,0x00,0x00,0x00,0x00,0x00,0x20,0x00,0x20,0x00,0x40,0x08,0x41,0x08,0x61,0x08,
    0x81,0x10,0x82,0x10,0xa2,0x10,0xc2,0x18,0xe3,0x18,0x03,0x21,0x24,0x29,0x44,0x29,
    0x65,0x31,0x85,0x31,0xa6,0x39,0xc6,0x39,0x07,0x42,0x27,0x4a,0x48,0x4a,0x68,0x52,
    0x88,0x52,0xa9,0x5a,0xa9,0x5a,0xca,0x62,0xea,0x62,0x0b,0x6b,0x4b,0x6b,0x8c,0x73,
    0x0e,0x84,0x12,0xa5,0x37,0xce,0xb9,0xde,0xfa,0xe6,0x1a,0xe7,0x1a,0xef,0x1a,0xe7,
    0x18,0x1a,0xe7,0x8b,0x1a,0xef,0x1a,0xe7,0x1a,0xef,0x1a,0xef,0x1a,0xe7,0x1a,0xef,
    0x1a,0xef,0x1a,0xef,0x1a,0xef,0x1a,0xe7,0x1a,0xef,0x39,0x1a,0xef,0x9f,0x1b,0xef,
    0x1b,0xef,0x1a,0xef,0x1a,0xef,0x1a,0xef,0x1a,0xef,0x1a,0xef,0x1a,0xef,0x1b,0xef,
    0x1a,0xef,0x1a,0xef,0x1a,0xef,0x1b,0xef,0x1b,0xef,0x1a,0xef,0x1b,0xef,0x1b,0xef,
    0x1b,0xef,0x1b,0xef,0x1a,0xef,0x1a,0xef,0x1a,0xef,0x1a,0xef,0x1b,0xef,0x1b,0xef,
    0x1b,0xef,0x1b,0xef,0x1b,0xef,0x1b,0xef,0x1a,0xef,0x1b,0xef,0x3a,0x1b,0xef,0xa0,
    0x3b,0xef,0x1b,0xef,0x1b,0xef,0x1b,0xef,0x1b,0xef,0x1b,0xef,0x1b,0xef,0x3b,0xef,
    0x1b,0xef,0x1b,0xef,0x1b,0xef,0x1b,0xef,0x1b,0xef,0x3b,0xef,0x1b,0xef,0x1b,0xef,
    0x3b,0xef,0x3b,0xef,0x1b,0xef,0x3b,0xef,0x1b,0xef,0x1b,0xef,0x3b,0xef,0x1b,0xef,
    0x3b,0xef,0x3b,0xef,0x1b,0xef,0x3b,0xef,0x3b,0xef,0x1b,0xef,0x1b,0xef,0x3b,0xef,
    0x19,0x3b,0xef,0xcd,0x1b,0xef,0x1b,0xef,0x1b,0xe7,0xfa,0xe6,0xb9,0xde,0x78,0xd6,
    0xf6,0xc5,0x53,0xad,0x90,0x94,0x8d,0x73,0x0a,0x63,0xa9,0x5a,0x68,0x52,0x48,0x4a,
    0x27,0x4a,0xe7,0x41,0xc6,0x39,0xa5,0x39,0x65,0x31,0x44,0x29,0x24,0x29,0x03,0x21,
    0xe3,0x18,0xc2,0x18,0xa2,0x10,0x82,0x10,0x61,0x08,0x61,0x08,0x41,0x08,0x40,0x08,
    0x20,0x00,0x20,0x00,0x00,0x00,0x00,0x00,0x00,0x00,0x00,0x00,0x00,0x00,0x00,0x00,
    0x00,0x00,0x00,0x00,0x00,0x00,0x00,0x00,0x00,0x00,0x00,0x00,0x20,0x00,0x20,0x00,
    0x20,0x08,0x41,0x08,0x61,0x08,0x61,0x10,0x82,0x10,0xa2,0x10,0xa2,0x18,0xc3,0x18,
    0x03,0x21,0x24,0x21,0x44,0x29,0x65,0x31,0xa5,0x31,0xc6,0x39,0xe6,0x41,0x07,0x42,
    0x48,0x4a,0x88,0x52,0xa9,0x5a,0xea,0x62,0x0a,0x6b,0x2b,0x6b,0x8c,0x73,0xcd,0x83,
    0x4f,0x94,0xf1,0xa4,0x73,0xbd,0xf5,0xcd,0x77,0xd6,0x98,0xde,0xb8,0xde,0x48,0xb8,
    0xde,0x96,0xb9,0xde,0xb9,0xde,0xb9,0xde,0xb9,0xde,0xb9,0xde,0xd9,0xde,0xd9,0xde,
    0xd9,0xde,0xb9,0xde,0xb9,0xde,0xb9,0xde,0xd9,0xde,0xd9,0xde,0xd9,0xde,0xd9,0xde,
    0xd9,0xde,0xd9,0xde,0xd9,0xde,0xd9,0xde,0xd9,0xde,0xb9,0xde,0xd9,0xde,0x41,0xd9,
    0xde,0x5b,0xd9,0xe6,0xdb,0xb9,0xde,0x98,0xde,0x16,0xce,0x95,0xbd,0xf2,0xa4,0x4f,
    0x8c,0x6c,0x73,0xc9,0x5a,0x48,0x4a,0x07,0x42,0xc6,0x39,0xa5,0x39,0x85,0x31,0x44,
    0x29,0x24,0x29,0x03,0x21,0xe3,0x18,0xc2,0x18,0xa2,0x10,0x81,0x10,0x61,0x08,0x41,
    0x08,0x41,0x08,0x20,0x00,0x20,0x00,0x00,0x00,0x00,0x00,0x00,0x00,0x00,0x00,0x00,
    0x00,0x00,0x00,0x00,0x00,0x00,0x00,0x00,0x00,0x00,0x00,0x00,0x00,0x00,0x00,0x20,
    0x00,0x20,0x00,0x40,0x08,0x41,0x08,0x61,0x08,0x81,0x10,0xa2,0x10,0xc2,0x18,0xc3,
    0x18,0xe3,0x20,0x24,0x21,0x44,0x29,0x85,0x31,0xa5,0x39,0xc6,0x39,0x07,0x42,0x68,
    0x52,0x0b,0x6b,0xee,0x83,0x4f,0x94,0x90,0x9c,0x11,0xad,0x73,0xb5,0x93,0xbd,0xd4,
    0xc5,0xd4,0xc5,0xf5,0xcd,0xf5,0xcd,0xf5,0xcd,0x15,0xce,0x15,0xce,0x15,0xce,0x15,
    0xce,0x15,0xce,0x15,0xce,0x15,0xce,0x15,0xce,0x15,0xce,0x15,0xce,0x15,0xce,0x15,
    0xce,0x15,0xce,0x15,0xce,0x15,0xce,0x15,0xce,0x35,0xce,0x35,0xce,0x15,0xce,0x36,
    0xce,0x36,0xce,0x36,0xce,0x35,0xce,0x35,0xce,0x15,0xce,0x22,0x15,0xce,0xa3,0x35,
    0xce,0x35,0xce,0x35,0xce,0x35,0xce,0x35,0xce,0x36,0xce,0x36,0xce,0x35,0xce,0x36,
    0xce,0x36,0xce,0x36,0xce,0x36,0xce,0x36,0xce,0x36,0xce,0x36,0xd6,0x36,0xce,0x36,
    0xd6,0x36,0xd6,0x36,0xd6,0x36,0xd6,0x36,0xd6,0x36,0xd6,0x36,0xd6,0x36,0xd6,0x36,
    0xd6,0x36,0xd6,0x36,0xd6,0x36,0xd6,0x36,0xd6,0x36,0xd6,0x36,0xd6,0x56,0xd6,0x36,
    0xd6,0x36,0xd6,0x56,0xd6,0x1b,0x56,0xd6,0x88,0x57,0xd6,0x57,0xd6,0x57,0xd6,0x57,
    0xd6,0x57,0xd6,0x57,0xd6,0x57,0xd6,0x56,0xd6,0x1d,0x56,0xd6,0x98,0x57,0xd6,0x57,
    0xd6,0x56,0xd6,0x57,0xd6,0x56,0xd6,0x56,0xd6,0x57,0xd6,0x57,0xd6,0x57,0xd6,0x57,
    0xd6,0x56,0xd6,0x57,0xd6,0x57,0xd6,0x56,0xd6,0x57,0xd6,0x77,0xd6,0x57,0xd6,0x57,
    0xd6,0x57,0xd6,0x77,0xd6,0x77,0xd6,0x57,0xd6,0x57,0xd6,0x77,0xd6,0x4d,0x77,0xd6,
    0xb4,0x57,0xd6,0x16,0xce,0x12,0xad,0xad,0x7b,0x89,0x52,0x07,0x42,0xc6,0x39,0xa5,
    0x39,0x85,0x31,0x44,0x29,0x24,0x21,0x03,0x21,0xc3,0x18,0xa2,0x18,0x82,0x10,0x81,
    0x10,0x61,0x08,0x41,0x08,0x40,0x08,0x20,0x00,0x20,0x00,0x00,0x00,0x00,0x00,0x00,
    0x00,0x00,0x00,0x00,0x00,0x00,0x00,0x00,0x00,0x00,0x00,0x00,0x00,0x00,0x00,0x00,
    0x00,0x20,0x00,0x20,0x08,0x41,0x08,0x61,0x08,0x81,0x10,0x82,0x10,0xa2,0x18,0xc3,
    0x18,0xe3,0x20,0x03,0x21,0x44,0x29,0x65,0x31,0xa5,0x39,0xc6,0x39,0x07,0x42,0xc9,
    0x5a,0x4f,0x94,0x52,0xb5,0xf5,0xcd,0x15,0xce,0x7f,0x15,0xce,0x8c,0x15,0xce,0x15,
    0xce,0x15,0xce,0x35,0xce,0x35,0xce,0x35,0xce,0x35,0xce,0x35,0xce,0x35,0xce,0x35,
    0xce,0x35,0xce,0x15,0xce,0x38,0x15,0xce,0xa2,0x35,0xce,0x35,0xce,0x35,0xce,0x35,
    0xce,0x35,0xce,0x35,0xce,0x35,0xce,0x35,0xce,0x35,0xce,0x35,0xce,0x35,0xce,0x35,
    0xce,0x35,0xce,0x15,0xce,0x15,0xce,0x35,0xce,0x35,0xce,0x35,0xce,0x35,0xce,0x35,
    0xce,0x35,0xce,0x35,0xce,0x35,0xce,0x35,0xce,0x35,0xce,0x35,0xce,0x35,0xce,0x35,
    0xce,0x35,0xce,0x35,0xce,0x35,0xce,0x35,0xce,0x35,0xd6,0x35,0xce,0x19,0x35,0xce,
    0xc1,0x35,0xd6,0x35,0xd6,0x35,0xd6,0x36,0xd6,0x36,0xd6,0x35,0xce,0x36,0xd6,0x36,
    0xd6,0x36,0xd6,0x36,0xd6,0x36,0xd6,0x36,0xd6,0x36,0xd6,0x36,0xd6,0x36,0xce,0x36,
    0xd6,0x15,0xce,0x93,0xbd,0x0e,0x8c,0xa9,0x5a,0x07,0x42,0xc6,0x39,0xa6,0x39,0x65,
    0x31,0x44,0x29,0x03,0x21,0xe3,0x20,0xc2,0x18,0xa2,0x10,0x82,0x10,0x61,0x10,0x61,
    0x08,0x41,0x08,0x20,0x00,0x20,0x00,0x00,0x00,0x00,0x00,0x00,0x00,0x00,0x00,0x00,
    0x00,0x00,0x00,0x00,0x00,0x00,0x00,0x00,0x00,0x00,0x00,0x20,0x00,0x20,0x00,0x40,
    0x08,0x41,0x08,0x61,0x08,0x82,0x10,0xa2,0x10,0xc2,0x18,0xe3,0x18,0x03,0x21,0x24,
    0x29,0x65,0x31,0x85,0x31,0xc6,0x39,0x07,0x42,0x89,0x52,0x90,0x9c,0xf4,0xc5,0x15,
    0xce,0x35,0xce,0x7f,0x35,0xce,0x7f,0x35,0xce,0x12,0x35,0xce,0xae,0x15,0xce,0x93,
    0xbd,0xcd,0x83,0x68,0x52,0x07,0x42,0xc6,0x39,0xa5,0x31,0x65,0x31,0x24,0x29,0x03,
    0x21,0xe3,0x18,0xc2,0x18,0xa2,0x10,0x82,0x10,0x61,0x08,0x41,0x08,0x40,0x08,0x20,
    0x00,0x00,0x00,0x00,0x00,0x00,0x00,0x00,0x00,0x00,0x00,0x00,0x00,0x00,0x00,0x00,
    0x00,0x00,0x00,0x00,0x00,0x20,0x00,0x20,0x00,0x40,0x08,0x61,0x08,0x81,0x10,0xa2,
    0x10,0xc2,0x18,0xc3,0x18,0x03,0x21,0x24,0x21,0x44,0x29,0x85,0x31,0xc6,0x39,0xe7,
    0x41,0x27,0x4a,0xed,0x83,0xd4,0xc5,0x35,0xce,0x7f,0x35,0xce,0x7f,0x35,0xce,0x15,
    0x35,0xce,0xac,0x15,0xce,0x12,0xad,0xea,0x62,0x27,0x4a,0xe7,0x41,0xc6,0x39,0x85,
    0x31,0x44,0x29,0x24,0x21,0xe3,0x20,0xc2,0x18,0xa2,0x18,0x82,0x10,0x61,0x08,0x41,
    0x08,0x40,0x08,0x20,0x00,0x20,0x00,0x00,0x00,0x00,0x00,0x00,0x00,0x00,0x00,0x00,
    0x00,0x00,0x00,0x00,0x00,0x00,0x00,0x20,0x00,0x20,0x00,0x20,0x00,0x41,0x08,0x61,
    0x08,0x81,0x10,0xa2,0x10,0xc2,0x18,0xe3,0x18,0x03,0x21,0x24,0x29,0x65,0x29,0xa5,
    0x39,0xe6,0x41,0x27,0x4a,0xa9,0x5a,0x32,0xad,0x15,0xce,0x7f,0x15,0xce,0x23,0x15,
    0xce,0x82,0x35,0xce,0x15,0xce,0x71,0x15,0xce,0xab,0xf4,0xc5,0x8c,0x73,0x68,0x52,
    0x27,0x42,0xe6,0x41,0xa5,0x31,0x64,0x31,0x24,0x29,0x03,0x21,0xe3,0x18,0xc2,0x18,
    0xa2,0x10,0x81,0x10,0x61,0x08,0x41,0x08,0x20,0x00,0x20,0x00,0x00,0x00,0x00,0x00,
    0x00,0x00,0x00,0x00,0x00,0x00,0x00,0x00,0x00,0x00,0x00,0x00,0x20,0x00,0x20,0x00,
    0x20,0x08,0x41,0x08,0x61,0x08,0x82,0x10,0xa2,0x18,0xc3,0x18,0xe3,0x20,0x24,0x29,
    0x44,0x29,0x85,0x31,0xc6,0x39,0x07,0x42,0x48,0x4a,0x6c,0x73,0x93,0xbd,0x15,0xce,
    0x7f,0x15,0xce,0x7f,0x15,0xce,0x18,0x15,0xce,0xaa,0x6f,0x94,0x89,0x5a,0x47,0x4a,
    0xe7,0x41,0xa6,0x39,0x85,0x31,0x44,0x29,0x24,0x21,0xe3,0x20,0xc2,0x18,0xa2,0x10,
    0x81,0x10,0x61,0x08,0x41,0x08,0x20,0x08,0x20,0x00,0x00,0x00,0x00,0x00,0x00,0x00,
    0x00,0x00,0x00,0x00,0x00,0x00,0x00,0x00,0x00,0x00,0x20,0x00,0x20,0x00,0x40,0x08,
    0x41,0x08,0x61,0x10,0x82,0x10,0xc2,0x18,0xe3,0x18,0x03,0x21,0x44,0x29,0x64,0x29,
    0xa5,0x31,0xc6,0x39,0x07,0x42,0x68,0x52,0x2f,0x94,0xb4,0xc5,0xf5,0xcd,0x7f,0xf5,
    0xcd,0x7f,0xf5,0xcd,0x18,0xf5,0xcd,0xaa,0x32,0xad,0xca,0x5a,0x48,0x4a,0x07,0x42,
    0xc6,0x39,0x85,0x31,0x44,0x29,0x24,0x21,0x03,0x21,0xc3,0x18,0xa2,0x18,0x82,0x10,
    0x61,0x08,0x41,0x08,0x40,0x08,0x20,0x00,0x00,0x00,0x00,0x00,0x00,0x00,0x00,0x00,
    0x00,0x00,0x00,0x00,0x00,0x00,0x00,0x00,0x20,0x00,0x20,0x00,0x40,0x08,0x61,0x08,
    0x81,0x10,0xa2,0x10,0xc2,0x18,0xe3,0x20,0x24,0x21,0x44,0x29,0x65,0x31,0xa6,0x39,
    0xe6,0x41,0x27,0x4a,0xa9,0x5a,0xb0,0xa4,0xb4,0xc5,0xd4,0xc5,0x7f,0xd4,0xc5,0x7f,
    0xd4,0xc5,0x18,0xd4,0xc5,0xff,0x73,0xbd,0x0a,0x6b,0x68,0x52,0x27,0x4a,0xe6,0x41,
    0xa5,0x39,0x65,0x31,0x24,0x29,0x03,0x21,0xe3,0x18,0xc2,0x18,0xa2,0x10,0x61,0x10,
    0x61,0x08,0x41,0x08,0x20,0x00,0x00,0x00,0x00,0x00,0x00,0x00,0x00,0x00,0x00,0x00,
    0x00,0x00,0x00,0x00,0x20,0x00,0x20,0x00,0x20,0x08,0x41,0x08,0x61,0x08,0x81,0x10,
    0xa2,0x18,0xc3,0x18,0x03,0x21,0x24,0x29,0x44,0x29,0x85,0x31,0xc6,0x39,0x07,0x42,
    0x48,0x4a,0x0a,0x6b,0xf1,0xa4,0x93,0xbd,0x93,0xbd,0x93,0xbd,0x93,0xbd,0x93,0xbd,
    0xb3,0xbd,0xb3,0xbd,0x93,0xbd,0x93,0xbd,0x93,0xbd,0xb3,0xbd,0x93,0xbd,0x93,0xbd,
    0x93,0xbd,0x93,0xbd,0xb3,0xbd,0x93,0xbd,0x93,0xbd,0x93,0xbd,0xb3,0xbd,0xb3,0xbd,
    0x93,0xbd,0x93,0xbd,0x93,0xbd,0xb3,0xbd,0x93,0xbd,0x93,0xbd,0x93,0xbd,0x93,0xbd,
    0xb3,0xbd,0xb3,0xbd,0xb3,0xbd,0x93,0xbd,0x93,0xbd,0x93,0xbd,0x93,0xbd,0xb3,0xbd,
    0xb3,0xbd,0xb3,0xbd,0xb3,0xbd,0x93,0xbd,0xb3,0xbd,0x93,0xbd,0xb3,0xbd,0xb3,0xbd,
    0xb3,0xbd,0xb4,0xbd,0xb4,0xbd,0xb3,0xbd,0xb3,0xbd,0xb3,0xbd,0xb3,0xbd,0xb3,0xbd,
    0xb3,0xc5,0xb3,0xc5,0xb3,0xc5,0xb3,0xbd,0xb3,0xbd,0xb3,0xbd,0xb3,0xc5,0xb3,0xbd,
    0xb3,0xbd,0xb3,0xc5,0xb3,0xc5,0xb3,0xbd,0xb3,0xc5,0xb3,0xbd,0xb3,0xbd,0xb3,0xc5,
    0xb3,0xc5,0xb3,0xbd,0xb3,0xbd,0xb3,0xc5,0xb3,0xbd,0xb3,0xc5,0xb3,0xbd,0xb3,0xc5,
    0xb4,0xc5,0xb3,0xc5,0xb3,0xc5,0xb3,0xc5,0xb3,0xc5,0xb3,0xc5,0xb3,0xc5,0xb3,0xc5,
    0xb3,0xc5,0xb3,0xc5,0x83,0xb3,0xc5,0xb3,0xbd,0xb3,0xc5,0x7f,0xb3,0xc5,0x3f,0xb3,
    0xc5,0xaa,0x93,0xbd,0x8c,0x7b,0x89,0x5a,0x48,0x4a,0x07,0x42,0xc6,0x39,0x85,0x31,
    0x44,0x29,0x24,0x21,0xe3,0x20,0xc2,0x18,0xa2,0x10,0x81,0x10,0x61,0x08,0x41,0x08,
    0x20,0x00,0x00,0x00,0x00,0x00,0x00,0x00,0x00,0x00,0x00,0x00,0x00,0x00,0x00,0x00,
    0x20,0x00,0x20,0x00,0x20,0x08,0x41,0x08,0x61,0x08,0x82,0x10,0xc2,0x18,0xe3,0x18,
    0x03,0x21,0x44,0x29,0x65,0x31,0xa5,0x39,0xe6,0x39,0x27,0x4a,0x68,0x52,0x6c,0x73,
    0x11,0xad,0x73,0xbd,0x93,0xbd,0x7f,0x93,0xbd,0x7f,0x93,0xbd,0x19,0x93,0xbd,0xa8,
    0x0e,0x8c,0xc9,0x5a,0x68,0x52,0x27,0x4a,0xc6,0x39,0x85,0x31,0x64,0x29,0x24,0x29,
    0x03,0x21,0xe3,0x18,0xa2,0x18,0x81,0x10,0x61,0x08,0x41,0x08,0x20,0x00,0x20,0x00,
    0x00,0x00,0x00,0x00,0x00,0x00,0x00,0x00,0x00,0x00,0x00,0x00,0x20,0x00,0x20,0x00,
    0x40,0x08,0x41,0x08,0x61,0x10,0xa2,0x10,0xc2,0x18,0xe3,0x20,0x24,0x21,0x44,0x29,
    0x85,0x31,0xa6,0x39,0xe7,0x41,0x48,0x4a,0x89,0x52,0xcd,0x7b,0x31,0xad,0x73,0xbd,
    0x7f,0x73,0xbd,0x7f,0x73,0xbd,0x1a,0x73,0xbd,0xff,0x8f,0x9c,0xca,0x62,0x89,0x52,
    0x27,0x4a,0xe6,0x41,0xa5,0x39,0x65,0x31,0x24,0x29,0x03,0x21,0xe3,0x18,0xa2,0x18,
    0x82,0x10,0x61,0x08,0x41,0x08,0x20,0x00,0x20,0x00,0x00,0x00,0x00,0x00,0x00,0x00,
    0x00,0x00,0x00,0x00,0x00,0x00,0x20,0x00,0x20,0x00,0x41,0x08,0x61,0x08,0x81,0x10,
    0xa2,0x10,0xc2,0x18,0x03,0x21,0x24,0x29,0x64,0x29,0x85,0x31,0xc6,0x39,0x07,0x42,
    0x48,0x4a,0xa9,0x5a,0xed,0x83,0x32,0xb5,0x73,0xbd,0x72,0xbd,0x72,0xbd,0x72,0xbd,
    0x73,0xbd,0x73,0xbd,0x73,0xbd,0x73,0xbd,0x73,0xbd,0x72,0xbd,0x73,0xbd,0x73,0xbd,
    0x73,0xbd,0x73,0xbd,0x73,0xbd,0x73,0xbd,0x73,0xbd,0x73,0xbd,0x73,0xbd,0x73,0xbd,
    0x73,0xbd,0x73,0xbd,0x73,0xbd,0x73,0xbd,0x73,0xbd,0x73,0xbd,0x73,0xbd,0x72,0xbd,
    0x73,0xbd,0x73,0xbd,0x73,0xbd,0x73,0xbd,0x73,0xbd,0x72,0xbd,0x73,0xbd,0x73,0xbd,
    0x73,0xbd,0x73,0xbd,0x72,0xbd,0x72,0xbd,0x72,0xbd,0x73,0xbd,0x72,0xbd,0x73,0xbd,
    0x73,0xbd,0x73,0xbd,0x73,0xbd,0x72,0xbd,0x73,0xbd,0x73,0xbd,0x72,0xbd,0x73,0xbd,
    0x73,0xbd,0x73,0xbd,0x73,0xbd,0x72,0xbd,0x73,0xbd,0x72,0xbd,0x72,0xbd,0x72,0xbd,
    0x73,0xbd,0x73,0xbd,0x73,0xbd,0x73,0xbd,0x72,0xbd,0x73,0xbd,0x72,0xbd,0x72,0xbd,
    0x73,0xbd,0x73,0xbd,0x73,0xbd,0x73,0xbd,0x72,0xbd,0x73,0xbd,0x72,0xbd,0x72,0xbd,
    0x73,0xbd,0x72,0xbd,0x72,0xbd,0x72,0xbd,0x72,0xbd,0x73,0xbd,0x72,0xbd,0x73,0xbd,
    0x73,0xbd,0x73,0xbd,0x73,0xbd,0x73,0xbd,0x95,0x72,0xbd,0x73,0xbd,0x73,0xbd,0x72,
    0xbd,0x73,0xbd,0x73,0xbd,0x73,0xbd,0x73,0xbd,0x73,0xbd,0x72,0xbd,0x73,0xbd,0x72,
    0xbd,0x72,0xbd,0x72,0xbd,0x72,0xbd,0x73,0xbd,0x72,0xbd,0x73,0xbd,0x73,0xbd,0x73,
    0xbd,0x72,0xbd,0x11,0x72,0xbd,0x96,0x73,0xbd,0x72,0xbd,0x73,0xbd,0x72,0xbd,0x73,
    0xbd,0x72,0xbd,0x72,0xbd,0x72,0xbd,0x72,0xbd,0x72,0xbd,0x72,0xbd,0x73,0xbd,0x72,
    0xbd,0x72,0xbd,0x72,0xbd,0x72,0xbd,0x72,0xbd,0x72,0xbd,0x72,0xbd,0x72,0xbd,0x73,
    0xbd,0x72,0xbd,0x7f,0x72,0xbd,0xff,0x72,0xbd,0x72,0xbd,0x72,0xbd,0x72,0xbd,0x72,
    0xbd,0x72,0xbd,0xf1,0xac,0x0a,0x63,0x89,0x5a,0x48,0x4a,0xe7,0x41,0xa6,0x39,0x85,
    0x31,0x44,0x29,0x04,0x21,0xe3,0x20,0xc2,0x18,0x82,0x10,0x61,0x10,0x41,0x08,0x40,
    0x08,0x20,0x00,0x00,0x00,0x00,0x00,0x00,0x00,0x00,0x00,0x00,0x00,0x00,0x00,0x20,
    0x00,0x20,0x00,0x41,0x08,0x61,0x08,0x81,0x10,0xa2,0x10,0xc3,0x18,0x03,0x21,0x24,
    0x29,0x65,0x31,0xa5,0x31,0xc6,0x39,0x27,0x42,0x68,0x52,0xca,0x5a,0x2e,0x8c,0x52,
    0xb5,0x72,0xbd,0x73,0xbd,0x73,0xbd,0x72,0xbd,0x73,0xbd,0x73,0xbd,0x72,0xbd,0x73,
    0xbd,0x73,0xbd,0x72,0xbd,0x72,0xbd,0x73,0xbd,0x72,0xbd,0x73,0xbd,0x72,0xbd,0x72,
    0xbd,0x73,0xbd,0x72,0xbd,0x72,0xbd,0x72,0xbd,0x72,0xbd,0x73,0xbd,0x73,0xbd,0x73,
    0xbd,0x73,0xbd,0x72,0xbd,0x73,0xbd,0x73,0xbd,0x72,0xbd,0x73,0xbd,0x73,0xbd,0x73,
    0xbd,0x73,0xbd,0x73,0xbd,0x73,0xbd,0x73,0xbd,0x73,0xbd,0x73,0xbd,0x73,0xbd,0x73,
    0xbd,0x73,0xbd,0x73,0xbd,0x72,0xbd,0x73,0xbd,0x72,0xbd,0x73,0xbd,0x73,0xbd,0x73,
    0xbd,0x73,0xbd,0x72,0xbd,0x72,0xbd,0x73,0xbd,0x73,0xbd,0x72,0xbd,0x73,0xbd,0x73,
    0xbd,0x73,0xbd,0x73,0xbd,0x72,0xbd,0x72,0xbd,0x73,0xbd,0x72,0xbd,0x73,0xbd,0x72,
    0xbd,0x72,0xbd,0x73,0xbd,0x72,0xbd,0x72,0xbd,0x72,0xbd,0x73,0xbd,0x73,0xbd,0x72,
    0xbd,0x73,0xbd,0x73,0xbd,0x72,0xbd,0x72,0xbd,0x73,0xbd,0x72,0xbd,0x72,0xbd,0x72,
    0xbd,0x72,0xbd,0x72,0xbd,0xc7,0x73,0xbd,0x72,0xbd,0x73,0xbd,0x72,0xbd,0x73,0xbd,
    0x72,0xbd,0x73,0xbd,0x73,0xbd,0x73,0xbd,0x73,0xbd,0x72,0xbd,0x73,0xbd,0x72,0xbd,
    0x72,0xbd,0x73,0xbd,0x72,0xbd,0x73,0xbd,0x73,0xbd,0x72,0xbd,0x72,0xbd,0x72,0xbd,
    0x72,0xbd,0x72,0xbd,0x73,0xbd,0x73,0xbd,0x72,0xbd,0x73,0xbd,0x72,0xbd,0x72,0xbd,
    0x72,0xbd,0x73,0xbd,0x73,0xbd,0x72,0xbd,0x72,0xbd,0x72,0xbd,0x72,0xbd,0x72,0xbd,
    0x73,0xbd,0x72,0xbd,0x72,0xbd,0x72,0xbd,0x72,0xbd,0x72,0xbd,0x72,0xbd,0x72,0xbd,
    0x72,0xbd,0x72,0xbd,0x72,0xbd,0x73,0xbd,0x72,0xbd,0x72,0xbd,0x72,0xbd,0x72,0xbd,
    0x73,0xbd,0x72,0xbd,0x73,0xbd,0x72,0xbd,0x73,0xbd,0x72,0xbd,0x72,0xbd,0x72,0xbd,
    0x72,0xbd,0x72,0xbd,0x72,0xbd,0x72,0xbd,0x72,0xbd,0x72,0xbd,0x72,0xbd,0x72,0xbd,
    0x73,0xbd,0x72,0xbd,0x7f,0x72,0xbd,0xff,0x72,0xbd,0x32,0xb5,0x2b,0x6b,0xa9,0x5a,
    0x48,0x52,0x07,0x42,0xc6,0x39,0x85,0x31,0x44,0x29,0x24,0x21,0x03,0x21,0xc2,0x18,
    0xa2,0x10,0x61,0x10,0x41,0x08,0x40,0x08,0x20,0x00,0x00,0x00,0x00,0x00,0x00,0x00,
    0x00,0x00,0x00,0x00,0x00,0x00,0x20,0x00,0x20,0x08,0x41,0x08,0x61,0x08,0x81,0x10,
    0xa2,0x18,0xe3,0x18,0x03,0x21,0x44,0x29,0x65,0x31,0xa6,0x39,0xe6,0x41,0x27,0x4a,
    0x88,0x52,0xea,0x62,0x4f,0x94,0x52,0xb5,0x73,0xbd,0x73,0xbd,0x72,0xbd,0x73,0xbd,
    0x72,0xbd,0x72,0xbd,0x72,0xbd,0x72,0xbd,0x73,0xbd,0x72,0xbd,0x72,0xbd,0x72,0xbd,
    0x73,0xbd,0x73,0xbd,0x73,0xbd,0x72,0xbd,0x73,0xbd,0x73,0xbd,0x73,0xbd,0x72,0xbd,
    0x73,0xbd,0x73,0xbd,0x73,0xbd,0x72,0xbd,0x73,0xbd,0x73,0xbd,0x73,0xbd,0x72,0xbd,
    0x72,0xbd,0x73,0xbd,0x72,0xbd,0x73,0xbd,0x73,0xbd,0x73,0xbd,0x72,0xbd,0x73,0xbd,
    0x73,0xbd,0x73,0xbd,0x72,0xbd,0x72,0xbd,0x73,0xbd,0x72,0xbd,0x72,0xbd,0x72,0xbd,
    0x73,0xbd,0x72,0xbd,0x73,0xbd,0x72,0xbd,0x73,0xbd,0x73,0xbd,0x72,0xbd,0x73,0xbd,
    0x73,0xbd,0x73,0xbd,0x72,0xbd,0x73,0xbd,0x72,0xbd,0x73,0xbd,0x73,0xbd,0x73,0xbd,
    0x72,0xbd,0x72,0xbd,0x73,0xbd,0x72,0xbd,0x72,0xbd,0x72,0xbd,0x72,0xbd,0x73,0xbd,
    0x73,0xbd,0x73,0xbd,0x73,0xbd,0x72,0xbd,0x72,0xbd,0x72,0xbd,0x73,0xbd,0x72,0xbd,
    0x72,0xbd,0x73,0xbd,0x73,0xbd,0x72,0xbd,0x72,0xbd,0x73,0xbd,0x72,0xbd,0x72,0xbd,
    0x72,0xbd,0x72,0xbd,0x72,0xbd,0xbf,0x73,0xbd,0x72,0xbd,0x72,0xbd,0x72,0xbd,0x72,
    0xbd,0x72,0xbd,0x73,0xbd,0x73,0xbd,0x73,0xbd,0x72,0xbd,0x72,0xbd,0x72,0xbd,0x72,
    0xbd,0x72,0xbd,0x72,0xbd,0x73,0xbd,0x72,0xbd,0x72,0xbd,0x72,0xbd,0x72,0xbd,0x72,
    0xbd,0x73,0xbd,0x72,0xbd,0x72,0xbd,0x72,0xbd,0x72,0xbd,0x73,0xbd,0x72,0xbd,0x72,
    0xbd,0x72,0xbd,0x72,0xbd,0x72,0xbd,0x73,0xbd,0x72,0xbd,0x72,0xbd,0x72,0xbd,0x72,
    0xbd,0x72,0xbd,0x72,0xbd,0x72,0xbd,0x72,0xbd,0x73,0xbd,0x72,0xbd,0x73,0xbd,0x72,
    0xbd,0x72,0xbd,0x72,0xbd,0x72,0xbd,0x72,0xbd,0x72,0xbd,0x72,0xbd,0x72,0xbd,0x72,
    0xbd,0x72,0xbd,0x72,0xbd,0x72,0xbd,0x72,0xbd,0x72,0xbd,0x72,0xbd,0x72,0xbd,0x72,
    0xbd,0x73,0xbd,0x72,0xbd,0x7f,0x72,0xbd,0xff,0x72,0xbd,0x72,0xbd,0x72,0xbd,0x72,
    0xbd,0x32,0xb5,0x4b,0x6b,0xc9,0x5a,0x68,0x52,0x07,0x42,0xc6,0x39,0x85,0x31,0x64,
    0x29,0x24,0x21,0x03,0x21,0xc2,0x18,0xa2,0x10,0x81,0x10,0x61,0x08,0x40,0x08,0x20,
    0x00,0x00,0x00,0x00,0x00,0x00,0x00,0x00,0x00,0x00,0x00,0x00,0x00,0x20,0x00,0x40,
    0x08,0x41,0x08,0x61,0x08,0x81,0x10,0xa2,0x18,0xe3,0x18,0x23,0x21,0x44,0x29,0x85,
    0x31,0xc6,0x39,0xe6,0x41,0x27,0x4a,0x89,0x52,0x0a,0x63,0x6f,0x94,0x52,0xb5,0x72,
    0xbd,0x72,0xbd,0x72,0xbd,0x73,0xbd,0x72,0xbd,0x72,0xbd,0x72,0xbd,0x72,0xbd,0x72,
    0xbd,0x73,0xbd,0x72,0xbd,0x72,0xbd,0x73,0xbd,0x73,0xbd,0x73,0xbd,0x72,0xbd,0x73,
    0xbd,0x73,0xbd,0x73,0xbd,0x73,0xbd,0x72,0xbd,0x73,0xbd,0x73,0xbd,0x72,0xbd,0x72,
    0xbd,0x72,0xbd,0x73,0xbd,0x73,0xbd,0x73,0xbd,0x73,0xbd,0x73,0xbd,0x72,0xbd,0x72,
    0xbd,0x72,0xbd,0x73,0xbd,0x73,0xbd,0x73,0xbd,0x73,0xbd,0x72,0xbd,0x73,0xbd,0x73,
    0xbd,0x73,0xbd,0x73,0xbd,0x73,0xbd,0x73,0xbd,0x73,0xbd,0x73,0xbd,0x72,0xbd,0x72,
    0xbd,0x73,0xbd,0x73,0xbd,0x73,0xbd,0x73,0xbd,0x73,0xbd,0x73,0xbd,0x72,0xbd,0x73,
    0xbd,0x72,0xbd,0x73,0xbd,0x73,0xbd,0x72,0xbd,0x72,0xbd,0x72,0xbd,0x73,0xbd,0x73,
    0xbd,0x73,0xbd,0x73,0xbd,0x72,0xbd,0x72,0xbd,0x72,0xbd,0x72,0xbd,0x73,0xbd,0x73,
    0xbd,0x72,0xbd,0x73,0xbd,0x72,0xbd,0x72,0xbd,0x72,0xbd,0x73,0xbd,0x73,0xbd,0x72,
    0xbd,0x72,0xbd,0x72,0xbd,0x72,0xbd,0xbf,0x72,0xbd,0x73,0xbd,0x73,0xbd,0x72,0xbd,
    0x73,0xbd,0x72,0xbd,0x73,0xbd,0x73,0xbd,0x73,0xbd,0x73,0xbd,0x72,0xbd,0x72,0xbd,
    0x72,0xbd,0x72,0xbd,0x72,0xbd,0x72,0xbd,0x72,0xbd,0x72,0xbd,0x72,0xbd,0x73,0xbd,
    0x72,0xbd,0x72,0xbd,0x72,0xbd,0x73,0xbd,0x72,0xbd,0x72,0xbd,0x73,0xbd,0x72,0xbd,
    0x72,0xbd,0x72,0xbd,0x73,0xbd,0x72,0xbd,0x73,0xbd,0x72,0xbd,0x72,0xbd,0x73,0xbd,
    0x72,0xbd,0x72,0xbd,0x72,0xbd,0x73,0xbd,0x72,0xbd,0x72,0xbd,0x72,0xbd,0x72,0xbd,
    0x72,0xbd,0x72,0xbd,0x73,0xbd,0x72,0xbd,0x72,0xbd,0x72,0xbd,0x72,0xbd,0x72,0xbd,
    0x72,0xbd,0x72,0xbd,0x72,0xbd,0x72,0xbd,0x72,0xbd,0x72,0xbd,0x72,0xbd,0x72,0xbd,
    0x72,0xbd,0x73,0xbd,0x72,0xbd,0x7f,0x72,0xbd,0xba,0x72,0xbd,0x72,0xbd,0x72,0xbd,
    0x72,0xbd,0x72,0xbd,0x72,0xbd,0x72,0xbd,0x52,0xb5,0x6b,0x73,0xca,0x62,0x68,0x52,
    0x27,0x4a,0xe6,0x41,0xa5,0x31,0x65,0x31,0x24,0x29,0x03,0x21,0xc3,0x18,0xa2,0x10,
    0x81,0x10,0x61,0x08,0x41,0x08,0x20,0x00,0x20,0x00,0x00,0x00,0x00,0x00,0x00,0x00,
    0x00,0x00,0x00,0x00,0x20,0x00,0x40,0x08,0x41,0x08,0x61,0x08,0x82,0x10,0xc2,0x18,
    0xe3,0x20,0x24,0x21,0x44,0x29,0x85,0x31,0xc6,0x39,0x07,0x42,0x48,0x4a,0x89,0x5a,
    0x2b,0x6b,0x6f,0x94,0x52,0xb5,0x73,0xbd,0x73,0xbd,0x73,0xbd,0x73,0xbd,0x72,0xbd,
    0x72,0xbd,0x73,0xbd,0x72,0xbd,0x72,0xbd,0x72,0xbd,0x73,0xbd,0x72,0xbd,0x11,0x72,
    0xbd,0xb0,0x73,0xbd,0x73,0xbd,0x73,0xbd,0x72,0xbd,0x72,0xbd,0x73,0xbd,0x72,0xbd,
    0x72,0xbd,0x72,0xbd,0x72,0xbd,0x72,0xbd,0x72,0xbd,0x72,0xbd,0x72,0xbd,0x73,0xbd,
    0x73,0xbd,0x72,0xbd,0x72,0xbd,0x72,0xbd,0x72,0xbd,0x72,0xbd,0x72,0xbd,0x73,0xbd,
    0x72,0xbd,0x72,0xbd,0x72,0xbd,0x73,0xbd,0x73,0xbd,0x72,0xbd,0x73,0xbd,0x72,0xbd,
    0x73,0xbd,0x72,0xbd,0x72,0xbd,0x72,0xbd,0x72,0xbd,0x72,0xbd,0x72,0xbd,0x72,0xbd,
    0x72,0xbd,0x73,0xbd,0x73,0xbd,0x72,0xbd,0x72,0xbd,0x72,0xbd,0x73,0xbd,0x73,0xbd,
    0x72,0xbd,0x13,0x72,0xbd,0x82,0x73,0xbd,0x72,0xbd,0x7f,0x72,0xbd,0x39,0x72,0xbd,
    0xae,0xcd,0x83,0xea,0x62,0x88,0x52,0x27,0x4a,0xe6,0x41,0xa5,0x39,0x65,0x31,0x24,
    0x29,0x03,0x21,0xe3,0x18,0xa2,0x10,0x81,0x10,0x61,0x08,0x41,0x08,0x20,0x00,0x20,
    0x00,0x00,0x00,0x00,0x00,0x00,0x00,0x00,0x00,0x00,0x00,0x20,0x00,0x40,0x08,0x41,
    0x08,0x61,0x08,0x82,0x10,0xc2,0x18,0xe3,0x20,0x24,0x29,0x64,0x29,0x85,0x31,0xc6,
    0x39,0x07,0x42,0x48,0x4a,0xa9,0x5a,0x2b,0x6b,0x6f,0x9c,0x52,0xb5,0x72,0xbd,0x73,
    0xbd,0x73,0xbd,0x73,0xbd,0x72,0xbd,0x11,0xad,0xb0,0x9c,0x6f,0x9c,0x7f,0x6f,0x9c,
    0x7f,0x6f,0x9c,0xc2,0x6f,0x9c,0x6f,0x9c,0x6f,0x9c,0x6f,0x9c,0x6f,0x9c,0x6f,0x9c,
    0x6f,0x9c,0x6f,0x9c,0x6f,0x9c,0x6f,0x9c,0x6f,0x9c,0x8f,0x9c,0x11,0xad,0x52,0xb5,
    0x72,0xbd,0x72,0xbd,0x72,0xbd,0x72,0xbd,0x72,0xbd,0x72,0xbd,0x0e,0x8c,0xea,0x62,
    0x89,0x52,0x48,0x4a,0xe7,0x41,0xa6,0x39,0x85,0x31,0x44,0x29,0x03,0x21,0xe3,0x18,
    0xa2,0x18,0x81,0x10,0x61,0x08,0x41,0x08,0x20,0x00,0x20,0x00,0x00,0x00,0x00,0x00,
    0x00,0x00,0x00,0x00,0x00,0x00,0x20,0x00,0x41,0x08,0x41,0x08,0x61,0x10,0x82,0x10,
    0xc2,0x18,0x03,0x21,0x24,0x29,0x65,0x31,0xa5,0x31,0xc6,0x39,0x07,0x42,0x48,0x52,
    0xa9,0x5a,0x4b,0x73,0xb0,0x9c,0x52,0xb5,0x72,0xbd,0x73,0xbd,0x72,0xbd,0x72,0xbd,
    0x11,0xad,0xed,0x83,0xe9,0x62,0x88,0x5a,0x7f,0x88,0x5a,0x7f,0x88,0x5a,0xc3,0x88,
    0x5a,0x88,0x5a,0x88,0x5a,0x88,0x5a,0x88,0x5a,0x88,0x5a,0x88,0x5a,0x88,0x5a,0x88,
    0x5a,0x88,0x5a,0x88,0x5a,0xc9,0x62,0x6b,0x73,0xd0,0xa4,0x72,0xbd,0x72,0xbd,0x72,
    0xbd,0x72,0xbd,0x72,0xbd,0x72,0xbd,0x2e,0x8c,0x0a,0x63,0xa9,0x5a,0x48,0x4a,0x07,
    0x42,0xc6,0x39,0x85,0x31,0x44,0x29,0x24,0x21,0xe3,0x20,0xc2,0x18,0x82,0x10,0x61,
    0x08,0x41,0x08,0x20,0x00,0x20,0x00,0x00,0x00,0x00,0x00,0x00,0x00,0x00,0x00,0x00,
    0x00,0x20,0x00,0x41,0x08,0x61,0x08,0x81,0x10,0xa2,0x10,0xc2,0x18,0x03,0x21,0x24,
    0x29,0x65,0x31,0xa5,0x39,0xe6,0x41,0x27,0x4a,0x68,0x52,0xc9,0x5a,0x8c,0x73,0xd0,
    0xa4,0x72,0xb5,0x72,0xbd,0x73,0xbd,0x72,0xbd,0x52,0xb5,0x6f,0x94,0x0a,0x6b,0xc9,
    0x5a,0xc9,0x5a,0xc9,0x62,0x62,0xc9,0x62,0x82,0xa9,0x62,0x88,0x72,0x3f,0x88,0x72,
    0x83,0x88,0x6a,0xa9,0x62,0xc9,0x62,0x62,0xc9,0x62,0xb5,0xc9,0x5a,0xa9,0x5a,0xac,
    0x7b,0x52,0xb5,0x72,0xbd,0x72,0xbd,0x72,0xbd,0x72,0xbd,0x72,0xbd,0x90,0x9c,0x0a,
    0x63,0xa9,0x5a,0x48,0x4a,0x07,0x42,0xc6,0x39,0x85,0x31,0x44,0x29,0x24,0x21,0xe3,
    0x20,0xc2,0x18,0x82,0x10,0x61,0x08,0x41,0x08,0x20,0x00,0x20,0x00,0x00,0x00,0x00,
    0x00,0x00,0x00,0x00,0x00,0x00,0x00,0x20,0x00,0x41,0x08,0x61,0x08,0x81,0x10,0xa2,
    0x10,0xc2,0x18,0x03,0x21,0x44,0x29,0x65,0x31,0xa6,0x39,0xe6,0x41,0x27,0x4a,0x68,
    0x52,0xca,0x5a,0xac,0x7b,0xf1,0xa4,0x72,0xbd,0x72,0xbd,0x73,0xbd,0x73,0xbd,0x52,
    0xb5,0x0e,0x8c,0xc9,0x62,0x65,0xc9,0x62,0x82,0x88,0x6a,0xa6,0xa9,0x3f,0xa6,0xa9,
    0x83,0xe6,0x99,0x88,0x72,0xc9,0x62,0x64,0xc9,0x62,0xb3,0x2a,0x6b,0x32,0xb5,0x72,
    0xbd,0x72,0xbd,0x72,0xbd,0x72,0xbd,0x72,0xbd,0xd0,0xa4,0x0b,0x6b,0xa9,0x5a,0x68,
    0x52,0x07,0x42,0xc6,0x39,0x85,0x31,0x44,0x29,0x24,0x29,0xe3,0x20,0xc2,0x18,0x82,
    0x10,0x61,0x08,0x41,0x08,0x20,0x08,0x20,0x00,0x00,0x00,0x00,0x00,0x00,0x00,0x00,
    0x00,0x20,0x00,0x20,0x00,0x41,0x08,0x61,0x08,0x81,0x10,0xa2,0x10,0xc3,0x18,0x03,
    0x21,0x44,0x29,0x85,0x31,0xa6,0x39,0xe6,0x41,0x27,0x4a,0x88,0x52,0xca,0x62,0xad,
    0x7b,0x11,0xad,0x72,0xbd,0x73,0xbd,0x73,0xbd,0x72,0xbd,0x52,0xb5,0x0e,0x8c,0xc9,
    0x62,0x65,0xc9,0x62,0x83,0x68,0x72,0x44,0xc1,0x24,0xc9,0x3e,0x24,0xc9,0x83,0x85,
    0xb9,0x68,0x7a,0xc9,0x62,0x64,0xc9,0x62,0xb3,0x2a,0x6b,0x32,0xb5,0x72,0xbd,0x72,
    0xbd,0x72,0xbd,0x72,0xbd,0x72,0xbd,0xf1,0xac,0x2b,0x6b,0xa9,0x5a,0x68,0x52,0x27,
    0x42,0xc6,0x39,0x85,0x31,0x64,0x29,0x24,0x29,0x03,0x21,0xc2,0x18,0xa2,0x10,0x61,
    0x10,0x61,0x08,0x20,0x08,0x20,0x00,0x20,0x00,0x00,0x00,0x00,0x00,0x00,0x00,0x20,
    0x00,0x20,0x00,0x41,0x08,0x61,0x08,0x81,0x10,0xa2,0x10,0xe3,0x18,0x03,0x21,0x44,
    0x29,0x85,0x31,0xc6,0x39,0x07,0x42,0x27,0x4a,0x89,0x52,0xea,0x62,0xcd,0x83,0x11,
    0xad,0x72,0xbd,0x73,0xbd,0x73,0xbd,0x72,0xbd,0x52,0xb5,0x0e,0x8c,0xc9,0x62,0x65,
    0xc9,0x62,0x82,0xa9,0x62,0x47,0x82,0x3f,0x47,0x82,0x83,0x68,0x7a,0xa8,0x6a,0xc9,
    0x62,0x64,0xc9,0x62,0xb3,0x2a,0x6b,0x32,0xb5,0x72,0xbd,0x73,0xbd,0x72,0xbd,0x72,
    0xbd,0x72,0xbd,0x11,0xad,0x2b,0x6b,0xc9,0x5a,0x68,0x52,0x27,0x4a,0xc6,0x39,0xa5,
    0x31,0x64,0x29,0x24,0x29,0x03,0x21,0xc2,0x18,0xa2,0x10,0x61,0x10,0x61,0x08,0x40,
    0x08,0x20,0x00,0x20,0x00,0x00,0x00,0x00,0x00,0x00,0x00,0x20,0x00,0x20,0x00,0x41,
    0x08,0x61,0x08,0x81,0x10,0xa2,0x10,0xe3,0x18,0x03,0x21,0x44,0x29,0x85,0x31,0xc6,
    0x39,0x07,0x42,0x47,0x4a,0x89,0x52,0xea,0x62,0xed,0x83,0x12,0xad,0x72,0xbd,0x72,
    0xbd,0x73,0xbd,0x73,0xbd,0x52,0xb5,0x0e,0x8c,0xc9,0x62,0x7f,0xc9,0x62,0x7f,0xc9,
    0x62,0xd2,0xc9,0x62,0xc9,0x62,0xc9,0x62,0xc9,0x62,0xc9,0x62,0xc9,0x62,0xc9,0x62,
    0xc9,0x62,0xc9,0x62,0xc9,0x62,0xc9,0x62,0xc9,0x62,0xc9,0x62,0xc9,0x62,0xc9,0x62,
    0x2a,0x6b,0x32,0xb5,0x72,0xbd,0x72,0xbd,0x72,0xbd,0x72,0xbd,0x72,0xbd,0x32,0xb5,
    0x2b,0x6b,0xc9,0x5a,0x68,0x52,0x27,0x4a,0xe6,0x39,0xa5,0x39,0x65,0x29,0x24,0x29,
    0x03,0x21,0xc2,0x18,0xa2,0x10,0x61,0x10,0x61,0x08,0x40,0x08,0x20,0x00,0x20,0x00,
    0x00,0x00,0x00,0x00,0x00,0x00,0x20,0x00,0x20,0x00,0x41,0x08,0x61,0x08,0x81,0x10,
    0xa2,0x18,0xe3,0x18,0x03,0x21,0x44,0x29,0x85,0x31,0xc6,0x39,0x07,0x42,0x48,0x4a,
    0x89,0x52,0xea,0x62,0xed,0x83,0x32,0xad,0x72,0xbd,0x73,0xbd,0x72,0xbd,0x72,0xbd,
    0x52,0xb5,0x0e,0x8c,0xc9,0x62,0xc9,0x62,0xc9,0x62,0xc9,0x62,0xc9,0x62,0xc9,0x62,
    0xc9,0x62,0xc9,0x62,0xe9,0x62,0x4b,0x6b,0x50,0x8c,0x33,0xa5,0x54,0xad,0x13,0xa5,
    0xee,0x83,0xe9,0x62,0xc9,0x62,0x56,0xc9,0x62,0x41,0xc9,0x6a,0x66,0xc9,0x62,0xc3,
    0x2a,0x6b,0x32,0xb5,0x72,0xbd,0x72,0xbd,0x72,0xbd,0x72,0xbd,0x72,0xbd,0x52,0xb5,
    0x4b,0x6b,0xc9,0x5a,0x68,0x52,0x27,0x4a,0xe6,0x41,0xa5,0x39,0x65,0x31,0x24,0x29,
    0x03,0x21,0xc2,0x18,0xa2,0x10,0x61,0x10,0x61,0x08,0x40,0x08,0x20,0x00,0x20,0x00,
    0x00,0x00,0x00,0x00,0x00,0x00,0x20,0x00,0x20,0x00,0x41,0x08,0x61,0x08,0x82,0x10,
    0xa2,0x18,0xe3,0x18,0x24,0x21,0x44,0x29,0x85,0x31,0xc6,0x39,0x07,0x42,0x48,0x4a,
    0x89,0x52,0x0a,0x63,0xee,0x83,0x32,0xad,0x72,0xbd,0x72,0xbd,0x73,0xbd,0x73,0xbd,
    0x52,0xb5,0x0e,0x8c,0xc9,0x62,0xc9,0x62,0xc9,0x62,0xc9,0x62,0xc9,0x62,0xc9,0x62,
    0xc9,0x62,0x2b,0x6b,0x91,0x94,0xf7,0xc5,0x99,0xd6,0x9a,0xd6,0x9a,0xd6,0x9a,0xd6,
    0xf7,0xc5,0x4b,0x73,0xc9,0x62,0x55,0xc9,0x62,0x83,0xc9,0x72,0x08,0xcb,0x08,0xd3,
    0x3e,0x08,0xd3,0x83,0x08,0xc3,0xc9,0x7a,0xc9,0x62,0x2c,0xc9,0x62,0x9f,0x0a,0x6b,
    0x0a,0x6b,0x0a,0x6b,0x0a,0x63,0xe9,0x62,0x0a,0x63,0x0a,0x6b,0x0a,0x6b,0x0a,0x6b,
    0x0a,0x6b,0x0a,0x6b,0x0a,0x6b,0x0a,0x6b,0x0a,0x6b,0xe9,0x62,0xc9,0x62,0xc9,0x62,
    0xc9,0x62,0xc9,0x62,0xc9,0x62,0x0a,0x63,0x0a,0x6b,0x0a,0x6b,0x0a,0x6b,0x0a,0x63,
    0xc9,0x62,0xc9,0x62,0x0a,0x63,0x0a,0x6b,0xea,0x62,0xc9,0x62,0x19,0xc9,0x62,0xc3,
    0x2a,0x6b,0x32,0xb5,0x72,0xbd,0x72,0xbd,0x72,0xbd,0x72,0xbd,0x72,0xbd,0x52,0xb5,
    0x2b,0x6b,0xca,0x5a,0x68,0x52,0x27,0x4a,0xe6,0x41,0xa6,0x39,0x65,0x31,0x44,0x29,
    0x03,0x21,0xc3,0x18,0xa2,0x10,0x81,0x10,0x61,0x08,0x40,0x08,0x20,0x00,0x20,0x00,
    0x00,0x00,0x00,0x00,0x00,0x00,0x20,0x00,0x40,0x08,0x41,0x08,0x61,0x08,0x82,0x10,
    0xa2,0x18,0xe3,0x18,0x24,0x21,0x44,0x29,0x85,0x31,0xc6,0x39,0x07,0x42,0x48,0x4a,
    0x89,0x5a,0x0a,0x63,0x0e,0x8c,0x32,0xb5,0x73,0xbd,0x72,0xbd,0x73,0xbd,0x72,0xbd,
    0x52,0xb5,0x0e,0x8c,0xc9,0x62,0xc9,0x62,0xc9,0x62,0xc9,0x62,0xc9,0x62,0xc9,0x62,
    0x0a,0x6b,0xd2,0x9c,0x38,0xc6,0x9a,0xd6,0x79,0xce,0x38,0xc6,0x17,0xc6,0x18,0xc6,
    0xd6,0xbd,0x4b,0x6b,0xc9,0x62,0x35,0xc9,0x62,0x85,0xe9,0x62,0xad,0x7b,0xad,0x7b,
    0xea,0x62,0xc9,0x62,0x1b,0xc9,0x62,0x82,0xc9,0x72,0xe8,0xb2,0x3f,0xe8,0xb2,0x83,
    0xe8,0xa2,0xc9,0x72,0xc9,0x62,0x2a,0xc9,0x62,0xa2,0x0a,0x6b,0xce,0x7b,0xd2,0x9c,
    0xf2,0x9c,0xf2,0x9c,0x50,0x8c,0x6c,0x73,0x91,0x94,0xd2,0x9c,0xd2,0x9c,0xd2,0x9c,
    0xd2,0x9c,0xd2,0x9c,0xd2,0x9c,0xd2,0x9c,0xb2,0x9c,0x4b,0x6b,0xc9,0x62,0xc9,0x62,
    0xc9,0x62,0x0a,0x63,0xad,0x7b,0x71,0x94,0xd2,0x9c,0xd2,0x9c,0xd2,0x9c,0x71,0x94,
    0x0a,0x63,0x4b,0x6b,0x50,0x8c,0xd2,0x9c,0x0f,0x84,0xe9,0x62,0xc9,0x62,0x18,0xc9,
    0x62,0xff,0x2a,0x6b,0x32,0xb5,0x72,0xbd,0x72,0xbd,0x72,0xbd,0x72,0xbd,0x72,0xbd,
    0x52,0xb5,0x4b,0x73,0xca,0x62,0x88,0x52,0x27,0x4a,0xe6,0x41,0xa6,0x39,0x65,0x31,
    0x44,0x29,0x03,0x21,0xe3,0x18,0xa2,0x10,0x81,0x10,0x61,0x08,0x40,0x08,0x20,0x00,
    0x20,0x00,0x00,0x00,0x00,0x00,0x00,0x00,0x20,0x00,0x40,0x08,0x41,0x08,0x61,0x08,
    0x82,0x10,0xc2,0x18,0xe3,0x18,0x24,0x21,0x64,0x29,0x85,0x31,0xc6,0x39,0x07,0x42,
    0x48,0x4a,0xa9,0x5a,0x0a,0x6b,0x2e,0x8c,0x32,0xb5,0x72,0xbd,0x72,0xbd,0x72,0xbd,
    0x72,0xbd,0x52,0xb5,0x0e,0x8c,0xc9,0x62,0xc9,0x62,0xc9,0x62,0xc9,0x62,0xc9,0x62,
    0xc9,0x62,0xce,0x7b,0x18,0xc6,0x9a,0xd6,0x58,0xce,0x54,0xad,0x70,0x8c,0xee,0x83,
    0x0f,0x84,0x91,0x94,0xad,0x7b,0x4b,0x73,0x4b,0x73,0x4b,0x73,0x0a,0x6b,0xc9,0x62,
    0xc9,0x62,0xc9,0x62,0xc9,0x62,0xc9,0x62,0x0a,0x63,0x0a,0x6b,0x0a,0x6b,0x0a,0x63,
    0xc9,0x62,0xc9,0x62,0xe9,0x62,0x0a,0x63,0x0a,0x6b,0x0a,0x6b,0x0a,0x63,0xc9,0x62,
    0xc9,0x62,0xe9,0x62,0xe9,0x62,0xea,0x62,0x0a,0x6b,0xe9,0x62,0xc9,0x62,0xea,0x62,
    0x0a,0x6b,0x0a,0x63,0xc9,0x62,0xe9,0x62,0xe9,0x62,0xe9,0x62,0x0a,0x6b,0x0a,0x6b,
    0xe9,0x62,0xc9,0x62,0x0a,0x63,0x0a,0x6b,0xe9,0x62,0xc9,0x62,0xc9,0x62,0xe9,0x62,
    0x0a,0x6b,0x2a,0x6b,0x0a,0x6b,0xea,0x62,0xc9,0x62,0xc9,0x62,0xea,0x62,0x0a,0x6b,
    0x2a,0x6b,0x4b,0x6b,0x13,0xa5,0xf2,0xa4,0x2b,0x6b,0xea,0x62,0x0a,0x6b,0x2a,0x6b,
    0x9b,0x2a,0x6b,0x0a,0x63,0xc9,0x62,0xe9,0x62,0xe9,0x62,0xe9,0x62,0x0a,0x6b,0x0a,
    0x6b,0xc9,0x62,0xc9,0x62,0xe9,0x62,0x0a,0x6b,0x2a,0x6b,0x0a,0x6b,0xe9,0x62,0xc9,
    0x62,0xc9,0x62,0xc9,0x62,0xc9,0x62,0xc9,0x62,0xc9,0x62,0xc9,0x62,0xc9,0x62,0xc9,
    0x62,0xc9,0x62,0xc9,0x62,0xc9,0x72,0x40,0xc9,0x72,0x2b,0xc9,0x62,0xa3,0x6c,0x73,
    0x91,0x94,0x96,0xb5,0xf7,0xbd,0xb6,0xb5,0x18,0xc6,0x13,0xa5,0xce,0x7b,0x75,0xb5,
    0x17,0xc6,0x75,0xad,0xd2,0x9c,0xd2,0x9c,0xd2,0x9c,0xd2,0x9c,0xb2,0x9c,0xb2,0x9c,
    0x2b,0x6b,0xc9,0x62,0xc9,0x62,0x2b,0x6b,0x2f,0x8c,0x34,0xad,0xb6,0xb5,0x54,0xad,
    0x96,0xb5,0xf7,0xbd,0x75,0xad,0x2b,0x6b,0x8c,0x73,0x34,0xa5,0xf7,0xbd,0xd2,0x9c,
    0xea,0x62,0xc9,0x62,0x18,0xc9,0x62,0xff,0x2a,0x6b,0x32,0xb5,0x72,0xbd,0x72,0xbd,
    0x72,0xbd,0x72,0xbd,0x72,0xbd,0x72,0xbd,0x6c,0x73,0xea,0x62,0x89,0x52,0x27,0x4a,
    0xe6,0x41,0xa6,0x39,0x65,0x31,0x44,0x29,0x03,0x21,0xe3,0x18,0xa2,0x10,0x81,0x10,
    0x61,0x08,0x40,0x08,0x20,0x00,0x20,0x00,0x00,0x00,0x00,0x00,0x00,0x00,0x20,0x00,
    0x40,0x08,0x61,0x08,0x61,0x10,0x82,0x10,0xc2,0x18,0xe3,0x20,0x24,0x21,0x65,0x29,
    0xa5,0x31,0xc6,0x39,0x07,0x42,0x68,0x52,0xa9,0x5a,0x2b,0x6b,0x2e,0x8c,0x32,0xb5,
    0x73,0xbd,0x73,0xbd,0x72,0xbd,0x73,0xbd,0x52,0xb5,0x0e,0x8c,0xc9,0x62,0xc9,0x62,
    0xc9,0x62,0xc9,0x62,0xc9,0x62,0xc9,0x5a,0x13,0xa5,0x9a,0xd6,0x79,0xce,0x34,0xa5,
    0x8c,0x73,0xea,0x62,0xc9,0x62,0xe9,0x62,0x6c,0x73,0x13,0xa5,0x54,0xad,0x54,0xad,
    0x13,0xa5,0x6c,0x73,0xc9,0x62,0xc9,0x62,0xc9,0x62,0x0a,0x63,0x0e,0x84,0xd2,0x9c,
    0x13,0xa5,0x13,0xa5,0xf2,0x9c,0x91,0x94,0x2b,0x6b,0x2f,0x8c,0xf2,0x9c,0x13,0xa5,
    0x13,0xa5,0xf2,0x9c,0x50,0x8c,0xc9,0x62,0x91,0x94,0x91,0x94,0xb1,0x9c,0xf3,0xa4,
    0x91,0x94,0xee,0x83,0xb2,0x9c,0x13,0xa5,0xd2,0x9c,0xcd,0x7b,0xce,0x83,0x70,0x94,
    0x91,0x94,0xf2,0xa4,0x13,0xa5,0xd2,0x9c,0xce,0x83,0xd2,0x9c,0xf3,0xa4,0x50,0x8c,
    0x2b,0x6b,0x8c,0x73,0xb2,0x9c,0x13,0xa5,0x13,0xa5,0x13,0xa5,0xb1,0x9c,0x8c,0x7b,
    0xcd,0x7b,0xd2,0x9c,0x33,0xa5,0x33,0xad,0x13,0xa5,0xd6,0xbd,0x54,0xad,0xee,0x83,
    0xb1,0x9c,0x13,0xa5,0x34,0xad,0x9b,0x34,0xad,0x13,0xa5,0x2f,0x8c,0x0f,0x84,0x91,
    0x94,0xd2,0x9c,0x33,0xad,0x34,0xad,0xb1,0x9c,0x2b,0x6b,0xb1,0x9c,0x34,0xad,0x54,
    0xad,0x34,0xad,0xf2,0xa4,0x4b,0x6b,0xc9,0x62,0xc9,0x62,0xc9,0x62,0xc9,0x62,0xc9,
    0x62,0xc9,0x62,0xc9,0x62,0xc9,0x62,0xc9,0x62,0xe9,0x62,0xa8,0x83,0x3f,0xa8,0x83,
    0x83,0x88,0x7b,0x09,0x6b,0xc9,0x62,0x29,0xc9,0x62,0xa3,0x91,0x94,0xd7,0xbd,0x18,
    0xc6,0x91,0x94,0xb2,0x94,0xd7,0xbd,0x13,0xa5,0xce,0x7b,0x75,0xb5,0x17,0xc6,0xf3,
    0x9c,0x2f,0x8c,0x71,0x94,0x91,0x94,0x71,0x94,0x30,0x8c,0xad,0x7b,0xe9,0x62,0xc9,
    0x62,0x2b,0x6b,0x91,0x94,0x75,0xb5,0x96,0xb5,0xb2,0x94,0x8d,0x73,0xf3,0xa4,0xf7,
    0xbd,0x75,0xad,0x2b,0x6b,0x8c,0x73,0x34,0xa5,0xf7,0xbd,0xd2,0x9c,0xea,0x62,0xc9,
    0x62,0x18,0xc9,0x62,0xff,0x2a,0x6b,0x32,0xb5,0x72,0xbd,0x72,0xbd,0x72,0xbd,0x72,
    0xbd,0x72,0xbd,0x72,0xbd,0x8c,0x7b,0xea,0x62,0x89,0x52,0x48,0x4a,0xe7,0x41,0xc6,
    0x39,0x85,0x31,0x44,0x29,0x03,0x21,0xe3,0x18,0xa2,0x18,0x81,0x10,0x61,0x08,0x41,
    0x08,0x20,0x00,0x20,0x00,0x00,0x00,0x00,0x00,0x00,0x00,0x20,0x00,0x40,0x08,0x61,
    0x08,0x81,0x10,0x82,0x10,0xc2,0x18,0xe3,0x20,0x24,0x29,0x65,0x29,0xa5,0x39,0xe6,
    0x41,0x27,0x4a,0x68,0x52,0xa9,0x5a,0x2b,0x6b,0x4f,0x94,0x52,0xb5,0x72,0xbd,0x72,
    0xbd,0x72,0xbd,0x73,0xbd,0x52,0xb5,0x0e,0x8c,0xc9,0x62,0xc9,0x62,0xc9,0x62,0xc9,
    0x62,0xc9,0x62,0xa9,0x5a,0xf7,0xbd,0x9a,0xd6,0x17,0xc6,0x2f,0x8c,0xe9,0x62,0xc9,
    0x62,0xc9,0x62,0xc9,0x62,0x4b,0x6b,0xf7,0xbd,0x79,0xce,0x58,0xce,0xb2,0x9c,0x0a,
    0x6b,0xc9,0x62,0xc9,0x62,0xc9,0x62,0x6c,0x73,0x54,0xad,0xb6,0xb5,0xd2,0x9c,0xd2,
    0x9c,0xf7,0xbd,0x38,0xce,0x70,0x94,0xb6,0xb5,0x95,0xb5,0xd2,0x9c,0xf3,0x9c,0x17,
    0xc6,0x18,0xc6,0x4b,0x6b,0xf7,0xbd,0xd6,0xbd,0xf3,0x9c,0x75,0xad,0x18,0xc6,0xb6,
    0xb5,0xd2,0x9c,0xb2,0x94,0xf7,0xbd,0x54,0xad,0xf3,0xa4,0xf7,0xbd,0x54,0xad,0xb2,
    0x9c,0x96,0xb5,0x59,0xce,0x96,0xb5,0x13,0xa5,0x75,0xb5,0xf7,0xbd,0xee,0x83,0x34,
    0xad,0x59,0xce,0x95,0xb5,0xd2,0x9c,0x34,0xa5,0x18,0xc6,0xf2,0x9c,0x54,0xad,0x79,
    0xce,0x54,0xad,0xd2,0x9c,0x13,0xa5,0x38,0xc6,0x75,0xad,0x13,0xa5,0x59,0xce,0x75,
    0xb5,0xd2,0x9c,0x9c,0xf3,0x9c,0x17,0xc6,0xf7,0xbd,0x75,0xb5,0x58,0xce,0x95,0xb5,
    0x13,0xa5,0x79,0xce,0x9a,0xd6,0x2f,0x8c,0x38,0xc6,0x34,0xa5,0x50,0x8c,0x75,0xb5,
    0x9a,0xd6,0x91,0x94,0xc9,0x62,0xc9,0x62,0xc9,0x62,0xc9,0x62,0xc9,0x62,0xc9,0x62,
    0xc9,0x62,0xc9,0x62,0xc9,0x62,0x68,0x73,0x86,0xcd,0xa5,0xd5,0x3e,0xa5,0xd5,0x83,
    0x26,0xc5,0x88,0x7b,0xc9,0x62,0x29,0xc9,0x62,0xa3,0xad,0x7b,0x75,0xad,0x0f,0x84,
    0x2b,0x6b,0x2f,0x84,0xd7,0xbd,0x13,0xa5,0xce,0x7b,0x75,0xb5,0x17,0xc6,0xb6,0xb5,
    0x95,0xb5,0xb6,0xb5,0xb6,0xb5,0xb6,0xb5,0x95,0xb5,0x34,0xa5,0x8d,0x7b,0xc9,0x62,
    0xd2,0x9c,0xb6,0xb5,0x75,0xad,0x2f,0x84,0x2b,0x6b,0xc9,0x62,0xd2,0x9c,0xf7,0xbd,
    0x75,0xad,0x2b,0x6b,0x8c,0x73,0x34,0xa5,0xf7,0xbd,0xd2,0x9c,0xea,0x62,0xc9,0x62,
    0x18,0xc9,0x62,0xff,0x2a,0x6b,0x32,0xb5,0x72,0xbd,0x72,0xbd,0x72,0xbd,0x72,0xbd,
    0x72,0xbd,0x72,0xbd,0xcd,0x7b,0xea,0x62,0x89,0x52,0x48,0x4a,0x07,0x42,0xc6,0x39,
    0x85,0x31,0x44,0x29,0x04,0x21,0xe3,0x18,0xa2,0x18,0x82,0x10,0x61,0x08,0x41,0x08,
    0x20,0x00,0x20,0x00,0x00,0x00,0x00,0x00,0x00,0x00,0x20,0x00,0x40,0x08,0x61,0x08,
    0x81,0x10,0x82,0x10,0xc2,0x18,0xe3,0x20,0x24,0x29,0x65,0x31,0xa5,0x39,0xe6,0x41,
    0x27,0x4a,0x68,0x52,0xa9,0x5a,0x2b,0x6b,0x6f,0x94,0x52,0xb5,0x73,0xbd,0x73,0xbd,
    0x72,0xbd,0x72,0xbd,0x52,0xb5,0x0e,0x8c,0xc9,0x62,0xc9,0x62,0xc9,0x62,0xc9,0x62,
    0xc9,0x62,0xa9,0x5a,0x59,0xce,0x9a,0xd6,0xb6,0xbd,0xad,0x7b,0xc9,0x62,0xc9,0x62,
    0xc9,0x62,0xc9,0x62,0xea,0x62,0xce,0x7b,0xef,0x83,0xce,0x7b,0x2b,0x6b,0xc9,0x62,
    0xc9,0x62,0xc9,0x62,0xc9,0x62,0xad,0x7b,0xb6,0xb5,0xd2,0x9c,0x2b,0x6b,0x0a,0x63,
    0x6c,0x6b,0x8d,0x73,0xce,0x7b,0xf7,0xbd,0x70,0x8c,0x2b,0x6b,0x0a,0x63,0x75,0xb5,
    0x79,0xce,0xcd,0x7b,0x18,0xc6,0x13,0xa5,0x4b,0x6b,0x2f,0x8c,0xf7,0xc5,0x34,0xad,
    0x2b,0x6b,0x0a,0x63,0x13,0xa5,0xb6,0xbd,0x54,0xad,0xd7,0xbd,0x0f,0x84,0x0a,0x6b,
    0xce,0x7b,0x9a,0xd6,0x95,0xb5,0x2b,0x6b,0x50,0x8c,0x17,0xc6,0x70,0x8c,0xf7,0xbd,
    0xba,0xd6,0x6c,0x73,0x0a,0x63,0xad,0x7b,0xb6,0xb5,0x95,0xb5,0xf7,0xc5,0x79,0xce,
    0x6c,0x73,0x0a,0x63,0x6c,0x73,0x75,0xb5,0x95,0xb5,0x95,0xb5,0x58,0xce,0xcd,0x7b,
    0x0a,0x6b,0x9c,0x0a,0x6b,0xb1,0x94,0x79,0xce,0xd6,0xbd,0x38,0xc6,0x2f,0x8c,0x2b,
    0x6b,0x30,0x8c,0x91,0x94,0x50,0x8c,0xdb,0xde,0x59,0xce,0x17,0xc6,0x79,0xce,0xfb,
    0xde,0x75,0xb5,0xc9,0x62,0xc9,0x62,0xc9,0x62,0xc9,0x62,0xc9,0x62,0xc9,0x62,0xc9,
    0x62,0xc9,0x62,0xc9,0x62,0x88,0x7b,0x25,0xe6,0x45,0xee,0x3e,0x45,0xee,0x83,0xa5,
    0xd5,0xa8,0x83,0xc9,0x62,0x2a,0xc9,0x62,0xa2,0x2b,0x6b,0xe9,0x62,0xc9,0x62,0x0f,
    0x84,0xd7,0xbd,0x13,0xa5,0xce,0x7b,0x75,0xad,0x17,0xc6,0x75,0xad,0xce,0x7b,0xce,
    0x7b,0xee,0x7b,0x91,0x94,0x96,0xb5,0xd7,0xbd,0xb2,0x9c,0xc9,0x5a,0x95,0xb5,0x95,
    0xb5,0x0f,0x84,0x2b,0x6b,0x0a,0x63,0xea,0x62,0xf3,0x9c,0xf7,0xbd,0x75,0xad,0x4b,
    0x6b,0x8c,0x73,0x34,0xad,0xf7,0xbd,0xd2,0x9c,0xea,0x62,0xc9,0x62,0x18,0xc9,0x62,
    0xff,0x2a,0x6b,0x32,0xb5,0x72,0xbd,0x72,0xbd,0x72,0xbd,0x72,0xbd,0x72,0xbd,0x72,
    0xbd,0xed,0x83,0xea,0x62,0x89,0x5a,0x48,0x4a,0x07,0x42,0xc6,0x39,0x85,0x31,0x44,
    0x29,0x24,0x21,0xe3,0x18,0xa2,0x18,0x82,0x10,0x61,0x08,0x41,0x08,0x20,0x00,0x20,
    0x00,0x00,0x00,0x00,0x00,0x00,0x00,0x20,0x00,0x40,0x08,0x61,0x08,0x81,0x10,0xa2,
    0x10,0xc2,0x18,0xe3,0x20,0x24,0x29,0x65,0x31,0xa6,0x39,0xe6,0x41,0x27,0x4a,0x68,
    0x52,0xa9,0x5a,0x4b,0x6b,0x8f,0x9c,0x52,0xb5,0x73,0xbd,0x73,0xbd,0x72,0xbd,0x72,
    0xbd,0x52,0xb5,0x0e,0x8c,0xc9,0x62,0xc9,0x62,0xc9,0x62,0xc9,0x62,0xc9,0x62,0xa9,
    0x5a,0x38,0xc6,0x9a,0xd6,0xd7,0xbd,0xee,0x83,0xe9,0x62,0xc9,0x62,0xc9,0x62,0xc9,
    0x62,0x4b,0x6b,0xd6,0xbd,0x58,0xce,0xf7,0xbd,0xee,0x83,0xe9,0x62,0xc9,0x62,0xc9,
    0x62,0xc9,0x62,0xad,0x7b,0xb6,0xb5,0xd2,0x9c,0x0a,0x6b,0xe9,0x62,0x50,0x8c,0xf3,
    0xa4,0x91,0x94,0xf7,0xbd,0x70,0x94,0x0a,0x6b,0xe9,0x62,0x95,0xb5,0x99,0xd6,0xad,
    0x7b,0x18,0xc6,0xf2,0x9c,0x0a,0x63,0xee,0x83,0xf7,0xbd,0xf3,0xa4,0xea,0x62,0xc9,
    0x62,0xd2,0x9c,0xd6,0xbd,0x54,0xad,0xd6,0xbd,0xcd,0x7b,0xc9,0x62,0x8c,0x73,0x9a,
    0xd6,0x75,0xad,0xc9,0x62,0x0f,0x84,0x17,0xc6,0x70,0x8c,0xf7,0xc5,0xba,0xd6,0x6c,
    0x73,0xe9,0x62,0x8c,0x73,0xb6,0xbd,0x95,0xb5,0xf7,0xc5,0x79,0xd6,0x6c,0x73,0xe9,
    0x62,0x4b,0x6b,0x95,0xb5,0x95,0xb5,0x95,0xb5,0x59,0xce,0xad,0x7b,0xe9,0x62,0x9c,
    0xe9,0x62,0xd2,0x9c,0x79,0xce,0xd6,0xbd,0x17,0xc6,0xee,0x83,0xc9,0x62,0xc9,0x62,
    0xc9,0x62,0x0f,0x84,0x79,0xd6,0xb1,0x94,0xad,0x7b,0x0f,0x84,0x91,0x94,0xce,0x7b,
    0xc9,0x62,0xc9,0x62,0xc9,0x62,0xc9,0x62,0xc9,0x62,0xc9,0x62,0xc9,0x62,0xc9,0x62,
    0xc9,0x62,0xe9,0x62,0x48,0x73,0x68,0x73,0x3e,0x68,0x73,0x83,0x48,0x73,0xe9,0x62,
    0xc9,0x62,0x2d,0xc9,0x62,0x9f,0x0f,0x84,0xd7,0xbd,0x13,0xa5,0x6c,0x73,0x4b,0x6b,
    0x4c,0x6b,0x0a,0x63,0xc9,0x62,0xc9,0x62,0xc9,0x62,0x2b,0x6b,0x13,0xa5,0xd7,0xbd,
    0x34,0xa5,0xc9,0x5a,0x96,0xb5,0xf7,0xbd,0xb6,0xb5,0xb6,0xb5,0xb6,0xb5,0xb6,0xb5,
    0xd7,0xbd,0xf7,0xbd,0xf7,0xbd,0x55,0xad,0x91,0x94,0x54,0xad,0xf7,0xbd,0xd2,0x9c,
    0xea,0x62,0xc9,0x62,0x18,0xc9,0x62,0xff,0x2a,0x6b,0x32,0xb5,0x72,0xbd,0x72,0xbd,
    0x72,0xbd,0x72,0xbd,0x72,0xbd,0x72,0xbd,0x0e,0x8c,0xea,0x62,0xa9,0x5a,0x48,0x4a,
    0x07,0x42,0xc6,0x39,0x85,0x31,0x44,0x29,0x24,0x21,0xe3,0x20,0xc2,0x18,0x82,0x10,
    0x61,0x08,0x41,0x08,0x20,0x00,0x20,0x00,0x00,0x00,0x00,0x00,0x00,0x00,0x20,0x00,
    0x40,0x08,0x61,0x08,0x81,0x10,0xa2,0x10,0xc2,0x18,0x03,0x21,0x24,0x29,0x65,0x31,
    0xa6,0x39,0xe6,0x41,0x27,0x4a,0x68,0x52,0xa9,0x5a,0x4b,0x73,0x90,0x9c,0x52,0xb5,
    0x73,0xbd,0x72,0xbd,0x73,0xbd,0x73,0xbd,0x52,0xb5,0x0e,0x8c,0xc9,0x62,0xc9,0x62,
    0xc9,0x62,0xc9,0x62,0xc9,0x62,0xa9,0x5a,0xb6,0xb5,0x9a,0xd6,0x59,0xce,0x91,0x94,
    0xea,0x62,0xc9,0x62,0xc9,0x62,0xc9,0x62,0x4b,0x73,0xf7,0xbd,0x9a,0xd6,0x9a,0xd6,
    0xd7,0xbd,0x6c,0x73,0xc9,0x62,0xc9,0x62,0xc9,0x62,0x6c,0x73,0x95,0xb5,0x59,0xce,
    0xf7,0xbd,0xf7,0xbd,0x79,0xce,0x79,0xce,0x70,0x8c,0xf7,0xbd,0x58,0xce,0xf7,0xbd,
    0xf7,0xc5,0x79,0xce,0x79,0xce,0x0a,0x63,0x18,0xc6,0xf2,0x9c,0xea,0x62,0xee,0x83,
    0xf7,0xbd,0xf3,0xa4,0xea,0x62,0xc9,0x62,0xd2,0x9c,0xd6,0xbd,0x54,0xad,0xb6,0xbd,
    0xcd,0x7b,0xc9,0x62,0x8c,0x73,0x9a,0xd6,0x75,0xad,0xc9,0x62,0x0e,0x84,0xf7,0xc5,
    0x50,0x8c,0x75,0xad,0x9a,0xd6,0x79,0xce,0xf7,0xbd,0x38,0xc6,0x99,0xd6,0xf3,0x9c,
    0x95,0xb5,0x9a,0xd6,0x59,0xce,0xf7,0xc5,0x38,0xc6,0x9a,0xd6,0x54,0xad,0x34,0xa5,
    0x9a,0xd6,0x79,0xce,0x17,0xc6,0x91,0x18,0xc6,0xba,0xd6,0x17,0xc6,0x95,0xb5,0x17,
    0xc6,0xee,0x83,0xc9,0x62,0xc9,0x62,0xc9,0x62,0xad,0x7b,0x9a,0xd6,0x18,0xc6,0x95,
    0xb5,0x58,0xce,0xfb,0xde,0x70,0x94,0xc9,0x62,0x79,0xc9,0x62,0x9f,0x0f,0x84,0xd7,
    0xbd,0x13,0xa5,0xb1,0x94,0x95,0xb5,0xb6,0xbd,0x71,0x94,0x0a,0x6b,0x0a,0x63,0x0a,
    0x63,0x8c,0x73,0x34,0xad,0xf7,0xbd,0xf3,0x9c,0xc9,0x5a,0x96,0xb5,0xd7,0xbd,0xd7,
    0xbd,0xd7,0xbd,0xd7,0xbd,0xd7,0xbd,0xf7,0xbd,0xf7,0xbd,0xf7,0xbd,0x96,0xb5,0xb2,
    0x94,0x54,0xad,0xf7,0xbd,0xd2,0x9c,0xea,0x62,0xc9,0x62,0x18,0xc9,0x62,0xff,0x2a,
    0x6b,0x32,0xb5,0x72,0xbd,0x72,0xbd,0x72,0xbd,0x72,0xbd,0x72,0xbd,0x72,0xbd,0x2e,
    0x8c,0x0a,0x63,0xa9,0x5a,0x48,0x4a,0x07,0x42,0xc6,0x39,0x85,0x31,0x64,0x29,0x24,
    0x21,0xe3,0x20,0xc2,0x18,0x82,0x10,0x61,0x08,0x41,0x08,0x20,0x00,0x20,0x00,0x00,
    0x00,0x00,0x00,0x20,0x00,0x20,0x00,0x41,0x08,0x61,0x08,0x81,0x10,0xa2,0x10,0xc2,
    0x18,0x03,0x21,0x44,0x29,0x65,0x31,0xa6,0x39,0xe6,0x41,0x27,0x4a,0x68,0x52,0xc9,
    0x5a,0x6b,0x73,0xb0,0x9c,0x52,0xb5,0x73,0xbd,0x72,0xbd,0x73,0xbd,0x72,0xbd,0x52,
    0xb5,0x0e,0x8c,0xc9,0x62,0xc9,0x62,0xc9,0x62,0xc9,0x62,0xc9,0x62,0xc9,0x5a,0x50,
    0x8c,0x79,0xce,0x9a,0xd6,0xf7,0xbd,0x2f,0x8c,0x4b,0x6b,0x0a,0x6b,0x0a,0x6b,0x8c,
    0x73,0x50,0x8c,0x50,0x8c,0x50,0x8c,0x50,0x8c,0xad,0x7b,0xc9,0x62,0xc9,0x62,0xc9,
    0x62,0xc9,0x62,0x8d,0x73,0xb2,0x9c,0x34,0xa5,0x34,0xa5,0xf2,0x9c,0x0f,0x84,0xc9,
    0x5a,0xad,0x7b,0xf2,0x9c,0x34,0xa5,0x34,0xa5,0xd2,0x9c,0xad,0x73,0xa9,0x5a,0x50,
    0x8c,0xcd,0x7b,0xe9,0x62,0x4b,0x6b,0x50,0x8c,0xcd,0x7b,0xc9,0x62,0xc9,0x62,0xad,
    0x7b,0x2f,0x84,0xee,0x83,0x2f,0x84,0x4b,0x6b,0xc9,0x62,0x2a,0x6b,0x91,0x94,0x0f,
    0x84,0xc9,0x62,0x4c,0x73,0x50,0x8c,0x6c,0x73,0x0a,0x63,0x71,0x94,0x13,0xa5,0x54,
    0xad,0x34,0xa5,0x70,0x8c,0x2b,0x6b,0x2b,0x6b,0x91,0x94,0x54,0xad,0x54,0xad,0x91,
    0x94,0x0f,0x84,0xee,0x83,0x4b,0x6b,0x70,0x8c,0x34,0xad,0x75,0xad,0x9b,0x75,0xad,
    0x13,0xa5,0xce,0x7b,0xcd,0x7b,0x50,0x8c,0x4b,0x6b,0xc9,0x62,0xc9,0x62,0xc9,0x62,
    0xe9,0x62,0xee,0x83,0xf3,0xa4,0x33,0xa5,0xf2,0x9c,0x0e,0x84,0xc9,0x5a,0xc9,0x62,
    0xc9,0x62,0xc9,0x62,0xc9,0x62,0xc9,0x62,0xc9,0x62,0xc9,0x62,0xc9,0x62,0xc9,0x62,
    0xe9,0x5a,0x89,0x5b,0x3f,0x89,0x5b,0x83,0x69,0x5b,0xe9,0x5a,0xc9,0x62,0x2d,0xc9,
    0x62,0x9f,0x0f,0x84,0xb6,0xb5,0x13,0xa5,0x0f,0x84,0x55,0xad,0xd7,0xbd,0xd7,0xbd,
    0xd7,0xbd,0xd7,0xbd,0xd6,0xbd,0xd7,0xbd,0xd7,0xbd,0xb6,0xb5,0xee,0x83,0xc9,0x62,
    0xea,0x62,0xea,0x5a,0xea,0x5a,0xea,0x5a,0xea,0x5a,0xea,0x5a,0xd2,0x9c,0xd7,0xbd,
    0x55,0xad,0x2b,0x6b,0x6c,0x73,0x14,0xa5,0xd7,0xbd,0xd2,0x9c,0xea,0x62,0xc9,0x62,
    0x18,0xc9,0x62,0xff,0x2a,0x6b,0x32,0xb5,0x72,0xbd,0x72,0xbd,0x72,0xbd,0x72,0xbd,
    0x72,0xbd,0x72,0xbd,0x4f,0x94,0x0a,0x63,0xa9,0x5a,0x48,0x4a,0x07,0x42,0xc6,0x39,
    0x85,0x31,0x64,0x29,0x24,0x21,0xe3,0x20,0xc2,0x18,0x82,0x10,0x61,0x10,0x41,0x08,
    0x20,0x08,0x20,0x00,0x00,0x00,0x00,0x00,0x20,0x00,0x20,0x00,0x41,0x08,0x61,0x08,
    0x81,0x10,0xa2,0x10,0xc2,0x18,0x03,0x21,0x44,0x29,0x85,0x31,0xa6,0x39,0xe7,0x41,
    0x47,0x4a,0x68,0x52,0xc9,0x5a,0x6c,0x73,0xb0,0xa4,0x72,0xbd,0x73,0xbd,0x73,0xbd,
    0x73,0xbd,0x73,0xbd,0x52,0xb5,0x0e,0x8c,0xc9,0x62,0xc9,0x62,0xc9,0x62,0xc9,0x62,
    0xc9,0x62,0xc9,0x62,0x4b,0x6b,0x95,0xb5,0x79,0xce,0x9a,0xd6,0x38,0xc6,0x75,0xb5,
    0x13,0xa5,0x34,0xad,0x75,0xad,0x4b,0x6b,0xa9,0x5a,0xa9,0x5a,0xa9,0x5a,0xc9,0x5a,
    0xc9,0x62,0xc9,0x62,0xc9,0x62,0xc9,0x62,0xc9,0x5a,0xa8,0x5a,0xa8,0x5a,0xa8,0x5a,
    0xa8,0x5a,0xc9,0x5a,0xc9,0x62,0xc9,0x5a,0xa8,0x5a,0xa8,0x5a,0xa8,0x5a,0xa8,0x5a,
    0xc9,0x5a,0xc9,0x62,0xa9,0x5a,0xa9,0x5a,0xc9,0x62,0xc9,0x5a,0xa9,0x5a,0xc9,0x5a,
    0xc9,0x62,0xc9,0x62,0xc9,0x5a,0xa9,0x5a,0xa9,0x5a,0xa9,0x5a,0xc9,0x5a,0xc9,0x62,
    0xc9,0x5a,0xa9,0x5a,0xa9,0x5a,0xc9,0x62,0xc9,0x5a,0xa9,0x5a,0xc9,0x5a,0xc9,0x5a,
    0xa9,0x5a,0xa8,0x5a,0xa8,0x5a,0xa8,0x5a,0xa9,0x5a,0xc9,0x5a,0xc9,0x5a,0xa9,0x5a,
    0xa8,0x5a,0xa8,0x5a,0xa9,0x5a,0xa9,0x5a,0xc9,0x5a,0xc9,0x5a,0xa9,0x5a,0xa8,0x5a,
    0xa8,0x5a,0x9c,0xa8,0x5a,0xa8,0x5a,0xc9,0x5a,0xc9,0x5a,0xa9,0x5a,0xc9,0x5a,0xc9,
    0x62,0xc9,0x62,0xc9,0x62,0xc9,0x62,0xc9,0x5a,0xa9,0x5a,0xa8,0x5a,0xa9,0x5a,0xa9,
    0x5a,0xc9,0x62,0xc9,0x62,0xc9,0x62,0xc9,0x62,0xc9,0x62,0xc9,0x62,0xc9,0x62,0xc9,
    0x62,0xc9,0x62,0xc9,0x62,0x49,0x5b,0x29,0x4d,0x49,0x4d,0x3e,0x49,0x4d,0x83,0xe9,
    0x4c,0x69,0x5b,0xc9,0x62,0x2d,0xc9,0x62,0x9e,0x6c,0x73,0x30,0x8c,0xce,0x7b,0x0a,
    0x6b,0xad,0x7b,0x2f,0x84,0x50,0x8c,0x70,0x8c,0x71,0x94,0x71,0x8c,0x70,0x8c,0x30,
    0x8c,0xce,0x7b,0xe9,0x62,0xc9,0x62,0xc9,0x5a,0xc9,0x5a,0xc9,0x5a,0xc9,0x5a,0xc9,
    0x5a,0xc9,0x5a,0xad,0x7b,0x30,0x8c,0x0f,0x84,0xea,0x62,0x0a,0x6b,0xee,0x83,0x30,
    0x8c,0xcd,0x7b,0xc9,0x62,0x19,0xc9,0x62,0xc3,0x2a,0x6b,0x32,0xb5,0x72,0xbd,0x72,
    0xbd,0x72,0xbd,0x72,0xbd,0x72,0xbd,0x72,0xbd,0x90,0x9c,0x0a,0x63,0xa9,0x5a,0x48,
    0x52,0x07,0x42,0xc6,0x39,0x85,0x31,0x64,0x29,0x24,0x29,0xe3,0x20,0xc2,0x18,0x82,
    0x10,0x61,0x10,0x41,0x08,0x20,0x08,0x20,0x00,0x00,0x00,0x00,0x00,0x20,0x00,0x20,
    0x00,0x41,0x08,0x61,0x08,0x81,0x10,0xa2,0x10,0xc2,0x18,0x03,0x21,0x44,0x29,0x85,
    0x31,0xc6,0x39,0x07,0x42,0x47,0x4a,0x88,0x52,0xca,0x5a,0x8c,0x73,0xd1,0xa4,0x72,
    0xbd,0x73,0xbd,0x72,0xbd,0x73,0xbd,0x73,0xbd,0x52,0xb5,0x0e,0x8c,0xc9,0x62,0xc9,
    0x62,0xc9,0x62,0xc9,0x62,0xc9,0x62,0xc9,0x62,0xe9,0x62,0xce,0x7b,0x75,0xad,0x59,
    0xce,0x9a,0xd6,0x9a,0xd6,0x9a,0xd6,0x9a,0xd6,0xf7,0xc5,0x4b,0x73,0xc9,0x62,0x55,
    0xc9,0x62,0x82,0x09,0x5b,0x29,0x54,0x3f,0x29,0x54,0x83,0xe9,0x53,0x29,0x5b,0xc9,
    0x62,0x2d,0xc9,0x62,0x9e,0xc9,0x5a,0xc9,0x5a,0xc9,0x5a,0xc9,0x5a,0xc9,0x5a,0xc9,
    0x5a,0xc9,0x5a,0xc9,0x62,0xe9,0x62,0xe9,0x62,0xc9,0x62,0xc9,0x5a,0xc9,0x5a,0xc9,
    0x5a,0xc9,0x62,0xc9,0x62,0xc9,0x62,0xc9,0x62,0xc9,0x62,0xc9,0x62,0xc9,0x62,0xc9,
    0x5a,0xc9,0x5a,0xc9,0x5a,0xc9,0x5a,0xc9,0x62,0xc9,0x5a,0xc9,0x5a,0xc9,0x5a,0xc9,
    0x62,0x19,0xc9,0x62,0xc3,0x2a,0x6b,0x32,0xb5,0x72,0xbd,0x72,0xbd,0x72,0xbd,0x72,
    0xbd,0x72,0xbd,0x72,0xbd,0xb0,0xa4,0x0a,0x6b,0xa9,0x5a,0x68,0x52,0x27,0x4a,0xc6,
    0x39,0xa5,0x31,0x65,0x31,0x24,0x29,0xe3,0x20,0xc2,0x18,0xa2,0x10,0x61,0x10,0x41,
    0x08,0x40,0x08,0x20,0x00,0x00,0x00,0x00,0x00,0x20,0x00,0x20,0x00,0x41,0x08,0x61,
    0x08,0x81,0x10,0xa2,0x10,0xc3,0x18,0x03,0x21,0x44,0x29,0x85,0x31,0xc6,0x39,0x07,
    0x42,0x48,0x4a,0x89,0x52,0xca,0x62,0x8c,0x7b,0xf1,0xa4,0x73,0xbd,0x72,0xbd,0x73,
    0xbd,0x73,0xbd,0x72,0xbd,0x52,0xb5,0x0e,0x8c,0xc9,0x62,0xc9,0x62,0xc9,0x62,0xc9,
    0x62,0xc9,0x62,0xc9,0x62,0xc9,0x62,0xea,0x62,0xad,0x73,0x91,0x94,0x54,0xad,0x95,
    0xb5,0x95,0xb5,0x95,0xb5,0xf3,0x9c,0x0a,0x6b,0xc9,0x62,0x56,0xc9,0x62,0x40,0x09,
    0x5b,0x83,0xe9,0x5a,0xc9,0x5a,0xc9,0x62,0x64,0xc9,0x62,0xc2,0x2a,0x6b,0x32,0xb5,
    0x72,0xbd,0x72,0xbd,0x72,0xbd,0x72,0xbd,0x72,0xbd,0x72,0xbd,0xd0,0xa4,0x2b,0x6b,
    0xc9,0x5a,0x68,0x52,0x27,0x4a,0xe6,0x39,0xa5,0x31,0x65,0x31,0x24,0x29,0x03,0x21,
    0xc2,0x18,0xa2,0x10,0x81,0x10,0x41,0x08,0x40,0x08,0x20,0x00,0x00,0x00,0x00,0x00,
    0x20,0x00,0x20,0x00,0x41,0x08,0x61,0x08,0x82,0x10,0xa2,0x10,0xc3,0x18,0x03,0x21,
    0x44,0x29,0x85,0x31,0xc6,0x39,0x07,0x42,0x48,0x4a,0x89,0x52,0xea,0x62,0x8c,0x7b,
    0xf1,0xac,0x72,0xbd,0x73,0xbd,0x73,0xbd,0x72,0xbd,0x72,0xbd,0x52,0xb5,0x0e,0x8c,
    0xc9,0x62,0xc9,0x62,0xc9,0x62,0xc9,0x62,0xc9,0x62,0xc9,0x62,0xc9,0x62,0xc9,0x62,
    0xc9,0x62,0x0a,0x63,0x4b,0x6b,0x6c,0x73,0x6c,0x73,0x6c,0x73,0x4b,0x6b,0xc9,0x62,
    0x56,0xc9,0x62,0x82,0xea,0x5a,0x90,0x3b,0x3f,0x90,0x3b,0x83,0x6f,0x43,0x0b,0x53,
    0xc9,0x62,0x64,0xc9,0x62,0xb3,0x2a,0x6b,0x32,0xb5,0x72,0xbd,0x72,0xbd,0x72,0xbd,
    0x72,0xbd,0x72,0xbd,0x72,0xbd,0xf1,0xa4,0x2b,0x6b,0xc9,0x5a,0x68,0x52,0x27,0x4a,
    0xe6,0x41,0xa5,0x39,0x65,0x31,0x24,0x29,0x03,0x21,0xc2,0x18,0xa2,0x10,0x81,0x10,
    0x61,0x08,0x40,0x08,0x20,0x00,0x00,0x00,0x00,0x00,0x20,0x00,0x20,0x08,0x41,0x08,
    0x61,0x08,0x82,0x10,0xa2,0x18,0xe3,0x18,0x03,0x21,0x44,0x29,0x85,0x31,0xc6,0x39,
    0x07,0x42,0x48,0x4a,0x89,0x52,0xea,0x62,0xad,0x7b,0xf1,0xac,0x72,0xbd,0x73,0xbd,
    0x72,0xbd,0x73,0xbd,0x73,0xbd,0x52,0xb5,0x0e,0x8c,0xc9,0x62,0x65,0xc9,0x62,0x83,
    0x2c,0x4b,0x98,0x0c,0xb9,0x0c,0x3e,0xb9,0x0c,0x83,0x76,0x1c,0x4d,0x4b,0xc9,0x62,
    0x64,0xc9,0x62,0xb3,0x2a,0x6b,0x32,0xb5,0x72,0xbd,0x72,0xbd,0x72,0xbd,0x72,0xbd,
    0x72,0xbd,0x72,0xbd,0xf1,0xac,0x4b,0x6b,0xc9,0x5a,0x68,0x52,0x27,0x4a,0xe6,0x41,
    0xa5,0x39,0x65,0x31,0x24,0x29,0x03,0x21,0xc2,0x18,0xa2,0x10,0x81,0x10,0x61,0x08,
    0x40,0x08,0x20,0x00,0x00,0x00,0x00,0x00,0x20,0x00,0x20,0x08,0x41,0x08,0x61,0x10,
    0x82,0x10,0xa2,0x18,0xe3,0x18,0x03,0x21,0x44,0x29,0x85,0x31,0xc6,0x39,0x07,0x42,
    0x48,0x4a,0x89,0x52,0xea,0x62,0xcd,0x83,0x11,0xad,0x73,0xbd,0x73,0xbd,0x72,0xbd,
    0x72,0xbd,0x72,0xbd,0x52,0xb5,0x0e,0x8c,0xc9,0x62,0x65,0xc9,0x62,0x83,0x2c,0x4b,
    0xb9,0x0c,0xd9,0x04,0x3e,0xd9,0x04,0x83,0x77,0x14,0x4d,0x4b,0xc9,0x62,0x64,0xc9,
    0x62,0xb3,0x2a,0x6b,0x32,0xb5,0x72,0xbd,0x72,0xbd,0x72,0xbd,0x72,0xbd,0x72,0xbd,
    0x72,0xbd,0x11,0xad,0x4b,0x73,0xc9,0x5a,0x68,0x52,0x27,0x4a,0xe6,0x41,0xa5,0x39,
    0x85,0x31,0x44,0x29,0x03,0x21,0xc2,0x18,0xa2,0x10,0x81,0x10,0x61,0x08,0x40,0x08,
    0x20,0x00,0x00,0x00,0x00,0x00,0x20,0x00,0x20,0x08,0x41,0x08,0x61,0x10,0x82,0x10,
    0xa2,0x18,0xe3,0x18,0x03,0x21,0x44,0x29,0x85,0x31,0xc6,0x39,0x07,0x42,0x48,0x52,
    0x89,0x5a,0xea,0x62,0xed,0x83,0x11,0xad,0x73,0xbd,0x72,0xbd,0x73,0xbd,0x72,0xbd,
    0x73,0xbd,0x52,0xb5,0x0e,0x8c,0xc9,0x62,0x65,0xc9,0x62,0x83,0xc9,0x5a,0xea,0x52,
    0xeb,0x52,0x3e,0xeb,0x52,0x83,0xea,0x5a,0xc9,0x5a,0xc9,0x62,0x64,0xc9,0x62,0xb4,
    0x2a,0x6b,0x32,0xb5,0x72,0xbd,0x72,0xbd,0x72,0xbd,0x72,0xbd,0x72,0xbd,0x72,0xbd,
    0x11,0xad,0x6c,0x73,0xca,0x5a,0x88,0x52,0x27,0x4a,0xe7,0x41,0xa6,0x39,0x85,0x31,
    0x44,0x29,0x03,0x21,0xc3,0x18,0xa2,0x10,0x81,0x10,0x61,0x08,0x41,0x08,0x20,0x00,
    0x00,0x00,0x00,0x00,0x20,0x00,0x40,0x08,0x41,0x08,0x61,0x10,0xa2,0x10,0xa2,0x18,
    0xe3,0x18,0x24,0x21,0x64,0x29,0x85,0x31,0xc6,0x39,0x07,0x42,0x68,0x52,0xa9,0x5a,
    0xea,0x62,0xee,0x83,0x32,0xb5,0x73,0xbd,0x72,0xbd,0x73,0xbd,0x72,0xbd,0x73,0xbd,
    0x52,0xb5,0x4e,0x94,0xe9,0x62,0xc9,0x62,0x7f,0xc9,0x62,0x7f,0xc9,0x62,0xc3,0xc9,
    0x62,0xc9,0x62,0xc9,0x62,0xc9,0x62,0xc9,0x62,0xc9,0x62,0xc9,0x62,0xc9,0x62,0xc9,
    0x62,0xc9,0x62,0xc9,0x62,0xc9,0x62,0xc9,0x62,0xc9,0x62,0x6b,0x73,0x32,0xb5,0x72,
    0xbd,0x72,0xbd,0x72,0xbd,0x72,0xbd,0x52,0xb5,0x52,0xb5,0x11,0xad,0x8c,0x7b,0xca,
    0x62,0x89,0x52,0x27,0x4a,0xe7,0x41,0xa6,0x39,0x85,0x31,0x44,0x29,0x03,0x21,0xc3,
    0x18,0xa2,0x10,0x82,0x10,0x61,0x08,0x41,0x08,0x20,0x00,0x00,0x00,0x00,0x00,0x20,
    0x00,0x40,0x08,0x41,0x08,0x81,0x10,0xa2,0x10,0xc2,0x18,0xe3,0x20,0x24,0x21,0x64,
    0x29,0xa5,0x31,0xe6,0x41,0x27,0x4a,0x68,0x52,0xa9,0x5a,0x0a,0x63,0x0e,0x8c,0x32,
    0xb5,0x73,0xbd,0x73,0xbd,0x72,0xbd,0x72,0xbd,0x73,0xbd,0x73,0xbd,0x11,0xad,0xcd,
    0x83,0x2a,0x6b,0xe9,0x62,0x7f,0xe9,0x62,0x7f,0xe9,0x62,0xc2,0xe9,0x62,0xe9,0x62,
    0xe9,0x62,0xe9,0x62,0xe9,0x62,0xe9,0x62,0xe9,0x62,0xe9,0x62,0xe9,0x62,0xe9,0x62,
    0xe9,0x62,0x0a,0x6b,0x6b,0x73,0x6f,0x94,0x72,0xbd,0x72,0xbd,0x72,0xbd,0x72,0xbd,
    0x52,0xb5,0x52,0xb5,0x52,0xb5,0x31,0xad,0xcd,0x7b,0xea,0x62,0x89,0x52,0x48,0x4a,
    0xe7,0x41,0xc6,0x39,0x85,0x31,0x44,0x29,0x03,0x21,0xe3,0x18,0xa2,0x18,0x82,0x10,
    0x61,0x08,0x41,0x08,0x20,0x00,0x00,0x00,0x00,0x00,0x20,0x00,0x40,0x08,0x41,0x08,
    0x81,0x10,0xa2,0x10,0xc2,0x18,0xe3,0x20,0x24,0x29,0x65,0x31,0xa5,0x39,0xe6,0x41,
    0x27,0x4a,0x68,0x52,0xa9,0x5a,0x0a,0x63,0x0e,0x8c,0x32,0xb5,0x73,0xbd,0x73,0xbd,
    0x73,0xbd,0x73,0xbd,0x73,0xbd,0x73,0xbd,0x52,0xb5,0xf1,0xa4,0x4e,0x94,0xed,0x83,
    0x7f,0xed,0x83,0x7f,0xed,0x83,0xdc,0xed,0x83,0xed,0x83,0xed,0x83,0xed,0x83,0xed,
    0x83,0xed,0x83,0xed,0x83,0xed,0x83,0xed,0x83,0xed,0x83,0xed,0x83,0x2e,0x94,0xd0,
    0xa4,0x11,0xad,0x72,0xbd,0x72,0xbd,0x72,0xbd,0x52,0xb5,0x52,0xb5,0x52,0xb5,0x52,
    0xb5,0x31,0xb5,0xcd,0x83,0xea,0x62,0x89,0x52,0x48,0x4a,0x07,0x42,0xc6,0x39,0x85,
    0x31,0x44,0x29,0x03,0x21,0xe3,0x18,0xa2,0x18,0x82,0x10,0x61,0x08,0x41,0x08,0x20,
    0x08,0x00,0x00,0x00,0x00,0x20,0x00,0x40,0x08,0x61,0x08,0x81,0x10,0xa2,0x10,0xc2,
    0x18,0xe3,0x20,0x24,0x29,0x65,0x31,0xa5,0x39,0xe6,0x41,0x27,0x4a,0x68,0x52,0xa9,
    0x5a,0x0a,0x6b,0x2e,0x8c,0x52,0xb5,0x72,0xbd,0x73,0xbd,0x73,0xbd,0x73,0xbd,0x73,
    0xbd,0x73,0xbd,0x73,0xbd,0x52,0xb5,0x52,0xb5,0x32,0xb5,0x32,0xad,0x32,0xad,0x32,
    0xad,0x32,0xad,0x32,0xad,0x32,0xad,0x32,0xad,0x32,0xad,0x32,0xb5,0x32,0xad,0x32,
    0xad,0x32,0xad,0x32,0xad,0x32,0xad,0x32,0xad,0x32,0xad,0x32,0xad,0x32,0xad,0x32,
    0xad,0x32,0xad,0x32,0xad,0x32,0xad,0x32,0xb5,0x32,0xad,0x32,0xb5,0x32,0xad,0x7f,
    0x32,0xad,0x6f,0x32,0xad,0xff,0x31,0xad,0x32,0xb5,0x52,0xb5,0x32,0xb5,0x72,0xbd,
    0x72,0xbd,0x52,0xb5,0x52,0xb5,0x52,0xb5,0x52,0xb5,0x52,0xb5,0x31,0xb5,0xed,0x83,
    0xea,0x62,0xa9,0x5a,0x48,0x4a,0x07,0x42,0xc6,0x39,0x85,0x31,0x44,0x29,0x23,0x21,
    0xe3,0x18,0xa2,0x18,0x82,0x10,0x61,0x08,0x41,0x08,0x40,0x08,0x00,0x00,0x00,0x00,
    0x20,0x00,0x40,0x08,0x61,0x08,0x81,0x10,0xa2,0x10,0xc2,0x18,0xe3,0x20,0x24,0x29,
    0x65,0x31,0xa5,0x39,0xe6,0x41,0x27,0x4a,0x68,0x52,0xa9,0x5a,0x2b,0x6b,0x4f,0x94,
    0x52,0xb5,0x72,0xbd,0x73,0xbd,0x72,0xbd,0x72,0xbd,0x73,0xbd,0x73,0xbd,0x73,0xbd,
    0x73,0xbd,0x73,0xbd,0x73,0xbd,0x73,0xbd,0x72,0xbd,0x72,0xbd,0x73,0xbd,0x73,0xbd,
    0x73,0xbd,0x73,0xbd,0x73,0xbd,0x73,0xbd,0x73,0xbd,0x73,0xbd,0x73,0xbd,0x73,0xbd,
    0x73,0xbd,0x73,0xbd,0x73,0xbd,0x72,0xbd,0x73,0xbd,0x72,0xbd,0x73,0xbd,0x73,0xbd,
    0x73,0xbd,0x73,0xbd,0x73,0xbd,0x73,0xbd,0x73,0xbd,0x73,0xbd,0x73,0xbd,0x73,0xbd,
    0x73,0xbd,0x73,0xbd,0x73,0xbd,0x73,0xbd,0x73,0xbd,0x73,0xbd,0x72,0xbd,0x73,0xbd,
    0x73,0xbd,0x73,0xbd,0x73,0xbd,0x73,0xbd,0x73,0xbd,0x73,0xbd,0x72,0xbd,0x73,0xbd,
    0x73,0xbd,0x73,0xbd,0x73,0xbd,0x73,0xbd,0x72,0xbd,0x73,0xbd,0x73,0xbd,0x73,0xbd,
    0x73,0xbd,0x73,0xbd,0x73,0xbd,0x73,0xbd,0x73,0xbd,0x73,0xbd,0x72,0xbd,0x73,0xbd,
    0x72,0xbd,0x73,0xbd,0x73,0xbd,0x72,0xbd,0x73,0xbd,0x73,0xbd,0x73,0xbd,0x73,0xbd,
    0x73,0xbd,0x73,0xbd,0xab,0x73,0xbd,0x73,0xbd,0x72,0xbd,0x73,0xbd,0x72,0xbd,0x73,
    0xbd,0x73,0xbd,0x73,0xbd,0x72,0xbd,0x73,0xbd,0x72,0xbd,0x72,0xbd,0x73,0xbd,0x73,
    0xbd,0x73,0xbd,0x73,0xbd,0x73,0xbd,0x72,0xbd,0x73,0xbd,0x73,0xbd,0x73,0xbd,0x72,
    0xbd,0x72,0xbd,0x73,0xbd,0x73,0xbd,0x73,0xbd,0x72,0xbd,0x73,0xbd,0x72,0xbd,0x72,
    0xbd,0x73,0xbd,0x72,0xbd,0x73,0xbd,0x72,0xbd,0x73,0xbd,0x72,0xbd,0x72,0xbd,0x72,
    0xbd,0x72,0xbd,0x73,0xbd,0x73,0xbd,0x73,0xbd,0x72,0xbd,0x25,0x72,0xbd,0x84,0x73,
    0xbd,0x72,0xbd,0x73,0xbd,0x72,0xbd,0x70,0x72,0xbd,0xce,0x32,0xb5,0x72,0xbd,0x52,
    0xb5,0x52,0xb5,0x52,0xb5,0x52,0xb5,0x52,0xb5,0x52,0xb5,0x32,0xb5,0x0e,0x8c,0xea,
    0x62,0xa9,0x5a,0x48,0x4a,0x07,0x42,0xc6,0x39,0x85,0x31,0x44,0x29,0x24,0x21,0xe3,
    0x18,0xa2,0x18,0x82,0x10,0x61,0x08,0x41,0x08,0x40,0x08,0x00,0x00,0x20,0x00,0x20,
    0x00,0x40,0x08,0x61,0x08,0x81,0x10,0xa2,0x10,0xc2,0x18,0x03,0x21,0x24,0x29,0x65,
    0x31,0xa6,0x39,0xe6,0x41,0x27,0x4a,0x68,0x52,0xc9,0x5a,0x2b,0x6b,0x6f,0x94,0x73,
    0xb5,0x73,0xbd,0x73,0xbd,0x72,0xbd,0x73,0xbd,0x72,0xbd,0x73,0xbd,0x73,0xbd,0x73,
    0xbd,0x73,0xbd,0x72,0xbd,0x72,0xbd,0x73,0xbd,0x73,0xbd,0x73,0xbd,0x73,0xbd,0x73,
    0xbd,0x73,0xbd,0x73,0xbd,0x72,0xbd,0x73,0xbd,0x73,0xbd,0x73,0xbd,0x73,0xbd,0x73,
    0xbd,0x73,0xbd,0x73,0xbd,0x73,0xbd,0x73,0xbd,0x72,0xbd,0x73,0xbd,0x73,0xbd,0x73,
    0xbd,0x73,0xbd,0x72,0xbd,0x73,0xbd,0x12,0x73,0xbd,0xd8,0x72,0xbd,0x73,0xbd,0x72,
    0xbd,0x73,0xbd,0x73,0xbd,0x73,0xbd,0x72,0xbd,0x73,0xbd,0x72,0xbd,0x73,0xbd,0x73,
    0xbd,0x73,0xbd,0x73,0xbd,0x73,0xbd,0x73,0xbd,0x72,0xbd,0x73,0xbd,0x73,0xbd,0x73,
    0xbd,0x73,0xbd,0x73,0xbd,0x73,0xbd,0x73,0xbd,0x73,0xbd,0x72,0xbd,0x72,0xbd,0x73,
    0xbd,0x73,0xbd,0x73,0xbd,0x72,0xbd,0x73,0xbd,0x72,0xbd,0x73,0xbd,0x73,0xbd,0x73,
    0xbd,0x72,0xbd,0x72,0xbd,0x73,0xbd,0x72,0xbd,0x72,0xbd,0x73,0xbd,0x73,0xbd,0x73,
    0xbd,0x72,0xbd,0x73,0xbd,0x72,0xbd,0x72,0xbd,0x72,0xbd,0x72,0xbd,0x73,0xbd,0x72,
    0xbd,0x73,0xbd,0x72,0xbd,0x72,0xbd,0x72,0xbd,0x73,0xbd,0x72,0xbd,0x72,0xbd,0x73,
    0xbd,0x73,0xbd,0x72,0xbd,0x72,0xbd,0x72,0xbd,0x72,0xbd,0x72,0xbd,0x73,0xbd,0x72,
    0xbd,0x72,0xbd,0x72,0xbd,0x72,0xbd,0x72,0xbd,0x72,0xbd,0x72,0xbd,0x72,0xbd,0x72,
    0xbd,0x72,0xbd,0x73,0xbd,0x73,0xbd,0x72,0xbd,0x72,0xbd,0x72,0xbd,0x72,0xbd,0x72,
    0xbd,0x72,0xbd,0x73,0xbd,0x72,0xbd,0x73,0xbd,0x72,0xbd,0x16,0x72,0xbd,0x8c,0x73,
    0xbd,0x72,0xbd,0x72,0xbd,0x72,0xbd,0x72,0xbd,0x72,0xbd,0x72,0xbd,0x72,0xbd,0x72,
    0xbd,0x72,0xbd,0x73,0xbd,0x72,0xbd,0x66,0x72,0xbd,0xc9,0x32,0xb5,0x52,0xb5,0x52,
    0xb5,0x52,0xb5,0x52,0xb5,0x52,0xb5,0x52,0xb5,0x52,0xb5,0x32,0xb5,0x0e,0x8c,0xea,
    0x62,0xa9,0x5a,0x48,0x4a,0x07,0x42,0xc6,0x39,0xa5,0x31,0x64,0x29,0x24,0x21,0xe3,
    0x20,0xc2,0x18,0x82,0x10,0x61,0x08,0x41,0x08,0x40,0x08,0x00,0x00,0x20,0x00,0x20,
    0x00,0x41,0x08,0x61,0x08,0x81,0x10,0xa2,0x10,0xc2,0x18,0x03,0x21,0x24,0x29,0x65,
    0x31,0xa6,0x39,0xe7,0x41,0x47,0x4a,0x88,0x52,0xc9,0x5a,0x2b,0x6b,0x6f,0x9c,0x72,
    0xbd,0x72,0xbd,0x72,0xbd,0x72,0xbd,0x72,0xbd,0x73,0xbd,0x73,0xbd,0x73,0xbd,0x72,
    0xbd,0x73,0xbd,0x73,0xbd,0x73,0xbd,0x73,0xbd,0x72,0xbd,0x73,0xbd,0x73,0xbd,0x73,
    0xbd,0x73,0xbd,0x73,0xbd,0x73,0xbd,0x73,0xbd,0x73,0xbd,0x73,0xbd,0x72,0xbd,0x73,
    0xbd,0x73,0xbd,0x73,0xbd,0x73,0xbd,0x73,0xbd,0x72,0xbd,0x73,0xbd,0x19,0x73,0xbd,
    0xe7,0x72,0xbd,0x73,0xbd,0x72,0xbd,0x73,0xbd,0x73,0xbd,0x72,0xbd,0x73,0xbd,0x73,
    0xbd,0x73,0xbd,0x72,0xbd,0x73,0xbd,0x73,0xbd,0x73,0xbd,0x73,0xbd,0x72,0xbd,0x73,
    0xbd,0x73,0xbd,0x73,0xbd,0x73,0xbd,0x72,0xbd,0x73,0xbd,0x73,0xbd,0x73,0xbd,0x72,
    0xbd,0x73,0xbd,0x72,0xbd,0x73,0xbd,0x73,0xbd,0x72,0xbd,0x73,0xbd,0x73,0xbd,0x73,
    0xbd,0x73,0xbd,0x73,0xbd,0x73,0xbd,0x72,0xbd,0x73,0xbd,0x72,0xbd,0x72,0xbd,0x72,
    0xbd,0x73,0xbd,0x73,0xbd,0x72,0xbd,0x72,0xbd,0x73,0xbd,0x73,0xbd,0x72,0xbd,0x73,
    0xbd,0x72,0xbd,0x72,0xbd,0x72,0xbd,0x72,0xbd,0x73,0xbd,0x73,0xbd,0x73,0xbd,0x72,
    0xbd,0x72,0xbd,0x73,0xbd,0x72,0xbd,0x73,0xbd,0x73,0xbd,0x72,0xbd,0x72,0xbd,0x73,
    0xbd,0x73,0xbd,0x72,0xbd,0x72,0xbd,0x72,0xbd,0x73,0xbd,0x72,0xbd,0x72,0xbd,0x73,
    0xbd,0x73,0xbd,0x73,0xbd,0x72,0xbd,0x72,0xbd,0x72,0xbd,0x72,0xbd,0x73,0xbd,0x72,
    0xbd,0x72,0xbd,0x72,0xbd,0x72,0xbd,0x72,0xbd,0x72,0xbd,0x72,0xbd,0x73,0xbd,0x72,
    0xbd,0x72,0xbd,0x72,0xbd,0x73,0xbd,0x72,0xbd,0x72,0xbd,0x73,0xbd,0x72,0xbd,0x72,
    0xbd,0x72,0xbd,0x72,0xbd,0x72,0xbd,0x72,0xbd,0x72,0xbd,0x73,0xbd,0x72,0xbd,0x77,
    0x72,0xbd,0xca,0x32,0xb5,0x52,0xb5,0x52,0xb5,0x52,0xb5,0x52,0xb5,0x52,0xb5,0x52,
    0xb5,0x52,0xb5,0x31,0xb5,0x2e,0x8c,0x0a,0x63,0xa9,0x5a,0x48,0x52,0x07,0x42,0xc6,
    0x39,0xa5,0x31,0x65,0x29,0x24,0x21,0xe3,0x20,0xc2,0x18,0xa2,0x10,0x61,0x10,0x41,
    0x08,0x40,0x08,0x00,0x00,0x20,0x00,0x20,0x00,0x41,0x08,0x61,0x08,0x82,0x10,0xa2,
    0x10,0xc2,0x18,0x03,0x21,0x44,0x29,0x85,0x31,0xc6,0x39,0x07,0x42,0x48,0x4a,0x89,
    0x52,0xc9,0x5a,0x4b,0x6b,0x90,0x9c,0x72,0xbd,0x72,0xbd,0x72,0xbd,0x72,0xbd,0x72,
    0xbd,0x72,0xbd,0x72,0xbd,0x73,0xbd,0x72,0xbd,0x73,0xbd,0x73,0xbd,0x72,0xbd,0x73,
    0xbd,0x73,0xbd,0x72,0xbd,0x72,0xbd,0x72,0xbd,0x73,0xbd,0x73,0xbd,0x73,0xbd,0x73,
    0xbd,0x73,0xbd,0x73,0xbd,0x73,0xbd,0x73,0xbd,0x73,0xbd,0x73,0xbd,0x73,0xbd,0x73,
    0xbd,0x73,0xbd,0x72,0xbd,0x73,0xbd,0x13,0x73,0xbd,0xfa,0x72,0xbd,0x73,0xbd,0x73,
    0xbd,0x73,0xbd,0x73,0xbd,0x73,0xbd,0x73,0xbd,0x73,0xbd,0x73,0xbd,0x73,0xbd,0x73,
    0xbd,0x73,0xbd,0x72,0xbd,0x72,0xbd,0x73,0xbd,0x73,0xbd,0x73,0xbd,0x73,0xbd,0x73,
    0xbd,0x72,0xbd,0x73,0xbd,0x73,0xbd,0x73,0xbd,0x73,0xbd,0x72,0xbd,0x72,0xbd,0x72,
    0xbd,0x73,0xbd,0x72,0xbd,0x73,0xbd,0x73,0xbd,0x73,0xbd,0x73,0xbd,0x73,0xbd,0x72,
    0xbd,0x73,0xbd,0x72,0xbd,0x73,0xbd,0x73,0xbd,0x73,0xbd,0x73,0xbd,0x73,0xbd,0x73,
    0xbd,0x72,0xbd,0x73,0xbd,0x73,0xbd,0x73,0xbd,0x73,0xbd,0x73,0xbd,0x73,0xbd,0x72,
    0xbd,0x72,0xbd,0x73,0xbd,0x73,0xbd,0x72,0xbd,0x72,0xbd,0x73,0xbd,0x73,0xbd,0x72,
    0xbd,0x73,0xbd,0x73,0xbd,0x73,0xbd,0x73,0xbd,0x73,0xbd,0x73,0xbd,0x72,0xbd,0x73,
    0xbd,0x72,0xbd,0x73,0xbd,0x73,0xbd,0x72,0xbd,0x73,0xbd,0x72,0xbd,0x72,0xbd,0x73,
    0xbd,0x72,0xbd,0x73,0xbd,0x72,0xbd,0x73,0xbd,0x72,0xbd,0x72,0xbd,0x72,0xbd,0x72,
    0xbd,0x72,0xbd,0x72,0xbd,0x72,0xbd,0x72,0xbd,0x72,0xbd,0x72,0xbd,0x72,0xbd,0x73,
    0xbd,0x72,0xbd,0x72,0xbd,0x72,0xbd,0x72,0xbd,0x72,0xbd,0x72,0xbd,0x72,0xbd,0x73,
    0xbd,0x72,0xbd,0x73,0xbd,0x72,0xbd,0x72,0xbd,0x72,0xbd,0x73,0xbd,0x72,0xbd,0x72,
    0xbd,0x72,0xbd,0x72,0xbd,0x72,0xbd,0x72,0xbd,0x72,0xbd,0x72,0xbd,0x72,0xbd,0x72,
    0xbd,0x72,0xbd,0x72,0xbd,0x72,0xbd,0x72,0xbd,0x72,0xbd,0x73,0xbd,0x72,0xbd,0x69,
    0x72,0xbd,0xdf,0x32,0xb5,0x52,0xb5,0x52,0xb5,0x52,0xb5,0x52,0xb5,0x52,0xb5,0x52,
    0xb5,0x52,0xb5,0x31,0xb5,0x2e,0x94,0x0a,0x63,0xa9,0x5a,0x68,0x52,0x27,0x4a,0xc6,
    0x39,0xa5,0x39,0x65,0x29,0x24,0x29,0xe3,0x20,0xc2,0x18,0xa2,0x10,0x61,0x10,0x41,
    0x08,0x40,0x08,0x00,0x00,0x20,0x00,0x20,0x00,0x41,0x08,0x61,0x08,0x82,0x10,0xa2,
    0x18,0xc3,0x18,0x03,0x21,0x44,0x29,0x85,0x31,0xc6,0x39,0x07,0x42,0x48,0x4a,0x89,
    0x52,0xca,0x5a,0x4b,0x73,0xb0,0x9c,0x72,0xb5,0x73,0xbd,0x73,0xbd,0x72,0xbd,0x72,
    0xbd,0x72,0xbd,0x72,0xbd,0x73,0xbd,0x72,0xbd,0x73,0xbd,0x72,0xbd,0x73,0xbd,0x73,
    0xbd,0x73,0xbd,0x72,0xbd,0x73,0xbd,0x73,0xbd,0x72,0xbd,0x72,0xbd,0x73,0xbd,0x73,
    0xbd,0x73,0xbd,0x73,0xbd,0x73,0xbd,0x73,0xbd,0x73,0xbd,0x73,0xbd,0x72,0xbd,0x73,
    0xbd,0x72,0xbd,0x73,0xbd,0x73,0xbd,0x52,0xb5,0x11,0xad,0xf1,0xac,0xf1,0xac,0xf1,
    0xac,0x11,0xad,0xf1,0xac,0xf1,0xac,0xf1,0xac,0xf1,0xac,0xf1,0xac,0xf1,0xac,0xf1,
    0xac,0x11,0xad,0xf1,0xac,0x11,0xad,0xf1,0xac,0xf1,0xac,0xf1,0xac,0x11,0xad,0xf1,
    0xac,0x1a,0xf1,0xac,0x90,0x11,0xad,0xf1,0xac,0xf1,0xac,0xf1,0xac,0xf1,0xac,0xf1,
    0xac,0x11,0xad,0xf1,0xac,0xf1,0xac,0xf1,0xac,0xf1,0xac,0xf1,0xac,0xf1,0xac,0xf1,
    0xac,0x11,0xad,0xf1,0xac,0x2e,0xf1,0xac,0x82,0x11,0xad,0xf1,0xac,0x6e,0xf1,0xac,
    0x82,0x31,0xad,0x72,0xbd,0x17,0x72,0xbd,0xb9,0x32,0xb5,0x52,0xb5,0x52,0xb5,0x52,
    0xb5,0x52,0xb5,0x52,0xb5,0x52,0xb5,0x32,0xb5,0x31,0xb5,0x4e,0x94,0x2b,0x6b,0xa9,
    0x5a,0x68,0x52,0x27,0x4a,0xe6,0x41,0xa5,0x39,0x65,0x31,0x24,0x29,0xe3,0x20,0xc2,
    0x18,0xa2,0x10,0x61,0x10,0x41,0x08,0x40,0x08,0x00,0x00,0x20,0x00,0x20,0x08,0x41,
    0x08,0x61,0x08,0x82,0x10,0xa2,0x18,0xc3,0x18,0x03,0x21,0x44,0x29,0x85,0x31,0xc6,
    0x39,0x07,0x42,0x48,0x4a,0x89,0x5a,0xca,0x62,0x4b,0x73,0xb0,0xa4,0x52,0xb5,0x52,
    0xb5,0x72,0xbd,0x73,0xbd,0x72,0xbd,0x72,0xbd,0x72,0xbd,0x73,0xbd,0x72,0xbd,0x73,
    0xbd,0x73,0xbd,0x73,0xbd,0x72,0xbd,0x72,0xbd,0x73,0xbd,0x11,0x73,0xbd,0x83,0x90,
    0x9c,0x0b,0x63,0x89,0x52,0x7f,0x89,0x52,0x5b,0x89,0x52,0x82,0xad,0x7b,0x72,0xbd,
    0x16,0x72,0xbd,0xb5,0x52,0xb5,0x31,0xb5,0x52,0xb5,0x52,0xb5,0x52,0xb5,0x52,0xb5,
    0x52,0xb5,0x32,0xb5,0x32,0xb5,0x31,0xb5,0x6f,0x94,0x2b,0x6b,0xa9,0x5a,0x68,0x52,
    0x27,0x4a,0xe6,0x41,0xa6,0x39,0x65,0x31,0x24,0x29,0x03,0x21,0xc2,0x18,0xa2,0x10,
    0x81,0x10,0x41,0x08,0x41,0x08,0x00,0x00,0x20,0x00,0x20,0x08,0x41,0x08,0x61,0x08,
    0x82,0x10,0xa2,0x18,0xe3,0x18,0x03,0x21,0x44,0x29,0x85,0x31,0xc6,0x39,0x07,0x42,
    0x48,0x4a,0x89,0x5a,0xca,0x62,0x6c,0x73,0xd1,0xa4,0x52,0xb5,0x52,0xb5,0x52,0xb5,
    0x52,0xb5,0x72,0xbd,0x72,0xbd,0x72,0xbd,0x73,0xbd,0x72,0xbd,0x73,0xbd,0x16,0x73,
    0xbd,0xf7,0x90,0x9c,0x0a,0x63,0x89,0x52,0x89,0x52,0x89,0x52,0x89,0x52,0x89,0x52,
    0x89,0x52,0x89,0x52,0x89,0x52,0x89,0x52,0x89,0x52,0x89,0x52,0x89,0x52,0x89,0x4a,
    0x89,0x52,0x89,0x52,0x89,0x52,0x89,0x52,0x89,0x52,0x89,0x4a,0x89,0x52,0x89,0x4a,
    0x89,0x52,0x89,0x52,0x89,0x52,0x69,0x4a,0x69,0x4a,0x89,0x52,0x89,0x52,0x69,0x4a,
    0x89,0x52,0x89,0x52,0x89,0x52,0x89,0x52,0x89,0x52,0x89,0x4a,0x89,0x52,0x89,0x4a,
    0x89,0x52,0x89,0x52,0x89,0x4a,0x89,0x4a,0x89,0x4a,0x89,0x52,0x69,0x4a,0x89,0x4a,
    0x89,0x52,0x89,0x52,0x89,0x52,0x89,0x4a,0x69,0x4a,0x89,0x52,0x89,0x52,0x89,0x52,
    0x69,0x4a,0x68,0x4a,0x69,0x4a,0x89,0x52,0x68,0x4a,0x89,0x52,0x89,0x52,0x68,0x4a,
    0x89,0x4a,0x68,0x4a,0x89,0x4a,0x89,0x52,0x89,0x4a,0x89,0x4a,0x89,0x52,0x68,0x4a,
    0x68,0x4a,0x69,0x4a,0x69,0x4a,0x89,0x4a,0x68,0x4a,0x68,0x4a,0x89,0x52,0x68,0x4a,
    0x69,0x4a,0x69,0x4a,0x69,0x4a,0x68,0x4a,0x69,0x4a,0x89,0x4a,0x89,0x52,0x68,0x4a,
    0x89,0x4a,0x68,0x4a,0x68,0x4a,0x68,0x4a,0x88,0x4a,0x68,0x4a,0x89,0x52,0x68,0x4a,
    0x89,0x4a,0x89,0x4a,0x89,0x4a,0x68,0x4a,0x68,0x4a,0x68,0x4a,0x89,0x52,0x68,0x4a,
    0x68,0x4a,0x68,0x4a,0x68,0x4a,0x89,0x4a,0x68,0x4a,0x89,0x4a,0x68,0x4a,0x68,0x4a,
    0x68,0x4a,0x68,0x4a,0x68,0x4a,0x68,0x4a,0x68,0x4a,0x68,0x4a,0x89,0x4a,0x68,0x4a,
    0x5e,0x68,0x4a,0x8a,0x48,0x4a,0x68,0x4a,0x68,0x4a,0x68,0x4a,0x68,0x4a,0x68,0x4a,
    0x68,0x4a,0x68,0x4a,0x8c,0x73,0x72,0xbd,0x15,0x72,0xbd,0xb6,0x52,0xb5,0x52,0xb5,
    0x31,0xb5,0x52,0xb5,0x52,0xb5,0x52,0xb5,0x52,0xb5,0x32,0xb5,0x32,0xb5,0x31,0xb5,
    0x11,0xad,0x6f,0x9c,0x4b,0x73,0xc9,0x5a,0x68,0x52,0x27,0x4a,0xe6,0x41,0xa6,0x39,
    0x65,0x31,0x24,0x29,0x03,0x21,0xc2,0x18,0xa2,0x10,0x81,0x10,0x61,0x08,0x41,0x08,
    0x00,0x00,0x20,0x00,0x20,0x08,0x41,0x08,0x61,0x08,0x82,0x10,0xa2,0x18,0xe3,0x18,
    0x03,0x21,0x44,0x29,0x85,0x31,0xc6,0x39,0x07,0x42,0x48,0x52,0xa9,0x5a,0xea,0x62,
    0x6c,0x73,0xf1,0xac,0x52,0xb5,0x52,0xb5,0x52,0xb5,0x73,0xbd,0x72,0xb5,0x72,0xbd,
    0x72,0xbd,0x73,0xbd,0x52,0xb5,0x73,0xbd,0x16,0x73,0xbd,0xff,0x90,0x9c,0xa9,0x5a,
    0x27,0x42,0x27,0x42,0x27,0x42,0x47,0x42,0x27,0x42,0x27,0x42,0x47,0x42,0x27,0x42,
    0x27,0x42,0x27,0x42,0x27,0x42,0x27,0x42,0x27,0x42,0x27,0x42,0x27,0x42,0x47,0x42,
    0x27,0x42,0x48,0x42,0x27,0x42,0x48,0x42,0x27,0x42,0x27,0x42,0x27,0x42,0x27,0x42,
    0x27,0x42,0x27,0x42,0x27,0x42,0x27,0x42,0x27,0x42,0x27,0x42,0x27,0x42,0x27,0x42,
    0x27,0x42,0x47,0x42,0x27,0x42,0x27,0x42,0x27,0x42,0x27,0x42,0x27,0x42,0x27,0x42,
    0x27,0x42,0x27,0x42,0x27,0x42,0x27,0x42,0x27,0x42,0x27,0x42,0x27,0x42,0x27,0x42,
    0x27,0x42,0x27,0x42,0x27,0x42,0x47,0x42,0x27,0x42,0x27,0x42,0x27,0x42,0x27,0x42,
    0x27,0x42,0x27,0x42,0x27,0x42,0x47,0x42,0x07,0x42,0x27,0x42,0x27,0x42,0x27,0x42,
    0x27,0x42,0x27,0x42,0x27,0x42,0x27,0x42,0x27,0x42,0x27,0x42,0x27,0x42,0x27,0x42,
    0x27,0x42,0x07,0x42,0x27,0x42,0x27,0x42,0x27,0x42,0x27,0x42,0x07,0x42,0x27,0x42,
    0x27,0x42,0x27,0x42,0x27,0x42,0x27,0x42,0x27,0x42,0x27,0x42,0x27,0x42,0x27,0x42,
    0x07,0x42,0x27,0x42,0x27,0x42,0x27,0x42,0x07,0x42,0x27,0x42,0x27,0x42,0x27,0x42,
    0x27,0x42,0x27,0x42,0x07,0x42,0x27,0x42,0x07,0x42,0x07,0x42,0x27,0x42,0x27,0x42,
    0x27,0x42,0x07,0x42,0x27,0x42,0x07,0x42,0x07,0x42,0x27,0x42,0x07,0x42,0x07,0x42,
    0x07,0x42,0x07,0x42,0x07,0x42,0x07,0x42,0x27,0x42,0x07,0x42,0x07,0x42,0x07,0x42,
    0x27,0x42,0x07,0x42,0x07,0x42,0x07,0x42,0x07,0x42,0x85,0x07,0x42,0x07,0x42,0x07,
    0x42,0x27,0x42,0x07,0x42,0x29,0x07,0x42,0xb2,0x06,0x42,0x07,0x42,0x07,0x42,0x07,
    0x42,0x06,0x42,0x07,0x42,0x07,0x42,0x06,0x42,0x07,0x42,0x07,0x42,0x07,0x42,0x06,
    0x42,0x07,0x42,0x07,0x42,0x07,0x42,0x06,0x42,0xe6,0x39,0x06,0x42,0x06,0x3a,0x07,
    0x42,0x06,0x42,0x06,0x42,0x07,0x42,0x06,0x3a,0x06,0x3a,0x06,0x3a,0x06,0x42,0x06,
    0x3a,0x06,0x3a,0x07,0x42,0x06,0x3a,0x07,0x42,0x06,0x3a,0x06,0x42,0x06,0x3a,0x06,
    0x42,0x06,0x42,0x06,0x3a,0x06,0x42,0x07,0x42,0xe6,0x39,0x06,0x3a,0x06,0x42,0xe6,
    0x39,0x06,0x42,0x06,0x3a,0x06,0x3a,0x07,0x42,0x4b,0x6b,0x72,0xbd,0x14,0x72,0xbd,
    0xb7,0x52,0xb5,0x52,0xb5,0x52,0xb5,0x31,0xad,0x52,0xb5,0x52,0xb5,0x52,0xb5,0x52,
    0xb5,0x32,0xb5,0x31,0xb5,0x31,0xb5,0x11,0xad,0x8f,0x9c,0x6b,0x73,0xc9,0x5a,0x68,
    0x52,0x27,0x4a,0xe6,0x41,0xa6,0x39,0x85,0x31,0x24,0x29,0x03,0x21,0xc2,0x18,0xa2,
    0x10,0x81,0x10,0x61,0x08,0x41,0x08,0x00,0x00,0x20,0x00,0x40,0x08,0x41,0x08,0x61,
    0x10,0x82,0x10,0xc2,0x18,0xe3,0x18,0x03,0x21,0x44,0x29,0x85,0x31,0xc6,0x39,0x27,
    0x42,0x68,0x52,0xa9,0x5a,0xea,0x62,0x8c,0x7b,0x11,0xad,0x52,0xb5,0x52,0xb5,0x52,
    0xb5,0x52,0xb5,0x52,0xb5,0x52,0xb5,0x72,0xbd,0x73,0xbd,0x52,0xb5,0x73,0xbd,0x16,
    0x73,0xbd,0xc0,0x8f,0x9c,0xa9,0x5a,0x27,0x42,0x27,0x42,0x27,0x42,0x27,0x42,0x27,
    0x42,0x48,0x42,0x48,0x42,0x27,0x42,0x27,0x42,0x27,0x42,0x27,0x42,0x27,0x42,0x27,
    0x42,0x27,0x42,0x27,0x42,0x47,0x42,0x27,0x42,0x48,0x42,0x48,0x42,0x48,0x4a,0x27,
    0x42,0x27,0x42,0x27,0x42,0x27,0x42,0x27,0x42,0x27,0x42,0x27,0x42,0x27,0x42,0x27,
    0x42,0x27,0x42,0x27,0x42,0x27,0x42,0x27,0x42,0x27,0x42,0x27,0x42,0x27,0x42,0x48,
    0x42,0x27,0x42,0x27,0x42,0x27,0x42,0x27,0x42,0x27,0x42,0x47,0x42,0x27,0x42,0x27,
    0x42,0x27,0x42,0x27,0x42,0x27,0x42,0x27,0x42,0x27,0x42,0x27,0x42,0x27,0x42,0x27,
    0x42,0x27,0x42,0x27,0x42,0x27,0x42,0x27,0x42,0x27,0x42,0x27,0x42,0x48,0x4a,0x07,
    0x42,0x27,0x42,0x14,0x27,0x42,0xbb,0x07,0x42,0x27,0x42,0x27,0x42,0x27,0x42,0x27,
    0x42,0x27,0x42,0x27,0x42,0x27,0x42,0x27,0x42,0x07,0x42,0x27,0x42,0x07,0x42,0x27,
    0x42,0x27,0x42,0x27,0x42,0x27,0x42,0x27,0x42,0x27,0x42,0x07,0x42,0x27,0x42,0x27,
    0x42,0x27,0x42,0x27,0x42,0x07,0x42,0x07,0x42,0x27,0x42,0x07,0x42,0x07,0x42,0x07,
    0x42,0x27,0x42,0x07,0x42,0x07,0x42,0x07,0x42,0x27,0x42,0x07,0x42,0x07,0x42,0x07,
    0x42,0x07,0x42,0x07,0x42,0x07,0x42,0x07,0x42,0x07,0x42,0x07,0x42,0x07,0x42,0x07,
    0x42,0x07,0x42,0x07,0x42,0x27,0x42,0x07,0x42,0x07,0x42,0x07,0x42,0x07,0x42,0x07,
    0x42,0x07,0x42,0x07,0x42,0x07,0x42,0x07,0x42,0x27,0x42,0x07,0x42,0x16,0x07,0x42,
    0xba,0x06,0x3a,0x07,0x42,0x07,0x42,0x07,0x42,0x07,0x42,0x07,0x42,0x07,0x42,0x07,
    0x42,0x07,0x42,0x07,0x42,0x07,0x42,0x07,0x42,0x07,0x42,0x07,0x42,0x07,0x42,0x07,
    0x42,0x06,0x42,0x07,0x42,0x07,0x42,0x06,0x42,0x06,0x42,0x07,0x42,0x07,0x42,0x07,
    0x42,0x06,0x42,0x06,0x42,0x07,0x42,0x06,0x3a,0x07,0x3a,0x06,0x3a,0x06,0x3a,0x06,
    0x42,0x06,0x42,0xe6,0x39,0x06,0x42,0x06,0x42,0x06,0x3a,0x07,0x42,0xe6,0x39,0x06,
    0x3a,0x06,0x42,0x06,0x3a,0x06,0x42,0x06,0x3a,0x06,0x42,0x06,0x3a,0x06,0x42,0x06,
    0x3a,0x06,0x3a,0x06,0x3a,0x06,0x42,0x06,0x3a,0xe6,0x39,0x06,0x42,0x06,0x3a,0x07,
    0x42,0x4b,0x73,0x72,0xbd,0x14,0x72,0xbd,0xdd,0x52,0xb5,0x52,0xb5,0x52,0xb5,0x31,
    0xad,0x52,0xb5,0x52,0xb5,0x52,0xb5,0x32,0xb5,0x31,0xb5,0x31,0xb5,0x31,0xb5,0x11,
    0xad,0x8f,0x9c,0x6c,0x73,0xca,0x5a,0x88,0x52,0x47,0x4a,0xe6,0x41,0xc6,0x39,0x85,
    0x31,0x44,0x29,0x03,0x21,0xc2,0x18,0xa2,0x10,0x81,0x10,0x61,0x08,0x41,0x08,0x00,
    0x00,0x20,0x00,0x40,0x08,0x61,0x08,0x61,0x10,0xa2,0x10,0xc2,0x18,0xe3,0x18,0x23,
    0x21,0x44,0x29,0x85,0x31,0xe6,0x39,0x27,0x4a,0x68,0x52,0xa9,0x5a,0xea,0x62,0xac,
    0x7b,0x32,0xb5,0x52,0xb5,0x52,0xb5,0x52,0xb5,0x52,0xb5,0x52,0xb5,0x73,0xb5,0x73,
    0xbd,0x73,0xbd,0x52,0xb5,0x72,0xbd,0x72,0xbd,0x73,0xbd,0x73,0xbd,0x73,0xbd,0x73,
    0xbd,0x73,0xbd,0x73,0xbd,0x73,0xbd,0x73,0xbd,0x73,0xbd,0x73,0xbd,0x72,0xbd,0x73,
    0xbd,0x73,0xbd,0x73,0xbd,0x73,0xbd,0x73,0xbd,0x73,0xbd,0x73,0xbd,0x72,0xbd,0x73,
    0xbd,0x73,0xbd,0x8f,0x9c,0xa9,0x5a,0x27,0x42,0x48,0x42,0x27,0x42,0x47,0x42,0x48,
    0x42,0x48,0x4a,0x47,0x42,0x27,0x42,0x27,0x42,0x47,0x42,0x27,0x42,0x27,0x42,0x47,
    0x42,0x27,0x42,0x36,0x27,0x42,0xff,0x07,0x42,0x27,0x42,0x27,0x42,0x27,0x42,0x27,
    0x42,0x07,0x42,0x27,0x42,0x27,0x42,0x27,0x42,0x27,0x42,0x27,0x42,0x27,0x42,0x27,
    0x42,0x27,0x42,0x27,0x42,0x27,0x42,0x27,0x42,0x27,0x42,0x27,0x42,0x27,0x42,0x27,
    0x42,0x07,0x42,0x27,0x42,0x07,0x42,0x27,0x42,0x07,0x42,0x27,0x42,0x27,0x42,0x27,
    0x42,0x07,0x42,0x07,0x42,0x27,0x42,0x27,0x42,0x07,0x42,0x07,0x42,0x27,0x42,0x07,
    0x42,0x07,0x42,0x07,0x42,0x27,0x42,0x07,0x42,0x07,0x42,0x07,0x42,0x07,0x42,0x07,
    0x42,0x27,0x42,0x07,0x42,0x27,0x42,0x07,0x42,0x07,0x42,0x07,0x42,0x27,0x42,0x07,
    0x42,0x07,0x42,0x07,0x42,0x07,0x42,0x07,0x42,0x27,0x42,0x07,0x42,0x07,0x42,0x07,
    0x42,0x07,0x42,0x07,0x42,0x07,0x42,0x07,0x42,0x07,0x42,0x07,0x42,0x07,0x42,0x07,
    0x42,0x07,0x42,0x27,0x42,0x07,0x42,0x07,0x42,0x07,0x42,0x07,0x42,0x07,0x42,0x07,
    0x42,0x27,0x42,0x07,0x42,0x07,0x42,0x07,0x42,0x07,0x42,0x07,0x42,0x07,0x42,0x07,
    0x42,0x07,0x42,0x06,0x42,0x07,0x42,0x07,0x42,0x07,0x42,0x07,0x42,0x07,0x42,0x07,
    0x42,0x07,0x42,0x07,0x42,0x06,0x42,0x07,0x42,0x07,0x42,0x07,0x42,0x27,0x42,0x07,
    0x42,0x07,0x42,0x06,0x42,0x07,0x42,0x07,0x42,0x07,0x42,0x07,0x42,0x07,0x42,0x07,
    0x42,0x06,0x42,0x07,0x42,0x06,0x42,0x07,0x42,0x07,0x42,0x07,0x42,0x06,0x42,0x07,
    0x42,0x07,0x42,0xe6,0x39,0x07,0x42,0x06,0x42,0x07,0x42,0x07,0x42,0x06,0x42,0x06,
    0x42,0x07,0x42,0xe6,0x39,0x9a,0x06,0x42,0xe6,0x39,0x07,0x42,0x06,0x42,0xe6,0x39,
    0x06,0x42,0xe6,0x39,0x06,0x42,0x06,0x42,0x07,0x42,0xe6,0x39,0x06,0x3a,0x06,0x42,
    0xe6,0x39,0x06,0x42,0x06,0x3a,0xe6,0x39,0xe6,0x39,0x06,0x3a,0x06,0x3a,0x06,0x42,
    0x07,0x42,0xe6,0x39,0xe6,0x39,0x6b,0x73,0x72,0xbd,0x13,0x72,0xbd,0xff,0x52,0xb5,
    0x52,0xb5,0x52,0xb5,0x52,0xb5,0x31,0xad,0x52,0xb5,0x52,0xb5,0x32,0xb5,0x31,0xb5,
    0x31,0xb5,0x31,0xb5,0x11,0xad,0x11,0xad,0x8f,0x9c,0x6c,0x73,0xca,0x5a,0x89,0x52,
    0x48,0x4a,0xe7,0x41,0xc6,0x39,0x85,0x31,0x44,0x29,0x03,0x21,0xc3,0x18,0xa2,0x10,
    0x81,0x10,0x61,0x08,0x41,0x08,0x00,0x00,0x20,0x00,0x40,0x08,0x61,0x08,0x61,0x10,
    0xa2,0x10,0xc2,0x18,0xe3,0x18,0x23,0x21,0x44,0x29,0xa5,0x31,0xe6,0x39,0x27,0x4a,
    0x68,0x52,0xa9,0x5a,0xea,0x62,0xad,0x7b,0x32,0xb5,0x52,0xb5,0x52,0xb5,0x52,0xb5,
    0x52,0xb5,0x52,0xb5,0x52,0xb5,0x72,0xbd,0x73,0xbd,0x52,0xb5,0x72,0xbd,0x72,0xbd,
    0x72,0xbd,0x73,0xbd,0x73,0xbd,0x72,0xbd,0x73,0xbd,0x73,0xbd,0x73,0xbd,0x72,0xbd,
    0x73,0xbd,0x73,0xbd,0x73,0xbd,0x73,0xbd,0x73,0xbd,0x73,0xbd,0x72,0xbd,0x73,0xbd,
    0x73,0xbd,0x73,0xbd,0x73,0xbd,0x73,0xbd,0x73,0xbd,0x90,0x9c,0xc9,0x5a,0x47,0x42,
    0x27,0x42,0x27,0x42,0x27,0x42,0x27,0x42,0x48,0x42,0x27,0x42,0x27,0x42,0x47,0x42,
    0x27,0x42,0x27,0x42,0x27,0x42,0x48,0x42,0x27,0x42,0x27,0x42,0x27,0x42,0x27,0x42,
    0x27,0x42,0x27,0x42,0x27,0x42,0x27,0x42,0x27,0x42,0x27,0x42,0x27,0x42,0x27,0x42,
    0x27,0x42,0x07,0x42,0x27,0x42,0x27,0x42,0x27,0x42,0x27,0x42,0x27,0x42,0x27,0x42,
    0x27,0x42,0x27,0x42,0x27,0x42,0x27,0x42,0x27,0x42,0x27,0x42,0x27,0x42,0x27,0x42,
    0x27,0x42,0x27,0x42,0x47,0x42,0x27,0x42,0x27,0x42,0x27,0x42,0xff,0x27,0x42,0x27,
    0x42,0x27,0x42,0x47,0x42,0x07,0x42,0x27,0x42,0x27,0x42,0x27,0x42,0x27,0x42,0x27,
    0x42,0x07,0x42,0x47,0x42,0x27,0x42,0x27,0x42,0x27,0x42,0x27,0x42,0x27,0x42,0x27,
    0x42,0x27,0x42,0x07,0x42,0x27,0x42,0x27,0x42,0x27,0x42,0x27,0x42,0x27,0x42,0x27,
    0x42,0x07,0x42,0x27,0x42,0x07,0x42,0x07,0x42,0x27,0x42,0x27,0x42,0x27,0x42,0x07,
    0x42,0x27,0x42,0x27,0x42,0x07,0x42,0x27,0x42,0x07,0x42,0x07,0x42,0x07,0x42,0x27,
    0x42,0x07,0x42,0x27,0x42,0x27,0x42,0x27,0x42,0x27,0x42,0x27,0x42,0x27,0x42,0x27,
    0x42,0x27,0x42,0x27,0x42,0x07,0x42,0x27,0x42,0x07,0x42,0x27,0x42,0x27,0x42,0x27,
    0x42,0x07,0x42,0x27,0x42,0x07,0x42,0x07,0x42,0x07,0x42,0x07,0x42,0x07,0x42,0x07,
    0x42,0x07,0x42,0x07,0x42,0x27,0x42,0x07,0x42,0x07,0x42,0x07,0x42,0x07,0x42,0x07,
    0x42,0x07,0x42,0x07,0x42,0x07,0x42,0x07,0x42,0x27,0x42,0x07,0x42,0x07,0x42,0x07,
    0x42,0x07,0x42,0x27,0x42,0x07,0x42,0x07,0x42,0x07,0x42,0x07,0x42,0x07,0x42,0x07,
    0x42,0x07,0x42,0x27,0x42,0x07,0x42,0x07,0x42,0x07,0x42,0x07,0x42,0x07,0x42,0x27,
    0x42,0x07,0x42,0x27,0x42,0x07,0x42,0x07,0x42,0x07,0x42,0x07,0x42,0x07,0x42,0x07,
    0x42,0x07,0x42,0x07,0x42,0x27,0x42,0x07,0x42,0x07,0x42,0x07,0x42,0x06,0x42,0x07,
    0x42,0x07,0x42,0x07,0x42,0x06,0x42,0x07,0x42,0x07,0x42,0x07,0x42,0x07,0x42,0x07,
    0x42,0x07,0x42,0x07,0x42,0x06,0x3a,0x27,0x42,0x07,0x42,0xaf,0x07,0x42,0x06,0x42,
    0x07,0x42,0x07,0x42,0x07,0x42,0x07,0x42,0x07,0x42,0x07,0x42,0x07,0x42,0x07,0x42,
    0x06,0x3a,0x07,0x42,0x06,0x3a,0x07,0x42,0x06,0x42,0x06,0x42,0x06,0x42,0x06,0x42,
    0x06,0x42,0x06,0x3a,0x07,0x42,0x07,0x42,0xe6,0x39,0x06,0x42,0x06,0x42,0x06,0x3a,
    0x06,0x42,0x06,0x42,0x06,0x3a,0x06,0x3a,0x06,0x42,0x06,0x42,0x06,0x3a,0x06,0x42,
    0xe6,0x39,0x07,0x42,0x07,0x42,0x06,0x42,0x07,0x42,0x06,0x3a,0x06,0x3a,0x06,0x42,
    0x07,0x42,0xe6,0x39,0xe6,0x39,0x6b,0x73,0x72,0xbd,0x13,0x72,0xbd,0xff,0x52,0xb5,
    0x52,0xb5,0x52,0xb5,0x52,0xb5,0x31,0xad,0x52,0xb5,0x52,0xb5,0x32,0xb5,0x31,0xb5,
    0x31,0xb5,0x31,0xb5,0x11,0xad,0x11,0xad,0x8f,0x9c,0x8c,0x7b,0xca,0x62,0x89,0x52,
    0x48,0x4a,0x07,0x42,0xc6,0x39,0x85,0x31,0x44,0x29,0x03,0x21,0xe3,0x18,0xa2,0x18,
    0x81,0x10,0x61,0x08,0x41,0x08,0x00,0x00,0x20,0x00,0x40,0x08,0x61,0x08,0x61,0x10,
    0xa2,0x10,0xc2,0x18,0xe3,0x20,0x24,0x21,0x64,0x29,0xa5,0x31,0xe6,0x41,0x27,0x4a,
    0x68,0x52,0xa9,0x5a,0x0a,0x63,0xad,0x7b,0x32,0xb5,0x52,0xb5,0x52,0xb5,0x52,0xb5,
    0x52,0xb5,0x52,0xb5,0x73,0xb5,0x73,0xb5,0x73,0xbd,0x52,0xb5,0x72,0xbd,0x72,0xbd,
    0x72,0xbd,0x73,0xbd,0x73,0xbd,0x73,0xbd,0x72,0xbd,0x73,0xbd,0x73,0xbd,0x73,0xbd,
    0x72,0xbd,0x72,0xbd,0x73,0xbd,0x73,0xbd,0x73,0xbd,0x73,0xbd,0x73,0xbd,0x73,0xbd,
    0x72,0xbd,0x73,0xbd,0x73,0xbd,0x72,0xbd,0x73,0xbd,0x8f,0x9c,0xc9,0x5a,0x27,0x42,
    0x27,0x42,0x27,0x42,0x27,0x42,0x27,0x42,0x27,0x42,0x27,0x42,0x27,0x42,0x27,0x42,
    0x27,0x42,0x27,0x42,0x27,0x42,0x27,0x42,0x48,0x4a,0x47,0x42,0x47,0x42,0x27,0x42,
    0x27,0x42,0x27,0x42,0x27,0x42,0x27,0x42,0x27,0x42,0x27,0x42,0x27,0x42,0x27,0x42,
    0x27,0x42,0x47,0x42,0x27,0x42,0x27,0x42,0x27,0x42,0x27,0x42,0x27,0x42,0x27,0x42,
    0x27,0x42,0x47,0x42,0x47,0x42,0x27,0x42,0x27,0x42,0x27,0x42,0x27,0x42,0x07,0x42,
    0x27,0x42,0x27,0x42,0x07,0x42,0x27,0x42,0x47,0x42,0x27,0x42,0xff,0x27,0x42,0x27,
    0x42,0x27,0x42,0x47,0x42,0x07,0x42,0x27,0x42,0x07,0x42,0x27,0x42,0x27,0x42,0x27,
    0x42,0x07,0x42,0x48,0x4a,0x27,0x42,0x27,0x42,0x27,0x42,0x27,0x42,0x27,0x42,0x07,
    0x42,0x27,0x42,0x27,0x42,0x27,0x42,0x27,0x42,0x07,0x42,0x27,0x42,0x27,0x42,0x07,
    0x42,0x27,0x42,0x07,0x42,0x27,0x42,0x27,0x42,0x27,0x42,0x27,0x42,0x27,0x42,0x27,
    0x42,0x07,0x42,0x27,0x42,0x07,0x42,0x27,0x42,0x27,0x42,0x07,0x42,0x07,0x42,0x27,
    0x42,0x27,0x42,0x27,0x42,0x07,0x42,0x27,0x42,0x07,0x42,0x27,0x42,0x07,0x42,0x27,
    0x42,0x27,0x42,0x27,0x42,0x07,0x42,0x27,0x42,0x27,0x42,0x27,0x42,0x07,0x42,0x07,
    0x42,0x07,0x42,0x27,0x42,0x07,0x42,0x27,0x42,0x07,0x42,0x07,0x42,0x07,0x42,0x27,
    0x42,0x07,0x42,0x27,0x42,0x27,0x42,0x27,0x42,0x27,0x42,0x07,0x42,0x07,0x42,0x07,
    0x42,0x27,0x42,0x07,0x42,0x27,0x42,0x07,0x42,0x07,0x42,0x07,0x42,0x07,0x42,0x27,
    0x42,0x07,0x42,0x07,0x42,0x07,0x42,0x27,0x42,0x07,0x42,0x07,0x42,0x07,0x42,0x27,
    0x42,0x07,0x42,0x07,0x42,0x07,0x42,0x07,0x42,0x07,0x42,0x07,0x42,0x07,0x42,0x07,
    0x42,0x07,0x42,0x07,0x42,0x27,0x42,0x07,0x42,0x07,0x42,0x07,0x42,0x07,0x42,0x07,
    0x42,0x07,0x42,0x07,0x42,0x07,0x42,0x07,0x42,0x07,0x42,0x07,0x42,0x07,0x42,0x07,
    0x42,0x07,0x42,0x07,0x42,0x07,0x42,0x06,0x42,0x07,0x42,0x07,0x42,0x07,0x42,0x07,
    0x42,0x07,0x42,0x07,0x42,0x06,0x42,0x07,0x42,0x07,0x42,0xaf,0x07,0x42,0x07,0x42,
    0x07,0x42,0x07,0x42,0x07,0x42,0x07,0x42,0x07,0x42,0x07,0x42,0x07,0x42,0x07,0x42,
    0x07,0x42,0x07,0x42,0x07,0x42,0x06,0x3a,0x07,0x42,0x06,0x42,0x06,0x42,0x06,0x42,
    0x06,0x3a,0x07,0x42,0xe6,0x39,0x07,0x42,0xe6,0x39,0x06,0x42,0x06,0x42,0x06,0x42,
    0xe6,0x39,0x07,0x42,0x07,0x42,0xe6,0x39,0x07,0x42,0xe6,0x39,0x06,0x3a,0x07,0x42,
    0xe6,0x39,0xe6,0x39,0x06,0x42,0x06,0x3a,0x07,0x42,0x06,0x3a,0x06,0x42,0x06,0x3a,
    0x07,0x42,0xe6,0x39,0xe6,0x39,0x6b,0x73,0x72,0xbd,0x13,0x72,0xbd,0xff,0x52,0xb5,
    0x52,0xb5,0x52,0xb5,0x52,0xb5,0x11,0xad,0x52,0xb5,0x52,0xb5,0x31,0xb5,0x31,0xb5,
    0x31,0xb5,0x11,0xad,0x11,0xad,0x11,0xad,0xb0,0xa4,0x8c,0x7b,0xea,0x62,0x89,0x52,
    0x48,0x4a,0x07,0x42,0xc6,0x39,0x85,0x31,0x44,0x29,0x03,0x21,0xe3,0x18,0xa2,0x18,
    0x81,0x10,0x61,0x08,0x41,0x08,0x00,0x00,0x20,0x00,0x40,0x08,0x61,0x08,0x81,0x10,
    0xa2,0x10,0xc2,0x18,0xe3,0x20,0x24,0x21,0x64,0x29,0xa5,0x39,0xe6,0x41,0x27,0x4a,
    0x68,0x52,0xc9,0x5a,0x0a,0x63,0xcd,0x83,0x32,0xb5,0x52,0xb5,0x52,0xb5,0x52,0xb5,
    0x52,0xb5,0x52,0xb5,0x52,0xb5,0x73,0xbd,0x73,0xbd,0x52,0xb5,0x72,0xbd,0x72,0xbd,
    0x72,0xbd,0x73,0xbd,0x73,0xbd,0x73,0xbd,0x73,0xbd,0x73,0xbd,0x73,0xbd,0x73,0xbd,
    0x73,0xbd,0x73,0xbd,0x73,0xbd,0x73,0xbd,0x73,0xbd,0x73,0xbd,0x73,0xbd,0x73,0xbd,
    0x72,0xbd,0x72,0xbd,0x72,0xbd,0x73,0xbd,0x73,0xbd,0x8f,0x9c,0xc9,0x5a,0x27,0x42,
    0x27,0x42,0x48,0x4a,0x27,0x42,0x48,0x4a,0x27,0x42,0x47,0x42,0x47,0x42,0x27,0x42,
    0x27,0x42,0x27,0x42,0x27,0x42,0x27,0x42,0x27,0x42,0x27,0x42,0x27,0x42,0x27,0x42,
    0x27,0x42,0x27,0x42,0x47,0x42,0x27,0x42,0x27,0x42,0x27,0x42,0x27,0x42,0x27,0x42,
    0x27,0x42,0x27,0x42,0x48,0x4a,0x27,0x42,0x27,0x42,0x27,0x42,0x27,0x42,0x27,0x42,
    0x27,0x42,0x07,0x42,0x48,0x4a,0x47,0x42,0x27,0x42,0x27,0x42,0x27,0x42,0x27,0x42,
    0x27,0x42,0x27,0x42,0x27,0x42,0x27,0x42,0x27,0x42,0x27,0x42,0xff,0x27,0x42,0x27,
    0x42,0x07,0x42,0x27,0x42,0x27,0x42,0x27,0x42,0x27,0x42,0x27,0x42,0x27,0x42,0x27,
    0x42,0x27,0x42,0x27,0x42,0x07,0x42,0x27,0x42,0x27,0x42,0x27,0x42,0x27,0x42,0x27,
    0x42,0x27,0x42,0x07,0x42,0x27,0x42,0x27,0x42,0x27,0x42,0x07,0x42,0x27,0x42,0x27,
    0x42,0x27,0x42,0x07,0x42,0x27,0x42,0x07,0x42,0x27,0x42,0x27,0x42,0x27,0x42,0x27,
    0x42,0x07,0x42,0x07,0x42,0x07,0x42,0x27,0x42,0x27,0x42,0x27,0x42,0x07,0x42,0x07,
    0x42,0x07,0x42,0x07,0x42,0x27,0x42,0x07,0x42,0x27,0x42,0x27,0x42,0x07,0x42,0x27,
    0x42,0x27,0x42,0x27,0x42,0x07,0x42,0x27,0x42,0x07,0x42,0x07,0x42,0x07,0x42,0x07,
    0x42,0x27,0x42,0x07,0x42,0x07,0x42,0x27,0x42,0x27,0x42,0x27,0x42,0x27,0x42,0x27,
    0x42,0x07,0x42,0x07,0x42,0x07,0x42,0x07,0x42,0x27,0x42,0x07,0x42,0x27,0x42,0x27,
    0x42,0x27,0x42,0x07,0x42,0x07,0x42,0x07,0x42,0x27,0x42,0x27,0x42,0x07,0x42,0x07,
    0x42,0x07,0x42,0x07,0x42,0x07,0x42,0x07,0x42,0x07,0x42,0x07,0x42,0x07,0x42,0x07,
    0x42,0x07,0x42,0x27,0x42,0x07,0x42,0x07,0x42,0x07,0x42,0x07,0x42,0x07,0x42,0x07,
    0x42,0x07,0x42,0x07,0x42,0x27,0x42,0x07,0x42,0x27,0x42,0x07,0x42,0x07,0x42,0x07,
    0x42,0x07,0x42,0x07,0x42,0x07,0x42,0x07,0x42,0x07,0x42,0x07,0x42,0x07,0x42,0x07,
    0x42,0x07,0x42,0x06,0x3a,0x06,0x3a,0x07,0x42,0x07,0x42,0x07,0x42,0x07,0x42,0x07,
    0x42,0x06,0x42,0x07,0x42,0x07,0x42,0x07,0x42,0x07,0x42,0xaf,0x07,0x42,0x06,0x42,
    0x06,0x42,0x07,0x42,0x06,0x42,0x07,0x42,0x06,0x3a,0x07,0x42,0x07,0x42,0xe6,0x39,
    0x07,0x42,0xe6,0x39,0xe6,0x39,0x07,0x42,0x07,0x42,0x07,0x42,0x06,0x42,0x06,0x3a,
    0x06,0x3a,0x07,0x42,0xe6,0x39,0xe6,0x39,0x06,0x42,0x07,0x42,0x06,0x42,0x06,0x42,
    0xe6,0x39,0x06,0x42,0xe6,0x39,0x06,0x42,0xe6,0x39,0x06,0x3a,0x06,0x3a,0x06,0x42,
    0x06,0x42,0x06,0x42,0x06,0x42,0x07,0x42,0xe6,0x39,0x06,0x42,0x06,0x42,0x06,0x42,
    0x07,0x42,0xe6,0x39,0x06,0x42,0x6b,0x73,0x72,0xbd,0x12,0x72,0xbd,0xbc,0x52,0xb5,
    0x52,0xb5,0x52,0xb5,0x52,0xb5,0x52,0xb5,0x11,0xad,0x52,0xb5,0x32,0xb5,0x31,0xb5,
    0x31,0xb5,0x31,0xb5,0x11,0xad,0x11,0xad,0x11,0xad,0xb0,0xa4,0xac,0x7b,0xea,0x62,
    0x89,0x52,0x48,0x4a,0x07,0x42,0xc6,0x39,0x85,0x31,0x44,0x29,0x03,0x21,0xe3,0x18,
    0xa2,0x18,0x82,0x10,0x61,0x08,0x41,0x08,0x00,0x00,0x20,0x00,0x41,0x08,0x61,0x08,
    0x81,0x10,0xa2,0x10,0xc2,0x18,0xe3,0x20,0x24,0x29,0x64,0x29,0xa5,0x39,0xe6,0x41,
    0x27,0x4a,0x68,0x52,0xc9,0x5a,0x0a,0x63,0x0e,0x84,0x32,0xb5,0x32,0xb5,0x52,0xb5,
    0x52,0xb5,0x52,0xb5,0x52,0xb5,0x52,0xb5,0x73,0xbd,0x73,0xbd,0x52,0xb5,0x72,0xbd,
    0x72,0xbd,0x72,0xbd,0x73,0xbd,0x13,0x73,0xbd,0x97,0x8f,0x9c,0xa9,0x5a,0x27,0x42,
    0x27,0x42,0x27,0x42,0x27,0x42,0x27,0x42,0x27,0x42,0x47,0x42,0x27,0x42,0x27,0x42,
    0x27,0x42,0x27,0x42,0x27,0x42,0x27,0x42,0x27,0x42,0x27,0x42,0x27,0x42,0x27,0x42,
    0x27,0x42,0x27,0x42,0x48,0x42,0x27,0x42,0x1e,0x27,0x42,0x82,0x07,0x42,0x27,0x42,
    0x15,0x27,0x42,0xff,0x07,0x42,0x27,0x42,0x07,0x42,0x27,0x42,0x27,0x42,0x27,0x42,
    0x27,0x42,0x27,0x42,0x27,0x42,0x27,0x42,0x27,0x42,0x27,0x42,0x27,0x42,0x27,0x42,
    0x27,0x42,0x27,0x42,0x27,0x42,0x27,0x42,0x07,0x42,0x27,0x42,0x27,0x42,0x27,0x42,
    0x07,0x42,0x07,0x42,0x27,0x42,0x07,0x42,0x27,0x42,0x07,0x42,0x07,0x42,0x07,0x42,
    0x07,0x42,0x27,0x42,0x27,0x42,0x07,0x42,0x07,0x42,0x07,0x42,0x07,0x42,0x07,0x42,
    0x07,0x42,0x27,0x42,0x07,0x42,0x07,0x42,0x07,0x42,0x07,0x42,0x07,0x42,0x07,0x42,
    0x07,0x42,0x07,0x42,0x27,0x42,0x07,0x42,0x07,0x42,0x07,0x42,0x27,0x42,0x07,0x42,
    0x07,0x42,0x07,0x42,0x27,0x42,0x07,0x42,0x07,0x42,0x07,0x42,0x07,0x42,0x07,0x42,
    0x07,0x42,0x07,0x42,0x07,0x42,0x07,0x42,0x07,0x42,0x07,0x42,0x07,0x42,0x07,0x42,
    0x07,0x42,0x07,0x42,0x07,0x42,0x27,0x42,0x07,0x42,0x07,0x42,0x07,0x42,0x07,0x42,
    0x07,0x42,0x07,0x42,0x07,0x42,0x07,0x42,0x27,0x42,0x07,0x42,0x07,0x42,0x07,0x42,
    0x07,0x42,0x07,0x42,0x07,0x42,0x06,0x42,0x07,0x42,0x07,0x42,0x07,0x42,0x07,0x42,
    0x07,0x42,0x07,0x42,0x07,0x42,0x06,0x42,0x07,0x42,0x07,0x42,0x07,0x42,0x07,0x42,
    0x07,0x42,0x06,0x3a,0x07,0x42,0x27,0x42,0x06,0x3a,0x07,0x42,0x07,0x42,0x07,0x42,
    0x06,0x42,0x07,0x42,0x06,0x3a,0x06,0x42,0x07,0x42,0x06,0x42,0x07,0x42,0x06,0x42,
    0x06,0x3a,0x06,0x42,0x07,0x42,0xe6,0x39,0x07,0x42,0x06,0x42,0x06,0x3a,0x06,0x42,
    0x06,0x42,0x94,0x06,0x3a,0x06,0x3a,0x06,0x3a,0x06,0x42,0x06,0x3a,0x06,0x42,0x06,
    0x42,0x06,0x3a,0x06,0x3a,0x07,0x42,0x06,0x3a,0x06,0x42,0x06,0x3a,0x06,0x42,0x06,
    0x42,0xe6,0x39,0x06,0x42,0x06,0x42,0x6b,0x73,0x72,0xbd,0x13,0x72,0xbd,0xbb,0x52,
    0xb5,0x52,0xb5,0x52,0xb5,0x52,0xb5,0x11,0xad,0x52,0xb5,0x32,0xb5,0x31,0xb5,0x31,
    0xb5,0x11,0xad,0x11,0xad,0x11,0xad,0x11,0xad,0xb0,0xa4,0xac,0x7b,0xea,0x62,0xa9,
    0x5a,0x48,0x4a,0x07,0x42,0xc6,0x39,0x85,0x31,0x44,0x29,0x03,0x21,0xe3,0x18,0xa2,
    0x18,0x82,0x10,0x61,0x08,0x41,0x08,0x00,0x00,0x20,0x00,0x41,0x08,0x61,0x08,0x81,
    0x10,0xa2,0x10,0xc2,0x18,0xe3,0x20,0x24,0x29,0x65,0x31,0xa6,0x39,0xe6,0x41,0x27,
    0x4a,0x88,0x52,0xc9,0x5a,0x0a,0x63,0x0e,0x8c,0x32,0xb5,0x32,0xb5,0x52,0xb5,0x52,
    0xb5,0x52,0xb5,0x52,0xb5,0x52,0xb5,0x72,0xb5,0x73,0xbd,0x52,0xb5,0x72,0xbd,0x72,
    0xbd,0x72,0xbd,0x73,0xbd,0x13,0x73,0xbd,0xaf,0x8f,0x9c,0xc9,0x5a,0x27,0x42,0x27,
    0x42,0x27,0x42,0x47,0x42,0x27,0x42,0x27,0x42,0x47,0x42,0x27,0x42,0x27,0x42,0x27,
    0x42,0x27,0x42,0x47,0x42,0x27,0x42,0x27,0x42,0x27,0x42,0x27,0x42,0x27,0x42,0x27,
    0x42,0x27,0x42,0x27,0x42,0x27,0x42,0x27,0x42,0x27,0x42,0x27,0x42,0x27,0x42,0x27,
    0x42,0x27,0x42,0x47,0x42,0x27,0x42,0x27,0x42,0x27,0x42,0x27,0x42,0x27,0x42,0x27,
    0x42,0x27,0x42,0x27,0x42,0x27,0x42,0x27,0x42,0x27,0x42,0x27,0x42,0x27,0x42,0x27,
    0x42,0x27,0x42,0x48,0x4a,0x27,0x42,0x13,0x27,0x42,0xda,0x07,0x42,0x07,0x42,0x27,
    0x42,0x27,0x42,0x07,0x42,0x27,0x42,0x27,0x42,0x27,0x42,0x07,0x42,0x27,0x42,0x27,
    0x42,0x47,0x42,0x07,0x42,0x27,0x42,0x27,0x42,0x27,0x42,0x27,0x42,0x27,0x42,0x27,
    0x42,0x27,0x42,0x27,0x42,0x07,0x42,0x27,0x42,0x07,0x42,0x07,0x42,0x07,0x42,0x27,
    0x42,0x07,0x42,0x27,0x42,0x27,0x42,0x27,0x42,0x27,0x42,0x27,0x42,0x07,0x42,0x27,
    0x42,0x07,0x42,0x27,0x42,0x07,0x42,0x07,0x42,0x27,0x42,0x27,0x42,0x07,0x42,0x27,
    0x42,0x07,0x42,0x27,0x42,0x07,0x42,0x07,0x42,0x07,0x42,0x27,0x42,0x07,0x42,0x27,
    0x42,0x27,0x42,0x07,0x42,0x07,0x42,0x27,0x42,0x27,0x42,0x07,0x42,0x27,0x42,0x07,
    0x42,0x07,0x42,0x27,0x42,0x07,0x42,0x07,0x42,0x27,0x42,0x07,0x42,0x07,0x42,0x07,
    0x42,0x27,0x42,0x07,0x42,0x07,0x42,0x07,0x42,0x07,0x42,0x07,0x42,0x07,0x42,0x07,
    0x42,0x07,0x42,0x07,0x42,0x07,0x42,0x07,0x42,0x07,0x42,0x07,0x42,0x27,0x42,0x07,
    0x42,0x07,0x42,0x07,0x42,0x07,0x42,0x07,0x42,0x07,0x42,0x06,0x42,0x07,0x42,0x11,
    0x07,0x42,0xb2,0x06,0x3a,0x07,0x42,0x07,0x42,0x07,0x42,0x07,0x42,0x07,0x42,0x07,
    0x42,0x07,0x42,0x07,0x42,0x07,0x42,0x07,0x42,0x07,0x42,0x07,0x42,0x07,0x42,0x06,
    0x3a,0x06,0x42,0x07,0x42,0x06,0x42,0x06,0x3a,0x06,0x42,0x06,0x42,0x06,0x42,0x06,
    0x3a,0x07,0x42,0xe6,0x39,0x07,0x42,0x06,0x42,0x06,0x42,0x06,0x42,0x06,0x42,0xe6,
    0x39,0x06,0x3a,0x06,0x3a,0x06,0x3a,0x06,0x3a,0x06,0x3a,0x06,0x42,0x06,0x42,0x06,
    0x3a,0x07,0x42,0xe6,0x39,0x07,0x42,0xe6,0x39,0x06,0x42,0x06,0x42,0xe6,0x39,0x06,
    0x3a,0xe6,0x39,0x4b,0x73,0x72,0xbd,0x12,0x72,0xbd,0xbe,0x52,0xb5,0x52,0xb5,0x52,
    0xb5,0x52,0xb5,0x52,0xb5,0x11,0xad,0x52,0xb5,0x32,0xb5,0x31,0xb5,0x31,0xb5,0x11,
    0xad,0x11,0xad,0x11,0xad,0xf1,0xac,0xb0,0xa4,0xcd,0x83,0x0a,0x63,0xa9,0x5a,0x48,
    0x4a,0x07,0x42,0xe6,0x39,0xa5,0x31,0x44,0x29,0x04,0x21,0xe3,0x18,0xc2,0x18,0x82,
    0x10,0x61,0x08,0x41,0x08,0x00,0x00,0x20,0x00,0x41,0x08,0x61,0x08,0x81,0x10,0xa2,
    0x10,0xc2,0x18,0x03,0x21,0x24,0x29,0x65,0x31,0xa6,0x39,0xe7,0x41,0x47,0x4a,0x88,
    0x52,0xca,0x5a,0x0a,0x63,0x4e,0x94,0x31,0xb5,0x32,0xb5,0x32,0xb5,0x32,0xb5,0x52,
    0xb5,0x52,0xb5,0x52,0xb5,0x52,0xb5,0x72,0xbd,0x52,0xb5,0x72,0xbd,0x72,0xbd,0x72,
    0xbd,0x73,0xbd,0x72,0xbd,0x73,0xbd,0x11,0x73,0xbd,0x9f,0x90,0x9c,0xc9,0x5a,0x47,
    0x42,0x27,0x42,0x27,0x42,0x48,0x42,0x27,0x42,0x27,0x42,0x47,0x42,0x47,0x42,0x27,
    0x42,0x27,0x42,0x48,0x42,0x47,0x42,0x27,0x42,0x27,0x42,0x27,0x42,0x27,0x42,0x27,
    0x42,0x27,0x42,0x27,0x42,0x27,0x42,0x27,0x42,0x27,0x42,0x27,0x42,0x27,0x42,0x27,
    0x42,0x27,0x42,0x27,0x42,0x47,0x42,0x27,0x42,0x29,0x27,0x42,0xc7,0x07,0x42,0x27,
    0x42,0x27,0x42,0x27,0x42,0x27,0x42,0x27,0x42,0x27,0x42,0x27,0x42,0x27,0x42,0x07,
    0x42,0x27,0x42,0x27,0x42,0x27,0x42,0x27,0x42,0x07,0x42,0x27,0x42,0x27,0x42,0x07,
    0x42,0x27,0x42,0x27,0x42,0x27,0x42,0x07,0x42,0x27,0x42,0x27,0x42,0x27,0x42,0x27,
    0x42,0x07,0x42,0x07,0x42,0x27,0x42,0x07,0x42,0x07,0x42,0x07,0x42,0x07,0x42,0x07,
    0x42,0x27,0x42,0x07,0x42,0x27,0x42,0x07,0x42,0x27,0x42,0x07,0x42,0x07,0x42,0x07,
    0x42,0x27,0x42,0x07,0x42,0x07,0x42,0x27,0x42,0x07,0x42,0x07,0x42,0x07,0x42,0x07,
    0x42,0x07,0x42,0x27,0x42,0x07,0x42,0x07,0x42,0x27,0x42,0x07,0x42,0x27,0x42,0x07,
    0x42,0x07,0x42,0x07,0x42,0x07,0x42,0x07,0x42,0x07,0x42,0x07,0x42,0x07,0x42,0x07,
    0x42,0x07,0x42,0x07,0x42,0x07,0x42,0x06,0x42,0x07,0x42,0x17,0x07,0x42,0xb9,0x06,
    0x42,0x07,0x42,0x07,0x42,0x07,0x42,0x07,0x42,0x07,0x42,0x27,0x42,0x07,0x42,0x07,
    0x42,0x07,0x42,0x07,0x42,0x07,0x42,0x07,0x42,0x07,0x42,0x07,0x42,0x07,0x42,0x07,
    0x42,0x07,0x42,0x07,0x42,0x06,0x42,0x07,0x42,0x06,0x3a,0x06,0x3a,0x07,0x42,0x07,
    0x42,0x06,0x3a,0x06,0x3a,0x07,0x42,0x06,0x42,0x07,0x42,0x07,0x42,0xe6,0x39,0x06,
    0x42,0x06,0x42,0x06,0x42,0x06,0x42,0x06,0x3a,0x06,0x42,0xe6,0x39,0x06,0x42,0x06,
    0x3a,0x06,0x3a,0x06,0x42,0x06,0x42,0x06,0x42,0x06,0x3a,0x07,0x42,0x06,0x42,0x06,
    0x3a,0x06,0x3a,0x06,0x42,0x06,0x42,0x06,0x42,0x06,0x3a,0x06,0x42,0x4b,0x6b,0x72,
    0xbd,0x12,0x72,0xbd,0xbd,0x52,0xb5,0x52,0xb5,0x52,0xb5,0x52,0xb5,0x52,0xb5,0x11,
    0xad,0x52,0xb5,0x32,0xb5,0x31,0xb5,0x31,0xb5,0x11,0xad,0x11,0xad,0x11,0xad,0xf1,
    0xac,0xd0,0xa4,0xed,0x83,0x0a,0x63,0xa9,0x5a,0x48,0x52,0x07,0x42,0xe6,0x41,0xa5,
    0x31,0x44,0x29,0x24,0x21,0xe3,0x18,0xc2,0x18,0x82,0x10,0x61,0x10,0x41,0x08,0x00,
    0x00,0x20,0x00,0x41,0x08,0x61,0x08,0x81,0x10,0xa2,0x10,0xc3,0x18,0x03,0x21,0x24,
    0x29,0x65,0x31,0xa6,0x39,0xe7,0x41,0x48,0x4a,0x89,0x52,0xca,0x5a,0x0b,0x6b,0x6f,
    0x94,0x31,0xb5,0x32,0xb5,0x32,0xb5,0x32,0xb5,0x52,0xb5,0x52,0xb5,0x52,0xb5,0x52,
    0xb5,0x72,0xb5,0x52,0xb5,0x72,0xbd,0x72,0xbd,0x72,0xbd,0x72,0xbd,0x73,0xbd,0x12,
    0x73,0xbd,0x8f,0x90,0x9c,0xc9,0x5a,0x27,0x42,0x27,0x42,0x27,0x42,0x48,0x42,0x48,
    0x42,0x27,0x42,0x27,0x42,0x27,0x42,0x47,0x42,0x27,0x42,0x27,0x42,0x48,0x4a,0x27,
    0x42,0x16,0x27,0x42,0x82,0x47,0x42,0x27,0x42,0x21,0x27,0x42,0xc8,0x07,0x42,0x27,
    0x42,0x27,0x42,0x27,0x42,0x27,0x42,0x27,0x42,0x27,0x42,0x27,0x42,0x27,0x42,0x27,
    0x42,0x27,0x42,0x27,0x42,0x27,0x42,0x27,0x42,0x07,0x42,0x27,0x42,0x07,0x42,0x27,
    0x42,0x27,0x42,0x27,0x42,0x27,0x42,0x07,0x42,0x27,0x42,0x27,0x42,0x27,0x42,0x27,
    0x42,0x27,0x42,0x27,0x42,0x27,0x42,0x07,0x42,0x27,0x42,0x27,0x42,0x27,0x42,0x07,
    0x42,0x07,0x42,0x07,0x42,0x07,0x42,0x07,0x42,0x07,0x42,0x07,0x42,0x27,0x42,0x07,
    0x42,0x27,0x42,0x27,0x42,0x07,0x42,0x07,0x42,0x07,0x42,0x07,0x42,0x07,0x42,0x07,
    0x42,0x07,0x42,0x07,0x42,0x07,0x42,0x07,0x42,0x27,0x42,0x07,0x42,0x07,0x42,0x07,
    0x42,0x07,0x42,0x07,0x42,0x27,0x42,0x07,0x42,0x07,0x42,0x07,0x42,0x07,0x42,0x07,
    0x42,0x07,0x42,0x07,0x42,0x07,0x42,0x06,0x3a,0x27,0x42,0x07,0x42,0x15,0x07,0x42,
    0xba,0x27,0x42,0x07,0x42,0x07,0x42,0x07,0x42,0x07,0x42,0x07,0x42,0x07,0x42,0x07,
    0x42,0x06,0x42,0x07,0x42,0x07,0x42,0x07,0x42,0x07,0x42,0x07,0x42,0x07,0x42,0x06,
    0x42,0x07,0x42,0x07,0x42,0x07,0x42,0x07,0x42,0x07,0x42,0x07,0x42,0x06,0x3a,0x07,
    0x42,0x06,0x3a,0x07,0x42,0x06,0x3a,0x06,0x42,0x07,0x42,0x06,0x42,0x06,0x42,0x07,
    0x42,0x07,0x42,0xe6,0x39,0x06,0x42,0x06,0x42,0x06,0x42,0x06,0x3a,0x06,0x42,0x06,
    0x3a,0x06,0x42,0x06,0x42,0x06,0x3a,0x06,0x42,0xe6,0x39,0xe6,0x39,0x06,0x42,0x06,
    0x42,0x07,0x42,0x06,0x42,0xe6,0x39,0xe6,0x39,0x06,0x42,0x07,0x42,0xe6,0x39,0xe6,
    0x39,0x4b,0x6b,0x72,0xbd,0x12,0x72,0xbd,0xf6,0x52,0xb5,0x52,0xb5,0x52,0xb5,0x52,
    0xb5,0x52,0xb5,0x11,0xad,0x52,0xb5,0x32,0xb5,0x31,0xb5,0x11,0xad,0x11,0xad,0x11,
    0xad,0xf1,0xac,0xf0,0xac,0xd0,0xa4,0xed,0x83,0x0a,0x6b,0xa9,0x5a,0x68,0x52,0x27,
    0x42,0xe6,0x41,0xa5,0x31,0x64,0x29,0x24,0x21,0xe3,0x20,0xc2,0x18,0x82,0x10,0x61,
    0x10,0x61,0x08,0x00,0x00,0x20,0x00,0x41,0x08,0x61,0x08,0x81,0x10,0xa2,0x10,0xc3,
    0x18,0x03,0x21,0x24,0x29,0x65,0x31,0xa6,0x39,0x07,0x42,0x48,0x4a,0x89,0x52,0xca,
    0x62,0x0b,0x6b,0x90,0x9c,0x32,0xad,0x32,0xb5,0x32,0xb5,0x32,0xb5,0x32,0xb5,0x52,
    0xb5,0x52,0xb5,0x52,0xb5,0x52,0xb5,0x52,0xb5,0x72,0xbd,0x73,0xbd,0x73,0xbd,0x72,
    0xbd,0x73,0xbd,0x73,0xbd,0x73,0xbd,0x73,0xbd,0x72,0xbd,0x72,0xbd,0x73,0xbd,0x73,
    0xbd,0x73,0xbd,0x73,0xbd,0x73,0xbd,0x73,0xbd,0x73,0xbd,0x73,0xbd,0x73,0xbd,0x73,
    0xbd,0x73,0xbd,0x73,0xbd,0x73,0xbd,0x90,0x9c,0xc9,0x5a,0x47,0x42,0x27,0x42,0x27,
    0x42,0x27,0x42,0x27,0x42,0x47,0x42,0x47,0x42,0x27,0x42,0x48,0x42,0x47,0x42,0x27,
    0x42,0x27,0x42,0x27,0x42,0x27,0x42,0x27,0x42,0x27,0x42,0x27,0x42,0x27,0x42,0x27,
    0x42,0x27,0x42,0x47,0x42,0x27,0x42,0x27,0x42,0x27,0x42,0x27,0x42,0x47,0x42,0x27,
    0x42,0x27,0x42,0x27,0x42,0x27,0x42,0x27,0x42,0x27,0x42,0x27,0x42,0x27,0x42,0x27,
    0x42,0x48,0x4a,0x27,0x42,0x21,0x27,0x42,0xcf,0x07,0x42,0x07,0x42,0x27,0x42,0x27,
    0x42,0x07,0x42,0x27,0x42,0x27,0x42,0x07,0x42,0x27,0x42,0x27,0x42,0x27,0x42,0x07,
    0x42,0x27,0x42,0x27,0x42,0x07,0x42,0x07,0x42,0x07,0x42,0x27,0x42,0x27,0x42,0x07,
    0x42,0x27,0x42,0x07,0x42,0x07,0x42,0x27,0x42,0x07,0x42,0x27,0x42,0x27,0x42,0x27,
    0x42,0x27,0x42,0x07,0x42,0x27,0x42,0x07,0x42,0x27,0x42,0x27,0x42,0x07,0x42,0x27,
    0x42,0x07,0x42,0x07,0x42,0x07,0x42,0x07,0x42,0x07,0x42,0x07,0x42,0x07,0x42,0x27,
    0x42,0x07,0x42,0x07,0x42,0x27,0x42,0x07,0x42,0x07,0x42,0x07,0x42,0x07,0x42,0x27,
    0x42,0x07,0x42,0x07,0x42,0x27,0x42,0x07,0x42,0x07,0x42,0x07,0x42,0x07,0x42,0x07,
    0x42,0x07,0x42,0x07,0x42,0x07,0x42,0x07,0x42,0x07,0x42,0x07,0x42,0x07,0x42,0x07,
    0x42,0x27,0x42,0x07,0x42,0x07,0x42,0x07,0x42,0x07,0x42,0x07,0x42,0x07,0x42,0x07,
    0x42,0x07,0x42,0x06,0x3a,0x07,0x42,0x14,0x07,0x42,0xb4,0x27,0x42,0x07,0x42,0x07,
    0x42,0x07,0x42,0x07,0x42,0x07,0x42,0x07,0x42,0x07,0x42,0x07,0x42,0x07,0x42,0x06,
    0x42,0x06,0x42,0x07,0x42,0x07,0x42,0x07,0x42,0x07,0x42,0xe6,0x39,0x06,0x3a,0x07,
    0x42,0x07,0x42,0x06,0x3a,0x06,0x42,0x06,0x42,0x06,0x42,0x06,0x42,0x06,0x42,0x06,
    0x3a,0x06,0x42,0x07,0x42,0x06,0x3a,0x06,0x42,0x06,0x3a,0x06,0x42,0xe6,0x39,0x06,
    0x42,0x07,0x42,0x06,0x3a,0x07,0x42,0x06,0x3a,0x06,0x3a,0x06,0x42,0xe6,0x39,0x06,
    0x3a,0x06,0x3a,0x06,0x3a,0x06,0x3a,0x06,0x42,0x06,0x3a,0x06,0x3a,0xe6,0x39,0x4b,
    0x6b,0x72,0xbd,0x12,0x72,0xbd,0xf6,0x52,0xb5,0x52,0xb5,0x52,0xb5,0x52,0xb5,0x52,
    0xb5,0x11,0xad,0x32,0xb5,0x31,0xb5,0x31,0xb5,0x11,0xad,0x11,0xad,0x11,0xad,0xf1,
    0xac,0xf0,0xac,0xd0,0xa4,0x0d,0x8c,0x0b,0x6b,0xa9,0x5a,0x68,0x52,0x27,0x4a,0xe6,
    0x41,0xa5,0x39,0x64,0x29,0x24,0x21,0xe3,0x20,0xc2,0x18,0xa2,0x10,0x61,0x10,0x61,
    0x08,0x00,0x00,0x20,0x00,0x41,0x08,0x61,0x08,0x81,0x10,0xa2,0x10,0xe3,0x18,0x03,
    0x21,0x44,0x29,0x65,0x31,0xc6,0x39,0x07,0x42,0x48,0x4a,0x89,0x52,0xea,0x62,0x2b,
    0x6b,0xb0,0x9c,0x11,0xad,0x32,0xb5,0x32,0xb5,0x32,0xb5,0x32,0xb5,0x52,0xb5,0x52,
    0xb5,0x52,0xb5,0x52,0xb5,0x52,0xb5,0x52,0xb5,0x73,0xbd,0x73,0xbd,0x73,0xbd,0x72,
    0xbd,0x73,0xbd,0x73,0xbd,0x73,0xbd,0x73,0xbd,0x73,0xbd,0x73,0xbd,0x73,0xbd,0x73,
    0xbd,0x73,0xbd,0x73,0xbd,0x73,0xbd,0x73,0xbd,0x73,0xbd,0x73,0xbd,0x73,0xbd,0x72,
    0xbd,0x73,0xbd,0x73,0xbd,0x90,0x9c,0xc9,0x5a,0x48,0x4a,0x27,0x42,0x27,0x42,0x47,
    0x42,0x48,0x42,0x27,0x42,0x48,0x42,0x47,0x42,0x27,0x42,0x27,0x42,0x27,0x42,0x27,
    0x42,0x27,0x42,0x27,0x42,0x27,0x42,0x47,0x42,0x47,0x42,0x27,0x42,0x27,0x42,0x27,
    0x42,0x27,0x42,0x27,0x42,0x27,0x42,0x47,0x42,0x27,0x42,0x47,0x42,0x27,0x42,0x27,
    0x42,0x27,0x42,0x27,0x42,0x27,0x42,0x27,0x42,0x27,0x42,0x27,0x42,0x27,0x42,0x48,
    0x42,0x27,0x42,0x16,0x27,0x42,0xd8,0x48,0x42,0x27,0x42,0x27,0x42,0x27,0x42,0x27,
    0x42,0x27,0x42,0x07,0x42,0x27,0x42,0x47,0x42,0x07,0x42,0x27,0x42,0x27,0x42,0x07,
    0x42,0x07,0x42,0x27,0x42,0x27,0x42,0x27,0x42,0xa5,0x31,0xe3,0x18,0xe3,0x18,0xc3,
    0x18,0xe3,0x18,0xc2,0x18,0xe3,0x18,0xe3,0x18,0xc2,0x18,0xe3,0x18,0xc3,0x18,0xe3,
    0x18,0xe3,0x18,0xc2,0x18,0xc2,0x18,0xc3,0x18,0xc2,0x18,0xc2,0x18,0xc2,0x18,0xc2,
    0x18,0xc2,0x18,0xc2,0x18,0xc3,0x18,0xe3,0x18,0xc2,0x18,0xc3,0x18,0xc2,0x18,0xc2,
    0x18,0xc2,0x18,0xc2,0x18,0xc2,0x18,0xc2,0x18,0xe3,0x18,0xc2,0x18,0xc2,0x18,0xc2,
    0x18,0xc2,0x18,0xc2,0x18,0xe3,0x18,0xc2,0x18,0xc2,0x18,0xc2,0x18,0xc2,0x18,0xc2,
    0x18,0xc2,0x18,0xc2,0x18,0xc2,0x18,0xc2,0x18,0xc2,0x18,0xc2,0x18,0xc2,0x18,0xc2,
    0x18,0xc2,0x18,0xc2,0x18,0xc3,0x18,0xc2,0x18,0xc2,0x18,0xc2,0x18,0xc2,0x18,0xc2,
    0x18,0xc2,0x18,0xc2,0x18,0xc2,0x18,0xc2,0x18,0xc2,0x18,0xc2,0x18,0xe3,0x18,0x85,
    0x31,0x07,0x42,0x06,0x42,0x07,0x42,0x17,0x07,0x42,0xb3,0x06,0x42,0x27,0x42,0x07,
    0x42,0x07,0x42,0x07,0x42,0x07,0x42,0x07,0x42,0x07,0x42,0x07,0x42,0x07,0x42,0x06,
    0x3a,0x07,0x42,0x07,0x42,0x07,0x42,0x07,0x42,0x07,0x42,0x06,0x3a,0x06,0x42,0x07,
    0x42,0x06,0x3a,0x06,0x42,0x06,0x42,0x07,0x42,0xe6,0x39,0x06,0x42,0x07,0x42,0x07,
    0x42,0x06,0x42,0x06,0x42,0x06,0x42,0xe6,0x39,0x06,0x42,0x07,0x42,0xe6,0x39,0x07,
    0x42,0xe6,0x39,0x06,0x42,0x06,0x3a,0x06,0x42,0x06,0x3a,0x07,0x42,0x07,0x42,0xe6,
    0x39,0x06,0x3a,0x06,0x3a,0x06,0x42,0x06,0x3a,0x06,0x42,0xe6,0x39,0x6b,0x73,0x72,
    0xbd,0x12,0x72,0xbd,0xd7,0x52,0xb5,0x52,0xb5,0x52,0xb5,0x52,0xb5,0x52,0xb5,0x11,
    0xad,0x32,0xb5,0x31,0xb5,0x31,0xb5,0x11,0xad,0x11,0xad,0x11,0xad,0xf1,0xac,0xf0,
    0xac,0xd0,0xa4,0x0e,0x8c,0x2b,0x6b,0xa9,0x5a,0x68,0x52,0x27,0x4a,0xe6,0x41,0xa5,
    0x39,0x65,0x29,0x24,0x21,0xe3,0x20,0xc2,0x18,0xa2,0x10,0x61,0x10,0x61,0x08,0x00,
    0x00,0x20,0x00,0x41,0x08,0x61,0x08,0x81,0x10,0xa2,0x18,0xe3,0x18,0x03,0x21,0x44,
    0x29,0x65,0x31,0xc6,0x39,0x07,0x42,0x48,0x4a,0x89,0x52,0xea,0x62,0x2b,0x6b,0xb0,
    0xa4,0x11,0xad,0x32,0xb5,0x32,0xb5,0x32,0xb5,0x32,0xb5,0x52,0xb5,0x52,0xb5,0x52,
    0xb5,0x52,0xb5,0x52,0xb5,0x73,0xbd,0x52,0xb5,0x72,0xbd,0x73,0xbd,0x72,0xbd,0x73,
    0xbd,0x73,0xbd,0x73,0xbd,0x73,0xbd,0x73,0xbd,0x73,0xbd,0x72,0xbd,0x73,0xbd,0x73,
    0xbd,0x73,0xbd,0x73,0xbd,0x73,0xbd,0x73,0xbd,0x73,0xbd,0x73,0xbd,0x73,0xbd,0x73,
    0xbd,0x73,0xbd,0x90,0x9c,0xa9,0x52,0x27,0x42,0x27,0x42,0x27,0x42,0x27,0x42,0x47,
    0x42,0x27,0x42,0x13,0x27,0x42,0xff,0x48,0x42,0x07,0x42,0x47,0x42,0x07,0x42,0x27,
    0x42,0x27,0x42,0x27,0x42,0x27,0x42,0x07,0x42,0x27,0x42,0x27,0x42,0x27,0x42,0x27,
    0x42,0x27,0x42,0x27,0x42,0x27,0x42,0x07,0x42,0x27,0x42,0x27,0x42,0x27,0x42,0x27,
    0x42,0x27,0x42,0x07,0x42,0x27,0x42,0x27,0x42,0x27,0x42,0x07,0x42,0x27,0x42,0x27,
    0x42,0x27,0x42,0x27,0x42,0x27,0x42,0x07,0x42,0x07,0x42,0x27,0x42,0x07,0x42,0x27,
    0x42,0x27,0x42,0x27,0x42,0x27,0x42,0x07,0x42,0x07,0x42,0x27,0x42,0x27,0x42,0x07,
    0x42,0x27,0x42,0x27,0x42,0x07,0x42,0x27,0x42,0x27,0x42,0x07,0x42,0x23,0x21,0xa2,
    0x10,0xa2,0x10,0x82,0x10,0xa2,0x10,0xa2,0x10,0xa2,0x10,0x82,0x10,0x82,0x10,0xa2,
    0x10,0x82,0x10,0x82,0x10,0xa2,0x10,0x82,0x10,0x81,0x10,0x82,0x10,0x82,0x10,0xa2,
    0x10,0xa2,0x10,0xa2,0x10,0xa2,0x10,0x82,0x10,0x82,0x10,0xa2,0x10,0x82,0x10,0x81,
    0x10,0x82,0x10,0x82,0x10,0xa2,0x10,0x82,0x10,0x82,0x10,0x82,0x10,0xa2,0x10,0x82,
    0x10,0x82,0x10,0x82,0x10,0x82,0x10,0x81,0x10,0x81,0x10,0x81,0x10,0x81,0x10,0x81,
    0x10,0x82,0x10,0x81,0x10,0x82,0x10,0x82,0x10,0x82,0x10,0x82,0x10,0x81,0x10,0x81,
    0x10,0x82,0x10,0x82,0x10,0x82,0x10,0x81,0x10,0x81,0x10,0x81,0x10,0x81,0x10,0x81,
    0x10,0x81,0x10,0x81,0x10,0x81,0x10,0x81,0x10,0x81,0x10,0x81,0x10,0x82,0x10,0x81,
    0x10,0xa1,0x10,0x44,0x21,0xe6,0x39,0x07,0x42,0x07,0x42,0x06,0x3a,0x07,0x42,0x06,
    0x3a,0x07,0x42,0x07,0x42,0xc5,0x06,0x42,0x07,0x42,0x06,0x42,0x07,0x42,0x07,0x42,
    0x07,0x42,0x07,0x42,0x07,0x42,0x07,0x42,0x07,0x42,0x06,0x42,0x06,0x42,0x07,0x42,
    0x06,0x3a,0x07,0x42,0x06,0x3a,0x07,0x42,0x07,0x42,0x06,0x42,0x07,0x42,0x07,0x42,
    0x06,0x3a,0x07,0x42,0x07,0x42,0x07,0x42,0x07,0x42,0x06,0x42,0x07,0x42,0x07,0x42,
    0x06,0x42,0x07,0x42,0x06,0x3a,0x07,0x42,0xe6,0x39,0x06,0x3a,0x06,0x3a,0x07,0x42,
    0x06,0x3a,0x06,0x3a,0x06,0x3a,0x06,0x3a,0x07,0x42,0xe6,0x39,0xe6,0x39,0x07,0x42,
    0xe6,0x39,0x06,0x3a,0x06,0x42,0xe6,0x39,0x06,0x3a,0x07,0x42,0x06,0x3a,0xe6,0x39,
    0xe6,0x39,0x06,0x3a,0xe6,0x39,0xe6,0x39,0xe6,0x39,0x06,0x3a,0x07,0x42,0xe6,0x39,
    0xe6,0x39,0xe6,0x39,0xe6,0x39,0x06,0x3a,0x07,0x42,0xe6,0x39,0x6b,0x73,0x72,0xbd,
    0x12,0x72,0xbd,0xff,0x52,0xb5,0x52,0xb5,0x52,0xb5,0x52,0xb5,0x52,0xb5,0x11,0xad,
    0x32,0xb5,0x31,0xb5,0x11,0xad,0x11,0xad,0x11,0xad,0x11,0xad,0xf1,0xac,0xf0,0xac,
    0xd0,0xa4,0x2e,0x8c,0x2b,0x6b,0xa9,0x5a,0x68,0x52,0x27,0x4a,0xe6,0x41,0xa5,0x39,
    0x65,0x29,0x24,0x21,0xe3,0x20,0xc2,0x18,0xa2,0x10,0x81,0x10,0x61,0x08,0x00,0x00,
    0x20,0x00,0x41,0x08,0x61,0x08,0x82,0x10,0xa2,0x18,0xe3,0x18,0x03,0x21,0x44,0x29,
    0x65,0x31,0xc6,0x39,0x07,0x42,0x48,0x4a,0x89,0x52,0xea,0x62,0x2b,0x6b,0xd0,0xa4,
    0x11,0xad,0x32,0xad,0x32,0xb5,0x32,0xb5,0x32,0xb5,0x32,0xb5,0x52,0xb5,0x52,0xb5,
    0x52,0xb5,0x52,0xb5,0x52,0xb5,0x52,0xb5,0x73,0xbd,0x72,0xbd,0x73,0xbd,0x73,0xbd,
    0x73,0xbd,0x73,0xbd,0x73,0xbd,0x73,0xbd,0x72,0xbd,0x73,0xbd,0x73,0xbd,0x73,0xbd,
    0x73,0xbd,0x73,0xbd,0x73,0xbd,0x73,0xbd,0x73,0xbd,0x73,0xbd,0x73,0xbd,0x73,0xbd,
    0x73,0xbd,0x90,0x9c,0xc9,0x5a,0x47,0x42,0x47,0x42,0x48,0x4a,0x48,0x4a,0x48,0x4a,
    0x48,0x42,0x47,0x42,0x47,0x42,0x48,0x42,0x48,0x4a,0x47,0x42,0x48,0x4a,0x47,0x42,
    0x48,0x4a,0x48,0x42,0x47,0x42,0x47,0x42,0x48,0x4a,0x48,0x4a,0x48,0x4a,0x27,0x42,
    0x48,0x4a,0x47,0x42,0x48,0x4a,0x47,0x42,0x48,0x4a,0x27,0x42,0x48,0x4a,0x48,0x4a,
    0x48,0x4a,0x27,0x42,0x47,0x42,0x48,0x4a,0x27,0x42,0x48,0x4a,0x27,0x42,0x27,0x42,
    0x27,0x42,0x47,0x42,0x47,0x42,0x47,0x42,0x27,0x42,0x27,0x42,0x48,0x4a,0x27,0x42,
    0x27,0x42,0xe4,0x27,0x42,0x47,0x42,0x48,0x42,0x48,0x4a,0x27,0x42,0x27,0x42,0x27,
    0x42,0x47,0x42,0x27,0x42,0x27,0x42,0x27,0x42,0x47,0x42,0x47,0x42,0x47,0x42,0x27,
    0x42,0x47,0x42,0x47,0x42,0x27,0x42,0x47,0x42,0x27,0x42,0x48,0x4a,0x27,0x42,0x48,
    0x42,0x27,0x42,0x27,0x42,0x27,0x42,0x47,0x42,0x27,0x42,0x27,0x42,0x27,0x42,0x43,
    0x21,0x82,0x10,0x82,0x10,0x82,0x10,0x82,0x10,0xa2,0x10,0x82,0x10,0x82,0x10,0x82,
    0x10,0xa2,0x10,0x82,0x10,0x82,0x10,0x82,0x10,0xa2,0x10,0x82,0x10,0xa2,0x10,0xa2,
    0x10,0xa2,0x10,0x82,0x10,0xa2,0x10,0x82,0x10,0xa2,0x10,0xa2,0x10,0xa2,0x10,0x81,
    0x10,0x81,0x10,0x82,0x10,0x81,0x10,0x81,0x10,0x82,0x10,0xa2,0x10,0x81,0x10,0x81,
    0x10,0x81,0x10,0x82,0x10,0x82,0x10,0x82,0x10,0x81,0x10,0x82,0x10,0x82,0x10,0x82,
    0x10,0x82,0x10,0x82,0x10,0x81,0x10,0x81,0x10,0x81,0x10,0x82,0x10,0x81,0x10,0x82,
    0x10,0x82,0x10,0x81,0x10,0x82,0x10,0x81,0x10,0x81,0x10,0x82,0x10,0x82,0x10,0x81,
    0x10,0x82,0x10,0x81,0x10,0x82,0x10,0x82,0x10,0x81,0x10,0xa2,0x10,0x81,0x10,0xa2,
    0x10,0x82,0x10,0xa1,0x10,0x64,0x21,0x07,0x42,0x27,0x42,0x2c,0x27,0x42,0x9f,0x07,
    0x42,0x27,0x42,0x07,0x42,0x27,0x42,0x27,0x42,0x27,0x42,0x07,0x42,0x27,0x42,0x07,
    0x42,0x07,0x42,0x07,0x42,0x07,0x42,0x27,0x42,0x27,0x42,0x27,0x42,0x27,0x42,0x27,
    0x42,0x27,0x42,0x07,0x42,0x27,0x42,0x27,0x42,0x07,0x42,0x27,0x42,0x07,0x42,0x07,
    0x42,0x27,0x42,0x27,0x42,0x07,0x42,0x07,0x42,0x6b,0x73,0x72,0xbd,0x12,0x72,0xbd,
    0xff,0x52,0xb5,0x52,0xb5,0x52,0xb5,0x52,0xb5,0x52,0xb5,0x11,0xad,0x32,0xb5,0x31,
    0xb5,0x11,0xad,0x11,0xad,0x11,0xad,0xf1,0xac,0xf1,0xac,0xf0,0xac,0xd0,0xa4,0x2e,
    0x94,0x2b,0x6b,0xc9,0x5a,0x68,0x52,0x27,0x4a,0xe6,0x41,0xa5,0x39,0x65,0x31,0x24,
    0x29,0xe3,0x20,0xc2,0x18,0xa2,0x10,0x81,0x10,0x61,0x08,0x00,0x00,0x20,0x00,0x41,
    0x08,0x61,0x08,0x82,0x10,0xa2,0x18,0xe3,0x18,0x03,0x21,0x44,0x29,0x85,0x31,0xc6,
    0x39,0x07,0x42,0x48,0x4a,0x89,0x5a,0xea,0x62,0x2b,0x6b,0xf1,0xac,0x11,0xad,0x11,
    0xad,0x31,0xb5,0x32,0xb5,0x32,0xb5,0x32,0xb5,0x52,0xb5,0x52,0xb5,0x52,0xb5,0x52,
    0xb5,0x52,0xb5,0x72,0xb5,0x72,0xbd,0x72,0xbd,0x73,0xbd,0x72,0xbd,0x72,0xbd,0x73,
    0xbd,0x73,0xbd,0x73,0xbd,0x73,0xbd,0x73,0xbd,0x73,0xbd,0x73,0xbd,0x73,0xbd,0x73,
    0xbd,0x73,0xbd,0x73,0xbd,0x93,0xbd,0x73,0xbd,0x73,0xbd,0x73,0xbd,0x73,0xbd,0x90,
    0x9c,0xc9,0x5a,0x27,0x42,0x48,0x42,0x48,0x4a,0x48,0x42,0x48,0x42,0x27,0x42,0x27,
    0x42,0x47,0x42,0x47,0x42,0x48,0x42,0x27,0x42,0x27,0x42,0x48,0x4a,0x48,0x4a,0x48,
    0x42,0x27,0x42,0x47,0x42,0x47,0x42,0x47,0x42,0x27,0x42,0x48,0x42,0x27,0x42,0x27,
    0x42,0x47,0x42,0x47,0x42,0x27,0x42,0x47,0x42,0x27,0x42,0x27,0x42,0x27,0x42,0x27,
    0x42,0x27,0x42,0x48,0x42,0x27,0x42,0x27,0x42,0x47,0x42,0x27,0x42,0x27,0x42,0x27,
    0x42,0x27,0x42,0x47,0x42,0x47,0x42,0x27,0x42,0x27,0x42,0x47,0x42,0x27,0x42,0xff,
    0x27,0x42,0x27,0x42,0x47,0x42,0x27,0x42,0x47,0x42,0x27,0x42,0x27,0x42,0x27,0x42,
    0x27,0x42,0x27,0x42,0x27,0x42,0x27,0x42,0x27,0x42,0x47,0x42,0x27,0x42,0x27,0x42,
    0x27,0x42,0x27,0x42,0x47,0x42,0x27,0x42,0x27,0x42,0x27,0x42,0x27,0x42,0x27,0x42,
    0x27,0x42,0x27,0x42,0x27,0x42,0x27,0x42,0x27,0x42,0x27,0x42,0x43,0x21,0xa2,0x10,
    0xa2,0x10,0xa2,0x10,0xa2,0x10,0xa2,0x10,0xa2,0x10,0xa2,0x10,0xa2,0x10,0xa2,0x10,
    0xa2,0x10,0xa2,0x10,0xa2,0x10,0xa2,0x10,0x82,0x10,0x82,0x10,0x82,0x10,0xa2,0x10,
    0xa2,0x10,0xa2,0x10,0xa2,0x10,0xa2,0x10,0x82,0x10,0xa2,0x10,0x82,0x10,0xa2,0x10,
    0x82,0x10,0x82,0x10,0xa2,0x10,0x82,0x10,0x82,0x10,0xa2,0x10,0x82,0x10,0xa2,0x10,
    0x82,0x10,0x82,0x10,0x82,0x10,0x82,0x10,0x81,0x10,0x82,0x10,0x82,0x10,0x82,0x10,
    0xa2,0x10,0xa2,0x10,0x81,0x10,0x82,0x10,0x82,0x10,0x82,0x10,0xa2,0x10,0x82,0x10,
    0x82,0x10,0x82,0x10,0x82,0x10,0x81,0x10,0x82,0x10,0xa2,0x10,0x82,0x10,0x82,0x10,
    0x81,0x10,0x81,0x10,0x82,0x10,0x81,0x10,0xa2,0x10,0x82,0x10,0xa2,0x10,0x82,0x10,
    0xa2,0x10,0x44,0x21,0x07,0x3a,0x07,0x42,0x07,0x42,0x27,0x42,0x27,0x42,0x07,0x42,
    0x27,0x42,0x07,0x42,0x07,0x42,0x07,0x42,0x27,0x42,0x27,0x42,0x27,0x42,0x07,0x42,
    0x27,0x42,0x27,0x42,0x27,0x42,0x27,0x42,0x27,0x42,0x27,0x42,0x27,0x42,0x27,0x42,
    0x07,0x42,0x07,0x42,0x27,0x42,0x07,0x42,0x27,0x42,0x27,0x42,0x07,0x42,0xb0,0x07,
    0x42,0x07,0x42,0x27,0x42,0x07,0x42,0x07,0x42,0x27,0x42,0x27,0x42,0x07,0x42,0x07,
    0x42,0x07,0x42,0x07,0x42,0x07,0x42,0x07,0x42,0x06,0x42,0x07,0x42,0x07,0x42,0x07,
    0x42,0x07,0x42,0x07,0x42,0x07,0x42,0x07,0x42,0x07,0x42,0x07,0x42,0x07,0x42,0x07,
    0x42,0x07,0x42,0x07,0x42,0x07,0x42,0x06,0x3a,0x07,0x42,0x07,0x42,0x07,0x42,0x07,
    0x42,0x07,0x42,0x07,0x42,0x07,0x42,0x07,0x42,0x06,0x42,0x07,0x42,0x07,0x42,0x07,
    0x42,0x06,0x42,0x07,0x42,0x06,0x42,0x07,0x42,0x07,0x42,0x6b,0x73,0x72,0xbd,0x12,
    0x72,0xbd,0xbe,0x52,0xb5,0x52,0xb5,0x52,0xb5,0x52,0xb5,0x52,0xb5,0x11,0xad,0x32,
    0xb5,0x31,0xb5,0x11,0xad,0x11,0xad,0x11,0xad,0xf1,0xac,0xf0,0xac,0xf0,0xac,0xd0,
    0xa4,0x4e,0x94,0x4b,0x6b,0xc9,0x5a,0x68,0x52,0x27,0x4a,0xe6,0x41,0xa6,0x39,0x65,
    0x31,0x24,0x29,0xe3,0x20,0xc2,0x18,0xa2,0x10,0x81,0x10,0x61,0x08,0x20,0x00,0x20,
    0x00,0x41,0x08,0x61,0x08,0x82,0x10,0xa2,0x18,0xe3,0x18,0x03,0x21,0x44,0x29,0x85,
    0x31,0xc6,0x39,0x07,0x42,0x48,0x4a,0x89,0x5a,0xea,0x62,0x4b,0x6b,0x11,0xad,0x11,
    0xad,0x11,0xad,0x31,0xb5,0x32,0xb5,0x32,0xb5,0x32,0xb5,0x32,0xb5,0x52,0xb5,0x52,
    0xb5,0x52,0xb5,0x72,0xb5,0x73,0xb5,0x72,0xbd,0x73,0xbd,0x72,0xbd,0x73,0xbd,0x11,
    0x73,0xbd,0xd0,0x90,0x9c,0xc9,0x5a,0x27,0x42,0x48,0x42,0x48,0x42,0x47,0x42,0x27,
    0x42,0x27,0x42,0x27,0x42,0x27,0x42,0x27,0x42,0x27,0x42,0x27,0x42,0x27,0x42,0x27,
    0x42,0x27,0x42,0x27,0x42,0x27,0x42,0x27,0x42,0x27,0x42,0x27,0x42,0x07,0x42,0x27,
    0x42,0x27,0x42,0x27,0x42,0x27,0x42,0x27,0x42,0x27,0x42,0x27,0x42,0x27,0x42,0x27,
    0x42,0x27,0x42,0x27,0x42,0x27,0x42,0x27,0x42,0x27,0x42,0x07,0x42,0x27,0x42,0x07,
    0x42,0x27,0x42,0x07,0x42,0x27,0x42,0x27,0x42,0x27,0x42,0x27,0x42,0x27,0x42,0x27,
    0x42,0x27,0x42,0x27,0x42,0x27,0x42,0x27,0x42,0x07,0x42,0x27,0x42,0x27,0x42,0x07,
    0x42,0x27,0x42,0x27,0x42,0x27,0x42,0x07,0x42,0x07,0x42,0x27,0x42,0x07,0x42,0x27,
    0x42,0x27,0x42,0x07,0x42,0x07,0x42,0x27,0x42,0x07,0x42,0x07,0x42,0x07,0x42,0x27,
    0x42,0x07,0x42,0x07,0x42,0x07,0x42,0x27,0x42,0x27,0x42,0x07,0x42,0x07,0x42,0x23,
    0x21,0xa2,0x10,0x2c,0xa2,0x10,0x82,0x82,0x10,0xa2,0x10,0x13,0xa2,0x10,0x9d,0x44,
    0x21,0xe6,0x39,0xe6,0x39,0xe6,0x39,0xe6,0x39,0xe6,0x39,0xe6,0x39,0xe6,0x39,0xe6,
    0x39,0xe6,0x39,0xe6,0x39,0xe6,0x39,0xe6,0x39,0x06,0x3a,0x06,0x3a,0xe6,0x39,0xe6,
    0x39,0xe6,0x39,0x06,0x3a,0xe6,0x39,0xe6,0x39,0xe6,0x39,0xe6,0x39,0xe6,0x39,0xe6,
    0x39,0xe6,0x39,0xe6,0x39,0x06,0x3a,0xe6,0x39,0x28,0xe6,0x39,0xff,0x07,0x42,0x06,
    0x42,0x06,0x3a,0x06,0x42,0x06,0x3a,0x06,0x3a,0x06,0x42,0x6b,0x73,0x72,0xbd,0x72,
    0xbd,0x72,0xbd,0x72,0xbd,0x72,0xbd,0x72,0xbd,0x72,0xbd,0x72,0xbd,0x73,0xbd,0x72,
    0xbd,0x72,0xbd,0x72,0xbd,0x72,0xbd,0x72,0xbd,0x72,0xbd,0x72,0xbd,0x72,0xbd,0x72,
    0xbd,0x72,0xbd,0x52,0xb5,0x52,0xb5,0x52,0xb5,0x52,0xb5,0x52,0xb5,0x11,0xad,0x32,
    0xb5,0x31,0xb5,0x11,0xad,0x11,0xad,0x11,0xad,0xf1,0xac,0xf0,0xac,0xf0,0xac,0xd0,
    0xa4,0x4e,0x94,0x4b,0x73,0xc9,0x5a,0x68,0x52,0x27,0x4a,0xe6,0x41,0xa6,0x39,0x65,
    0x31,0x24,0x29,0x03,0x21,0xc2,0x18,0xa2,0x10,0x81,0x10,0x61,0x08,0x20,0x00,0x20,
    0x00,0x41,0x08,0x61,0x08,0x82,0x10,0xa2,0x18,0xe3,0x18,0x03,0x21,0x44,0x29,0x85,
    0x31,0xc6,0x39,0x07,0x42,0x48,0x4a,0xa9,0x5a,0xea,0x62,0x6c,0x73,0xf1,0xac,0x11,
    0xad,0x11,0xad,0x11,0xad,0x31,0xb5,0x32,0xb5,0x32,0xb5,0x32,0xb5,0x52,0xb5,0x52,
    0xb5,0x52,0xb5,0x52,0xb5,0x52,0xb5,0x52,0xb5,0x72,0xbd,0x72,0xbd,0x72,0xbd,0x73,
    0xbd,0x73,0xbd,0x73,0xbd,0x73,0xbd,0x73,0xbd,0x73,0xbd,0x73,0xbd,0x73,0xbd,0x73,
    0xbd,0x73,0xbd,0x73,0xbd,0x73,0xbd,0x73,0xbd,0x73,0xbd,0x73,0xbd,0x73,0xbd,0x73,
    0xbd,0x90,0x9c,0xc9,0x5a,0x27,0x42,0x27,0x42,0x48,0x4a,0x47,0x42,0x27,0x42,0x27,
    0x42,0x27,0x42,0x27,0x42,0xe6,0x39,0xc6,0x39,0xe6,0x39,0xc6,0x39,0xe6,0x39,0xe6,
    0x39,0xe6,0x39,0xc6,0x39,0xe6,0x39,0xe6,0x39,0xe6,0x39,0xff,0xc6,0x39,0xe6,0x39,
    0xc6,0x39,0xc5,0x39,0xc6,0x39,0xc5,0x39,0xc6,0x39,0xc5,0x31,0xe6,0x39,0xc6,0x39,
    0xc6,0x39,0xc6,0x39,0xc6,0x39,0xe6,0x39,0xc6,0x39,0xc5,0x31,0xe6,0x39,0xc5,0x31,
    0xc6,0x39,0xc6,0x39,0xc6,0x39,0xc6,0x39,0xc5,0x39,0xc6,0x39,0xc5,0x39,0xe6,0x39,
    0xc6,0x39,0xc6,0x39,0xc6,0x39,0xc6,0x39,0xc5,0x31,0xc5,0x31,0xc6,0x39,0xc6,0x39,
    0xc5,0x39,0xc6,0x39,0xc5,0x31,0xc5,0x39,0xc5,0x31,0xc5,0x31,0xc5,0x31,0xc5,0x39,
    0xc6,0x39,0xc5,0x31,0xc5,0x31,0xc5,0x39,0xc5,0x31,0xc5,0x31,0xc5,0x39,0xc6,0x39,
    0xc5,0x31,0xc5,0x31,0xc5,0x31,0xc5,0x31,0xc5,0x39,0xc5,0x31,0xc6,0x39,0x23,0x19,
    0xc2,0x10,0xc2,0x18,0xc2,0x18,0xc2,0x18,0xa2,0x10,0xc2,0x18,0xa2,0x10,0xc2,0x18,
    0xc2,0x10,0xc2,0x18,0xc2,0x18,0xc2,0x18,0xa2,0x10,0xc2,0x10,0xc2,0x18,0xa2,0x10,
    0xc2,0x18,0xc2,0x18,0xa2,0x10,0xa2,0x10,0xc2,0x18,0xc2,0x10,0xa2,0x10,0xc2,0x18,
    0xc2,0x18,0xa2,0x10,0xa2,0x10,0xa2,0x10,0xc2,0x18,0xa2,0x10,0xa2,0x10,0xc2,0x18,
    0xa2,0x10,0xa2,0x10,0xa2,0x10,0xa2,0x10,0xc2,0x18,0xa2,0x10,0xa2,0x10,0xc2,0x18,
    0xa2,0x10,0xc2,0x10,0xa2,0x10,0xa2,0x10,0xa2,0x10,0xa2,0x10,0xc2,0x18,0xa2,0x10,
    0xa2,0x10,0xa2,0x10,0xc2,0x10,0xa2,0x10,0xa2,0x10,0xa2,0x10,0xc2,0x18,0xa2,0x10,
    0xc2,0x18,0xa2,0x10,0xc2,0x18,0xc2,0x18,0xc2,0x10,0xc2,0x18,0xc2,0x18,0xc2,0x18,
    0xc2,0x18,0xc2,0x10,0x23,0x21,0x84,0x29,0xa5,0x31,0xcb,0x84,0x31,0xa5,0x31,0x84,
    0x31,0xa5,0x31,0xa5,0x31,0xa5,0x31,0xa5,0x31,0xa5,0x31,0x84,0x31,0xa5,0x31,0xa4,
    0x31,0xa5,0x31,0xa5,0x31,0xa5,0x31,0xa5,0x31,0xa5,0x31,0xa4,0x31,0xa5,0x31,0xa5,
    0x31,0xa4,0x31,0xa4,0x31,0xa5,0x31,0xa4,0x31,0xa5,0x31,0xa5,0x31,0xa4,0x31,0x84,
    0x31,0xa4,0x31,0x84,0x31,0xa5,0x31,0x84,0x31,0xa4,0x31,0x84,0x31,0x84,0x31,0xa4,
    0x31,0x84,0x31,0x84,0x31,0x84,0x31,0x84,0x31,0xa4,0x31,0xa4,0x31,0x84,0x29,0xa5,
    0x31,0x84,0x31,0x84,0x31,0x84,0x29,0x84,0x31,0x84,0x31,0x84,0x29,0x84,0x31,0x84,
    0x29,0x84,0x31,0x84,0x31,0x84,0x31,0x84,0x31,0x84,0x29,0x84,0x31,0x84,0x31,0x84,
    0x31,0x84,0x29,0x84,0x29,0x84,0x31,0x84,0x29,0xa4,0x31,0xc5,0x31,0x06,0x3a,0x07,
    0x42,0x06,0x42,0x06,0x42,0x06,0x3a,0x06,0x3a,0x06,0x3a,0x06,0x3a,0x6b,0x73,0x72,
    0xbd,0x12,0x72,0xbd,0xea,0x52,0xb5,0x52,0xb5,0x52,0xb5,0x52,0xb5,0x52,0xb5,0x11,
    0xad,0x32,0xb5,0x31,0xb5,0x11,0xad,0x11,0xad,0x11,0xad,0xf1,0xac,0xf0,0xac,0xf0,
    0xac,0xd0,0xac,0x6f,0x94,0x4b,0x73,0xc9,0x5a,0x68,0x52,0x27,0x4a,0xe7,0x41,0xa6,
    0x39,0x65,0x31,0x24,0x29,0x03,0x21,0xc2,0x18,0xa2,0x10,0x81,0x10,0x61,0x08,0x20,
    0x00,0x20,0x00,0x41,0x08,0x61,0x08,0x82,0x10,0xa2,0x18,0xe3,0x18,0x03,0x21,0x44,
    0x29,0x85,0x31,0xc6,0x39,0x07,0x42,0x48,0x4a,0xa9,0x5a,0xea,0x62,0x8c,0x7b,0xf1,
    0xac,0xf1,0xac,0x11,0xad,0x11,0xad,0x31,0xb5,0x32,0xb5,0x32,0xb5,0x32,0xb5,0x52,
    0xb5,0x52,0xb5,0x52,0xb5,0x52,0xb5,0x52,0xb5,0x72,0xb5,0x73,0xb5,0x72,0xbd,0x72,
    0xbd,0x72,0xbd,0x73,0xbd,0x73,0xbd,0x73,0xbd,0x73,0xbd,0x73,0xbd,0x72,0xbd,0x73,
    0xbd,0x73,0xbd,0x73,0xbd,0x73,0xbd,0x73,0xbd,0x73,0xbd,0x73,0xbd,0x73,0xbd,0x73,
    0xbd,0x73,0xbd,0x90,0x9c,0xc9,0x5a,0x47,0x42,0x27,0x42,0x48,0x4a,0x48,0x42,0x27,
    0x42,0x27,0x42,0x48,0x42,0x48,0x42,0x27,0x42,0xa5,0x31,0xa4,0x31,0x84,0x29,0xa4,
    0x31,0x84,0x29,0x84,0x29,0x84,0x29,0x84,0x29,0xa4,0x29,0x84,0x29,0x84,0x29,0x84,
    0x29,0x84,0x29,0x84,0x29,0xa4,0x29,0x84,0x29,0x12,0x84,0x29,0x82,0x64,0x29,0x84,
    0x29,0x1f,0x84,0x29,0xc5,0x23,0x19,0xe3,0x18,0xc2,0x18,0xc3,0x18,0xc3,0x18,0xc2,
    0x18,0xc2,0x18,0xc2,0x18,0xe3,0x18,0xc2,0x18,0xc2,0x18,0xc2,0x18,0xc2,0x18,0xc2,
    0x18,0xe3,0x18,0xc2,0x18,0xc2,0x18,0xc2,0x18,0xc2,0x18,0xc3,0x18,0xc2,0x18,0xe3,
    0x18,0xc2,0x18,0xc2,0x18,0xc2,0x18,0xe2,0x18,0xc2,0x18,0xc2,0x18,0xc2,0x18,0xc2,
    0x18,0xc3,0x18,0xc2,0x18,0xc2,0x18,0xc2,0x18,0xc2,0x18,0xc2,0x18,0xe2,0x18,0xe2,
    0x18,0xc2,0x18,0xc2,0x18,0xc2,0x18,0xc2,0x18,0xc2,0x18,0xc2,0x18,0xc2,0x18,0xc2,
    0x18,0xc3,0x18,0xe2,0x18,0xc2,0x18,0xc2,0x18,0xe2,0x18,0xe2,0x18,0xc2,0x18,0xc2,
    0x18,0xc2,0x18,0xe3,0x18,0xc2,0x18,0xc2,0x18,0xc2,0x18,0xc2,0x18,0xc2,0x18,0xc2,
    0x18,0xe2,0x18,0xe3,0x18,0xc2,0x18,0xc2,0x18,0xe2,0x18,0x03,0x19,0x43,0x21,0x1a,
    0x43,0x21,0x82,0x63,0x21,0x43,0x21,0x1c,0x43,0x21,0x94,0x23,0x21,0x43,0x21,0x23,
    0x21,0x43,0x21,0x43,0x21,0x43,0x21,0x43,0x21,0x43,0x21,0xa5,0x31,0x06,0x3a,0x27,
    0x42,0x07,0x42,0x06,0x42,0x06,0x42,0x06,0x3a,0x06,0x3a,0xe6,0x39,0x06,0x42,0x6b,
    0x73,0x72,0xbd,0x12,0x72,0xbd,0xdd,0x52,0xb5,0x52,0xb5,0x52,0xb5,0x52,0xb5,0x52,
    0xb5,0x11,0xad,0x32,0xb5,0x31,0xb5,0x11,0xad,0x11,0xad,0x11,0xad,0xf1,0xac,0xf0,
    0xac,0xf0,0xac,0xd0,0xac,0x6f,0x9c,0x6b,0x73,0xc9,0x5a,0x68,0x52,0x27,0x4a,0xe7,
    0x41,0xa6,0x39,0x65,0x31,0x24,0x29,0x03,0x21,0xc2,0x18,0xa2,0x10,0x81,0x10,0x61,
    0x08,0x20,0x00,0x20,0x00,0x41,0x08,0x61,0x08,0x82,0x10,0xa2,0x18,0xe3,0x18,0x03,
    0x21,0x44,0x29,0x85,0x31,0xc6,0x39,0x07,0x42,0x48,0x4a,0xa9,0x5a,0xea,0x62,0xac,
    0x7b,0xf1,0xac,0xf1,0xac,0x11,0xad,0x11,0xad,0x11,0xad,0x32,0xb5,0x32,0xb5,0x32,
    0xb5,0x52,0xb5,0x52,0xb5,0x52,0xb5,0x52,0xb5,0x52,0xb5,0x52,0xb5,0x52,0xb5,0x73,
    0xbd,0x73,0xbd,0x72,0xbd,0x73,0xbd,0x73,0xbd,0x73,0xbd,0x73,0xbd,0x73,0xbd,0x73,
    0xbd,0x73,0xbd,0x73,0xbd,0x73,0xbd,0x73,0xbd,0x73,0xbd,0x73,0xbd,0x72,0xbd,0x72,
    0xbd,0x73,0xbd,0x73,0xbd,0x8f,0x9c,0xa9,0x5a,0x27,0x42,0x27,0x42,0x47,0x42,0x48,
    0x42,0x48,0x4a,0x27,0x42,0x48,0x4a,0x68,0x4a,0x68,0x4a,0xc6,0x31,0x43,0x21,0x23,
    0x19,0x17,0x23,0x19,0xbb,0x03,0x19,0x23,0x19,0x23,0x19,0x23,0x19,0x23,0x19,0x02,
    0x19,0x23,0x19,0x03,0x19,0x23,0x19,0x03,0x19,0x23,0x19,0x23,0x19,0x02,0x19,0x23,
    0x19,0x02,0x19,0x23,0x19,0x23,0x19,0x02,0x19,0x23,0x19,0x23,0x19,0x23,0x19,0x23,
    0x19,0x03,0x19,0x02,0x19,0x22,0x19,0x23,0x19,0x23,0x19,0x02,0x19,0x02,0x19,0x03,
    0x19,0x03,0x19,0x03,0x19,0x03,0x19,0x23,0x21,0x23,0x21,0x03,0x21,0xe2,0x18,0xe2,
    0x18,0xe2,0x18,0xc2,0x10,0xe2,0x18,0xc2,0x10,0xe3,0x18,0xe3,0x18,0xe3,0x18,0xe3,
    0x18,0xe3,0x18,0xe3,0x18,0xe3,0x18,0x03,0x19,0xe3,0x18,0xe3,0x18,0xe3,0x18,0x03,
    0x21,0xe3,0x18,0xe3,0x18,0xe3,0x18,0x03,0x21,0xe3,0x18,0x12,0xe3,0x18,0xad,0x03,
    0x21,0xe3,0x18,0xe3,0x18,0xe3,0x18,0x03,0x19,0xe3,0x18,0xe3,0x18,0xe3,0x18,0xe3,
    0x18,0x03,0x19,0xe3,0x18,0xe3,0x18,0xe3,0x18,0xe3,0x18,0xe3,0x18,0xe3,0x18,0xe3,
    0x18,0xe3,0x18,0xe3,0x18,0x03,0x21,0xe3,0x18,0xe3,0x18,0xe3,0x18,0xe3,0x18,0xe3,
    0x18,0x03,0x21,0xe3,0x18,0x03,0x21,0x03,0x21,0xe3,0x18,0xe2,0x18,0xc2,0x10,0xa1,
    0x10,0xa2,0x10,0xa2,0x10,0xa1,0x10,0xa2,0x10,0xe3,0x18,0xe3,0x18,0x03,0x19,0x03,
    0x19,0x03,0x19,0x03,0x19,0x03,0x21,0xe2,0x10,0x18,0xe2,0x10,0xa8,0xe1,0x10,0xe2,
    0x10,0xc1,0x10,0xe2,0x10,0xc1,0x10,0xc1,0x10,0xe2,0x10,0xc1,0x10,0xc1,0x10,0xe1,
    0x10,0xc1,0x10,0xc1,0x10,0xe2,0x10,0xe2,0x10,0xc1,0x10,0xc1,0x10,0xe2,0x10,0xc1,
    0x10,0xc1,0x10,0xc1,0x10,0xc1,0x10,0xc1,0x10,0xc1,0x10,0xc1,0x10,0xc1,0x10,0xc1,
    0x10,0xc1,0x10,0xe2,0x10,0xc5,0x31,0x47,0x4a,0x48,0x4a,0x07,0x42,0x06,0x42,0x06,
    0x3a,0x06,0x3a,0x07,0x42,0xe6,0x39,0x06,0x42,0x6b,0x73,0x72,0xbd,0x12,0x72,0xbd,
    0xff,0x52,0xb5,0x52,0xb5,0x52,0xb5,0x52,0xb5,0x52,0xb5,0x11,0xad,0x32,0xb5,0x31,
    0xb5,0x11,0xad,0x11,0xad,0x11,0xad,0xf1,0xac,0xf0,0xac,0xf0,0xac,0xd0,0xac,0x6f,
    0x9c,0x6c,0x73,0xc9,0x5a,0x68,0x52,0x27,0x4a,0xe7,0x41,0xa6,0x39,0x65,0x31,0x24,
    0x29,0x03,0x21,0xc2,0x18,0xa2,0x10,0x81,0x10,0x61,0x08,0x20,0x00,0x20,0x00,0x41,
    0x08,0x61,0x08,0x82,0x10,0xa2,0x18,0xe3,0x18,0x03,0x21,0x44,0x29,0x85,0x31,0xc6,
    0x39,0x07,0x42,0x48,0x4a,0xa9,0x5a,0xea,0x62,0xcd,0x7b,0xf1,0xac,0xf1,0xac,0x11,
    0xad,0x11,0xad,0x11,0xad,0x31,0xb5,0x31,0xb5,0x32,0xb5,0x52,0xb5,0x52,0xb5,0x52,
    0xb5,0x52,0xb5,0x52,0xb5,0x72,0xb5,0x52,0xb5,0x73,0xbd,0x72,0xbd,0x73,0xbd,0x73,
    0xbd,0x73,0xbd,0x73,0xbd,0x72,0xbd,0x73,0xbd,0x73,0xbd,0x73,0xbd,0x73,0xbd,0x73,
    0xbd,0x73,0xbd,0x73,0xbd,0x73,0xbd,0x73,0xbd,0x73,0xbd,0x73,0xbd,0x73,0xbd,0x8f,
    0x9c,0xa9,0x5a,0x27,0x42,0x48,0x42,0x48,0x4a,0x48,0x4a,0x48,0x4a,0x27,0x42,0x48,
    0x42,0x68,0x4a,0x89,0x4a,0xc6,0x31,0x02,0x11,0xe2,0x10,0xe2,0x10,0xe2,0x10,0xe2,
    0x10,0xe2,0x10,0xe2,0x10,0xc2,0x08,0xe2,0x10,0xe2,0x10,0xe2,0x10,0xe2,0x10,0xe2,
    0x10,0xe2,0x10,0xe2,0x10,0xe2,0x10,0xe2,0x10,0xc2,0x10,0xe2,0x10,0xe2,0x10,0xe2,
    0x10,0xc2,0x10,0xe2,0x10,0xe2,0x10,0xe2,0x10,0xc1,0x08,0xe2,0x10,0xe2,0x10,0xe2,
    0x10,0xe2,0x10,0xe2,0x10,0xc2,0x08,0xe2,0x10,0xe2,0x10,0xc1,0x08,0xc2,0x10,0xa5,
    0xc2,0x08,0xe2,0x10,0xe2,0x08,0xe2,0x10,0xe2,0x10,0xc1,0x08,0xe2,0x10,0xc2,0x08,
    0xe2,0x10,0xc2,0x08,0xc2,0x08,0xe2,0x10,0xc2,0x08,0xc1,0x08,0xe2,0x10,0xc2,0x10,
    0xc2,0x08,0xc2,0x08,0xe3,0x18,0x23,0x21,0x23,0x21,0x23,0x21,0x24,0x21,0x44,0x21,
    0x85,0x29,0xa5,0x31,0x24,0x21,0x03,0x19,0x03,0x19,0x03,0x19,0x03,0x19,0x03,0x21,
    0x03,0x21,0x03,0x21,0x03,0x21,0x23,0x21,0x03,0x21,0x18,0x03,0x21,0xf2,0x23,0x21,
    0x03,0x21,0x03,0x21,0x03,0x21,0x03,0x21,0x03,0x21,0x03,0x21,0x23,0x21,0x03,0x21,
    0x03,0x21,0x03,0x21,0x03,0x21,0x03,0x21,0x03,0x21,0x03,0x21,0x03,0x21,0x03,0x21,
    0x03,0x21,0x03,0x21,0x03,0x21,0x23,0x21,0x03,0x21,0x03,0x21,0x03,0x21,0x23,0x21,
    0x03,0x21,0x03,0x21,0x03,0x21,0x03,0x21,0x03,0x21,0x03,0x21,0x03,0x21,0x03,0x21,
    0x03,0x21,0x03,0x21,0xe3,0x18,0x85,0x29,0x28,0x42,0x48,0x42,0x48,0x42,0x48,0x42,
    0xaa,0x52,0x89,0x4a,0x24,0x21,0x24,0x21,0x44,0x21,0x64,0x29,0xc5,0x31,0x27,0x42,
    0x43,0x19,0xc1,0x08,0xa1,0x08,0xc1,0x08,0xa1,0x08,0xc1,0x08,0xa1,0x08,0xc1,0x08,
    0xa1,0x08,0xa1,0x08,0xa1,0x08,0xa1,0x08,0xa1,0x08,0xa1,0x08,0xa1,0x08,0xc1,0x08,
    0xa1,0x08,0xa1,0x08,0xa1,0x08,0xa1,0x08,0xa1,0x08,0xc1,0x08,0xa1,0x08,0xa1,0x08,
    0xa1,0x08,0xc1,0x08,0xa1,0x08,0xa1,0x08,0xa1,0x08,0xa1,0x08,0xc1,0x08,0xa1,0x08,
    0xa1,0x08,0xa1,0x08,0xc1,0x08,0xa1,0x08,0xa1,0x08,0xa1,0x08,0xa1,0x08,0xa1,0x08,
    0xa1,0x08,0xa1,0x08,0xa1,0x08,0xa1,0x08,0xa1,0x08,0xa1,0x08,0xa1,0x08,0xa1,0x08,
    0xa1,0x08,0xa1,0x08,0xa1,0x08,0xa1,0x08,0xc1,0x08,0xc6,0x31,0x48,0x4a,0x48,0x4a,
    0x07,0x42,0x07,0x42,0x06,0x3a,0x06,0x42,0xe6,0x39,0x06,0x42,0x06,0x42,0x6b,0x73,
    0x72,0xbd,0x12,0x72,0xbd,0xff,0x52,0xb5,0x52,0xb5,0x52,0xb5,0x52,0xb5,0x52,0xb5,
    0x11,0xad,0x31,0xb5,0x31,0xb5,0x11,0xad,0x11,0xad,0xf1,0xac,0xf0,0xac,0xf0,0xac,
    0xf0,0xac,0xd0,0xa4,0x8f,0x9c,0x8c,0x73,0xc9,0x5a,0x68,0x52,0x27,0x4a,0xe7,0x41,
    0xa6,0x39,0x65,0x31,0x24,0x29,0x03,0x21,0xc2,0x18,0xa2,0x10,0x81,0x10,0x61,0x08,
    0x20,0x00,0x20,0x00,0x41,0x08,0x61,0x08,0x82,0x10,0xa2,0x18,0xe3,0x18,0x03,0x21,
    0x44,0x29,0x85,0x31,0xc6,0x39,0x07,0x42,0x48,0x4a,0xa9,0x5a,0xea,0x62,0x0e,0x8c,
    0xf0,0xac,0x11,0xad,0x11,0xad,0x11,0xad,0x11,0xad,0x11,0xb5,0x32,0xb5,0x32,0xb5,
    0x52,0xb5,0x52,0xb5,0x52,0xb5,0x52,0xb5,0x52,0xb5,0x52,0xb5,0x73,0xbd,0x72,0xbd,
    0x72,0xbd,0x73,0xbd,0x73,0xbd,0x73,0xbd,0x73,0xbd,0x73,0xbd,0x72,0xbd,0x73,0xbd,
    0x72,0xbd,0x73,0xbd,0x73,0xbd,0x73,0xbd,0x73,0xbd,0x73,0xbd,0x73,0xbd,0x73,0xbd,
    0x73,0xbd,0x73,0xbd,0x90,0x9c,0xa9,0x52,0x27,0x42,0x27,0x42,0x27,0x42,0x27,0x42,
    0x27,0x42,0x48,0x42,0x48,0x42,0x68,0x4a,0x89,0x4a,0xe6,0x31,0xe2,0x10,0xc2,0x08,
    0xe2,0x10,0xc2,0x10,0xe2,0x10,0xc2,0x08,0xc2,0x08,0xc2,0x08,0xe2,0x10,0xc2,0x08,
    0xc2,0x10,0xc2,0x08,0xe2,0x10,0xe2,0x10,0xc2,0x08,0xe2,0x10,0xe2,0x10,0xe2,0x10,
    0xe2,0x10,0xc2,0x08,0xc2,0x08,0xc2,0x08,0xc2,0x08,0xc2,0x08,0xe2,0x10,0xc1,0x08,
    0xc1,0x08,0xc2,0x08,0xc2,0x08,0xc2,0x08,0xe2,0x10,0xc2,0x08,0xc2,0x08,0xe2,0x10,
    0xc1,0x08,0xc1,0x08,0xff,0xc2,0x08,0xc2,0x08,0xc2,0x08,0xe2,0x10,0xc1,0x08,0xe2,
    0x10,0xc1,0x08,0xc2,0x08,0xc2,0x08,0xc2,0x08,0xc1,0x08,0xc1,0x08,0xc1,0x08,0xe2,
    0x10,0xc1,0x08,0xc2,0x08,0xc2,0x08,0xc2,0x08,0x23,0x21,0xa5,0x31,0xa5,0x31,0x68,
    0x4a,0x0a,0x5b,0xea,0x5a,0xca,0x52,0xad,0x73,0x30,0x84,0x30,0x84,0x30,0x84,0x30,
    0x84,0xae,0x73,0x44,0x29,0x24,0x21,0x24,0x21,0x24,0x21,0x24,0x21,0x24,0x21,0x24,
    0x21,0x44,0x29,0x24,0x21,0x24,0x21,0x24,0x21,0x24,0x21,0x24,0x21,0x44,0x29,0x23,
    0x21,0x44,0x29,0x44,0x21,0x24,0x21,0x24,0x21,0x24,0x21,0x24,0x21,0x24,0x21,0x44,
    0x21,0x24,0x21,0x24,0x21,0x23,0x21,0x24,0x21,0x44,0x21,0x44,0x29,0x24,0x21,0x44,
    0x29,0x24,0x21,0x44,0x29,0x24,0x21,0x44,0x21,0x44,0x29,0x24,0x21,0x44,0x29,0x24,
    0x21,0x24,0x21,0x24,0x21,0x44,0x29,0x44,0x29,0x24,0x21,0x44,0x29,0x24,0x21,0x44,
    0x29,0x24,0x21,0x44,0x29,0x24,0x21,0x24,0x21,0x23,0x21,0x24,0x21,0x24,0x21,0x24,
    0x21,0x44,0x29,0x24,0x21,0x24,0x21,0x24,0x21,0x24,0x21,0x23,0x21,0x44,0x29,0x24,
    0x21,0x44,0x21,0x24,0x21,0x03,0x19,0xa5,0x29,0x69,0x4a,0x69,0x4a,0x69,0x4a,0x69,
    0x4a,0x69,0x4a,0x07,0x3a,0xa5,0x31,0xa5,0x31,0xa5,0x31,0xe6,0x39,0x87,0x4a,0x6b,
    0x6b,0xa5,0x29,0xa1,0x08,0xc1,0x08,0xc1,0x08,0xa1,0x08,0xc1,0x08,0xa1,0x08,0xc1,
    0x08,0xc1,0x08,0xa1,0x08,0xa1,0x08,0xc1,0x08,0xa1,0x08,0xc1,0x08,0xa1,0x08,0xc1,
    0x08,0xc1,0x08,0xb0,0xa1,0x08,0xa1,0x08,0xa1,0x08,0xa1,0x08,0xc1,0x08,0xa1,0x08,
    0xa1,0x08,0xa1,0x08,0xa1,0x08,0xa1,0x08,0xa1,0x08,0xa1,0x08,0xa1,0x08,0xa1,0x08,
    0xa1,0x08,0xc1,0x08,0xa1,0x08,0xa1,0x08,0xa1,0x08,0xa1,0x08,0xa1,0x08,0xa1,0x08,
    0xc1,0x08,0xa1,0x08,0xa1,0x08,0xa1,0x08,0xa1,0x08,0xa1,0x08,0xa1,0x08,0xa1,0x08,
    0xa1,0x08,0xa1,0x08,0xa1,0x08,0xa1,0x08,0xa1,0x08,0xc1,0x08,0xc6,0x31,0x48,0x4a,
    0x47,0x4a,0x27,0x42,0x06,0x3a,0x06,0x3a,0x06,0x3a,0x06,0x3a,0x06,0x42,0x06,0x3a,
    0x6b,0x73,0x72,0xbd,0x11,0x72,0xbd,0xff,0x52,0xb5,0x52,0xb5,0x52,0xb5,0x52,0xb5,
    0x52,0xb5,0x32,0xb5,0x11,0xad,0x31,0xb5,0x31,0xb5,0x11,0xad,0x11,0xad,0xf1,0xac,
    0xf0,0xac,0xf0,0xac,0xf0,0xac,0xd0,0xa4,0x8f,0x9c,0x8c,0x7b,0xc9,0x5a,0x68,0x52,
    0x27,0x4a,0xe7,0x41,0xa6,0x39,0x65,0x31,0x24,0x29,0x03,0x21,0xc2,0x18,0xa2,0x10,
    0x81,0x10,0x61,0x08,0x20,0x00,0x20,0x00,0x41,0x08,0x61,0x08,0x82,0x10,0xa2,0x18,
    0xe3,0x18,0x03,0x21,0x44,0x29,0x85,0x31,0xc6,0x39,0x07,0x42,0x48,0x4a,0x89,0x5a,
    0xea,0x62,0xac,0x7b,0x4e,0x94,0x6f,0x9c,0x6f,0x94,0x6f,0x9c,0x6f,0x9c,0x6f,0x9c,
    0x6f,0x9c,0x8f,0x9c,0x8f,0x9c,0x8f,0x9c,0x8f,0x9c,0x8f,0x9c,0x90,0xa4,0xb0,0xa4,
    0xb0,0x9c,0xb0,0xa4,0xb0,0xa4,0xb0,0xa4,0xb0,0xa4,0xb0,0xa4,0xb0,0xa4,0xb0,0xa4,
    0xb0,0xa4,0xb0,0xa4,0xb0,0xa4,0xb0,0xa4,0xb0,0xa4,0xb0,0xa4,0xb0,0xa4,0xb0,0xa4,
    0xb0,0xa4,0xd0,0xa4,0xb0,0xa4,0xb0,0xa4,0xed,0x83,0x89,0x52,0x47,0x42,0x27,0x42,
    0x27,0x42,0x27,0x42,0x48,0x42,0x27,0x42,0x48,0x42,0x68,0x4a,0x89,0x52,0xe6,0x39,
    0xe2,0x10,0xc2,0x08,0xe2,0x10,0xe2,0x10,0xe2,0x10,0xe2,0x10,0xe2,0x10,0xe2,0x10,
    0xc1,0x08,0xe2,0x10,0xe2,0x10,0xc2,0x08,0xc2,0x08,0xc2,0x08,0xc2,0x08,0xc1,0x08,
    0xe2,0x10,0xe2,0x10,0xe2,0x10,0xe2,0x10,0xc2,0x08,0xc2,0x10,0xe2,0x10,0xc1,0x08,
    0xe2,0x10,0xc1,0x08,0xe2,0x10,0xe2,0x10,0xc2,0x08,0xc2,0x08,0xc1,0x08,0xe2,0x10,
    0xc1,0x08,0xe2,0x10,0xe2,0x10,0xff,0xc2,0x08,0xc2,0x08,0xc2,0x08,0xc2,0x08,0xc2,
    0x08,0xc2,0x08,0xe2,0x10,0xc1,0x08,0xc1,0x08,0xc2,0x08,0xc2,0x08,0xe2,0x10,0xc1,
    0x08,0xc2,0x08,0xc2,0x08,0xe2,0x10,0xc1,0x08,0xc1,0x08,0xc2,0x08,0x44,0x21,0xc5,
    0x31,0xe6,0x39,0x27,0x42,0x88,0x4a,0x88,0x4a,0xe6,0x39,0x23,0x21,0xa2,0x10,0x81,
    0x08,0xa2,0x10,0x81,0x08,0xc3,0x10,0x44,0x29,0x64,0x29,0x64,0x29,0x64,0x29,0x44,
    0x29,0x64,0x29,0x64,0x29,0x44,0x29,0x64,0x29,0x64,0x29,0x64,0x29,0x64,0x29,0x64,
    0x29,0x44,0x29,0x44,0x29,0x64,0x29,0x64,0x29,0x64,0x29,0x64,0x29,0x64,0x29,0x64,
    0x29,0x44,0x29,0x64,0x29,0x64,0x29,0x64,0x29,0x64,0x29,0x64,0x29,0x44,0x29,0x64,
    0x29,0x44,0x29,0x44,0x29,0x44,0x29,0x64,0x29,0x64,0x29,0x64,0x29,0x64,0x29,0x64,
    0x29,0x64,0x29,0x64,0x29,0x64,0x29,0x64,0x29,0x64,0x29,0x64,0x29,0x64,0x29,0x44,
    0x29,0x64,0x29,0x44,0x29,0x44,0x29,0x64,0x29,0x64,0x29,0x64,0x29,0x64,0x29,0x44,
    0x29,0x64,0x29,0x44,0x29,0x64,0x29,0x64,0x29,0x64,0x29,0x44,0x29,0x64,0x29,0x44,
    0x29,0x64,0x29,0x64,0x29,0x44,0x29,0x44,0x29,0x23,0x21,0xa2,0x10,0x81,0x08,0x61,
    0x08,0x61,0x08,0x61,0x08,0x81,0x08,0x23,0x21,0xc5,0x31,0xc5,0x31,0xc5,0x31,0xc5,
    0x31,0xc5,0x31,0xc5,0x31,0x23,0x19,0xa1,0x08,0xc1,0x08,0xa1,0x08,0xc1,0x08,0xc1,
    0x08,0xa1,0x08,0xa1,0x08,0xc1,0x08,0xa1,0x08,0xc1,0x08,0xa1,0x08,0xa1,0x08,0xc1,
    0x08,0xa1,0x08,0xc1,0x08,0xff,0xa1,0x08,0xc1,0x08,0xc1,0x08,0xa1,0x08,0xc1,0x08,
    0xa1,0x08,0xa1,0x08,0xa1,0x08,0xa1,0x08,0xa1,0x08,0xa1,0x08,0xa1,0x08,0xa1,0x08,
    0xa1,0x08,0xc1,0x08,0xa1,0x08,0xa1,0x08,0xa1,0x08,0xa1,0x08,0xa1,0x08,0xa1,0x08,
    0xc1,0x08,0xa1,0x08,0xa1,0x08,0xa1,0x08,0xa1,0x08,0xa1,0x08,0xa1,0x08,0xa1,0x08,
    0xa1,0x08,0xa1,0x08,0xa1,0x08,0xa1,0x08,0xa1,0x08,0xa1,0x08,0xa1,0x08,0xc1,0x10,
    0xc6,0x31,0x48,0x4a,0x48,0x4a,0x07,0x42,0x06,0x42,0x06,0x42,0x07,0x42,0x07,0x42,
    0x06,0x42,0x06,0x3a,0x0a,0x63,0xaf,0xa4,0xaf,0xa4,0xaf,0xa4,0xaf,0xa4,0xaf,0xa4,
    0xaf,0xa4,0xaf,0xa4,0xaf,0xa4,0xaf,0xa4,0xaf,0xa4,0xaf,0xa4,0xaf,0xa4,0xaf,0xa4,
    0x8f,0xa4,0x8f,0xa4,0x8f,0xa4,0x8f,0xa4,0x8f,0x9c,0x8f,0x9c,0x8f,0x9c,0x8f,0x9c,
    0x8f,0x9c,0x8f,0x9c,0x8f,0x9c,0x4e,0x9c,0x6f,0x9c,0x6e,0x9c,0x4e,0x9c,0x4e,0x94,
    0x4e,0x94,0x4e,0x94,0x4e,0x94,0x2e,0x94,0x2e,0x94,0xad,0x7b,0x2b,0x6b,0xc9,0x5a,
    0x68,0x52,0x27,0x4a,0xe7,0x41,0xa6,0x39,0x65,0x31,0x24,0x29,0x03,0x21,0xc2,0x18,
    0xa2,0x10,0x81,0x10,0x61,0x08,0x00,0x00,0x20,0x00,0x41,0x08,0x61,0x08,0x82,0x10,
    0xa2,0x18,0xe3,0x18,0x03,0x21,0x44,0x29,0x85,0x31,0xc6,0x39,0x07,0x42,0x48,0x4a,
    0x89,0x5a,0xea,0x62,0x2b,0x6b,0xed,0x8b,0x2e,0x94,0x2e,0x94,0x2e,0x94,0x2e,0x94,
    0x2e,0x94,0x2e,0x94,0x4e,0x94,0x4e,0x94,0x4f,0x94,0x4f,0x94,0x4f,0x94,0x4f,0x94,
    0x4e,0x94,0x4f,0x94,0x82,0x4f,0x94,0x6f,0x9c,0x11,0x6f,0x9c,0x8e,0xcd,0x83,0x89,
    0x52,0x27,0x42,0x27,0x42,0x48,0x4a,0x47,0x42,0x48,0x42,0x48,0x42,0x48,0x42,0x68,
    0x4a,0x89,0x52,0xe6,0x39,0x02,0x11,0xe2,0x10,0x1f,0xe2,0x10,0xab,0xc1,0x08,0xe2,
    0x10,0xe2,0x10,0xe2,0x10,0xe2,0x10,0xe2,0x10,0xe2,0x10,0xc2,0x08,0xe2,0x10,0xe2,
    0x10,0xc2,0x10,0xe2,0x10,0xe2,0x10,0xe2,0x10,0xe2,0x10,0xc2,0x10,0xc2,0x08,0xe2,
    0x10,0xe2,0x10,0xe2,0x10,0xe2,0x10,0x23,0x21,0x85,0x29,0x85,0x29,0x85,0x29,0x85,
    0x29,0x64,0x29,0x44,0x21,0xe3,0x18,0xa2,0x10,0x81,0x08,0x81,0x08,0xa2,0x10,0xc2,
    0x10,0x64,0x29,0x85,0x31,0x85,0x31,0x85,0x31,0x85,0x31,0x85,0x31,0x85,0x31,0xa5,
    0x31,0x85,0x31,0x38,0x85,0x31,0xcf,0x44,0x21,0xc2,0x10,0x81,0x08,0x81,0x08,0x81,
    0x08,0x81,0x08,0x82,0x10,0xe3,0x18,0x44,0x29,0x44,0x21,0x24,0x21,0x23,0x21,0x23,
    0x21,0x23,0x21,0x02,0x19,0xe2,0x10,0xe2,0x10,0xe2,0x10,0xc2,0x10,0xe2,0x10,0xc1,
    0x10,0xe2,0x10,0xc2,0x10,0xe2,0x10,0xe2,0x10,0xe2,0x10,0xe2,0x10,0xe2,0x10,0xe2,
    0x10,0xe2,0x10,0xe2,0x10,0xe2,0x10,0xe2,0x10,0xc2,0x10,0xe2,0x10,0xe2,0x10,0xc1,
    0x08,0xe2,0x10,0xe2,0x10,0xe2,0x10,0xc2,0x10,0xc2,0x10,0xc2,0x10,0xc1,0x10,0xe2,
    0x10,0xc1,0x10,0xc2,0x10,0xe2,0x10,0xc2,0x10,0xc2,0x10,0xc1,0x10,0xc1,0x10,0xe2,
    0x10,0xc2,0x10,0xc1,0x10,0xc1,0x10,0xc1,0x08,0xc1,0x10,0xc1,0x10,0xc1,0x08,0xc1,
    0x08,0xc2,0x10,0xc1,0x08,0xc1,0x08,0xc1,0x08,0xc1,0x08,0xe2,0x10,0xe6,0x31,0x48,
    0x4a,0x48,0x4a,0x07,0x42,0x06,0x42,0x06,0x3a,0x06,0x3a,0x07,0x42,0x06,0x42,0x06,
    0x3a,0xe9,0x62,0x4e,0x94,0x15,0x4e,0x94,0xff,0x2e,0x94,0x2e,0x94,0x2e,0x94,0x2e,
    0x94,0x2d,0x94,0x0d,0x94,0x0d,0x94,0x0d,0x8c,0x0d,0x8c,0xed,0x8b,0xed,0x8b,0x0d,
    0x8c,0xcd,0x83,0x2b,0x6b,0xc9,0x5a,0x68,0x52,0x27,0x4a,0xe7,0x41,0xa6,0x39,0x65,
    0x31,0x24,0x29,0x03,0x21,0xc2,0x18,0xa2,0x10,0x81,0x10,0x61,0x08,0x00,0x00,0x20,
    0x00,0x41,0x08,0x61,0x08,0x82,0x10,0xa2,0x18,0xe3,0x18,0x03,0x21,0x44,0x29,0x85,
    0x31,0xc6,0x39,0x07,0x42,0x48,0x4a,0x89,0x5a,0xea,0x62,0x2b,0x6b,0xd0,0xa4,0xf0,
    0xac,0xf1,0xac,0x11,0xad,0x11,0xad,0x11,0xad,0x11,0xad,0x32,0xad,0x32,0xb5,0x52,
    0xb5,0x52,0xb5,0x52,0xb5,0x52,0xb5,0x52,0xb5,0x52,0xb5,0x52,0xb5,0x52,0xb5,0x72,
    0xb5,0x72,0xb5,0x73,0xbd,0x73,0xbd,0x72,0xbd,0x73,0xbd,0x73,0xbd,0x73,0xbd,0x72,
    0xbd,0x73,0xbd,0x73,0xbd,0x73,0xbd,0x73,0xbd,0x73,0xbd,0x73,0xbd,0x73,0xbd,0x73,
    0xbd,0x90,0x9c,0xa9,0x5a,0x27,0x42,0x27,0x42,0x47,0x42,0x27,0x42,0x48,0x4a,0x48,
    0x42,0x48,0x4a,0x68,0x4a,0x89,0x52,0x48,0x42,0xc6,0x31,0xc5,0x31,0xc5,0x31,0xc5,
    0x31,0xc5,0x31,0xc5,0x31,0xc5,0x31,0xc5,0x31,0xc5,0x31,0xc6,0x31,0xc5,0x31,0xc5,
    0x31,0xc5,0x31,0xc5,0x31,0xa5,0x31,0xc5,0x31,0xc5,0x31,0xa5,0x29,0xc5,0x31,0xc5,
    0x31,0xc5,0x31,0xc5,0x31,0xa5,0x29,0xc5,0x31,0xc6,0x31,0xa5,0x31,0xc5,0x31,0xa5,
    0x29,0xc5,0x31,0xc5,0x31,0xa5,0x31,0xc5,0x31,0xa5,0x29,0xc5,0x31,0xa5,0x31,0xa5,
    0x31,0xa5,0x31,0xa5,0x29,0xa5,0x31,0xcc,0xc5,0x31,0xa5,0x29,0xc5,0x31,0xa5,0x29,
    0xa5,0x29,0xa5,0x29,0xa5,0x29,0xa5,0x29,0xa5,0x31,0xa5,0x31,0xc5,0x31,0xa5,0x29,
    0xa5,0x29,0xa5,0x31,0xc5,0x31,0xa5,0x31,0xc6,0x31,0xa5,0x31,0x85,0x31,0x85,0x31,
    0x85,0x31,0x85,0x29,0x64,0x29,0x44,0x21,0x44,0x21,0x44,0x21,0x44,0x21,0x23,0x21,
    0x85,0x31,0xa5,0x31,0xa6,0x31,0xc6,0x39,0xa5,0x31,0xc6,0x39,0xa5,0x31,0xa5,0x31,
    0xc6,0x39,0xc6,0x39,0xc6,0x39,0xc6,0x39,0xa5,0x31,0xc6,0x31,0xa6,0x31,0xa5,0x31,
    0xa5,0x31,0xc6,0x39,0xa6,0x31,0xa5,0x31,0xa5,0x31,0xc6,0x39,0xa5,0x31,0xc5,0x31,
    0xa5,0x31,0xa5,0x31,0xa5,0x31,0xa5,0x31,0xa5,0x31,0xa5,0x31,0xa5,0x31,0xa5,0x31,
    0xa5,0x31,0xc6,0x39,0xa5,0x31,0xa5,0x31,0xc6,0x39,0xa5,0x31,0xa5,0x31,0xa5,0x31,
    0xa5,0x31,0xa5,0x31,0xa5,0x31,0xa5,0x31,0xa5,0x31,0xa5,0x31,0xc6,0x39,0xa5,0x31,
    0x11,0xa5,0x31,0xff,0x64,0x29,0x44,0x21,0x85,0x31,0xa5,0x31,0xa5,0x31,0xa5,0x31,
    0xa5,0x31,0xc6,0x31,0xe6,0x39,0xe6,0x39,0xe6,0x39,0xe6,0x39,0xe6,0x39,0xe6,0x39,
    0x06,0x3a,0x06,0x3a,0x06,0x3a,0x06,0x3a,0x06,0x3a,0x06,0x3a,0x06,0x3a,0x06,0x3a,
    0x06,0x3a,0x06,0x3a,0x06,0x3a,0x06,0x3a,0x06,0x3a,0xe6,0x39,0x06,0x3a,0x06,0x3a,
    0x06,0x3a,0x06,0x3a,0x06,0x3a,0x06,0x3a,0x06,0x3a,0x06,0x3a,0x06,0x3a,0x06,0x3a,
    0x06,0x3a,0x06,0x3a,0xe6,0x39,0x06,0x3a,0x06,0x3a,0x06,0x3a,0xe6,0x39,0x06,0x3a,
    0x06,0x3a,0x06,0x3a,0xe6,0x39,0x06,0x3a,0x06,0x3a,0xe6,0x39,0xe6,0x39,0x06,0x3a,
    0xe6,0x39,0x06,0x3a,0xe6,0x39,0xe6,0x39,0xe6,0x39,0xe6,0x39,0xe6,0x39,0x06,0x3a,
    0xe6,0x39,0xe6,0x39,0xe6,0x39,0xe6,0x39,0x06,0x3a,0x48,0x4a,0x68,0x4a,0x48,0x4a,
    0x07,0x42,0x06,0x3a,0x06,0x3a,0x06,0x3a,0x07,0x42,0xe6,0x39,0x07,0x42,0x4b,0x6b,
    0x72,0xbd,0x72,0xbd,0x72,0xbd,0x72,0xbd,0x72,0xbd,0x72,0xbd,0x72,0xbd,0x72,0xbd,
    0x72,0xbd,0x72,0xbd,0x72,0xbd,0x72,0xbd,0x72,0xbd,0x52,0xb5,0x52,0xb5,0x52,0xb5,
    0x52,0xb5,0x52,0xb5,0x52,0xb5,0x52,0xb5,0x52,0xb5,0x32,0xb5,0x32,0xb5,0x31,0xb5,
    0x31,0xb5,0x11,0xb5,0x11,0xad,0x11,0xad,0x11,0xad,0xf0,0xac,0xf0,0xac,0xd0,0xac,
    0xd0,0xa4,0xd0,0xa4,0x4e,0x94,0x4b,0x73,0xc9,0x5a,0x68,0x52,0x27,0x4a,0xe7,0x41,
    0xa6,0x39,0x65,0x31,0x24,0x29,0x03,0x21,0xc2,0x18,0xa2,0x10,0x81,0x10,0x61,0x08,
    0x00,0x00,0xff,0x20,0x00,0x41,0x08,0x61,0x08,0x82,0x10,0xa2,0x18,0xe3,0x18,0x03,
    0x21,0x44,0x29,0x85,0x31,0xc6,0x39,0x07,0x42,0x48,0x4a,0x89,0x52,0xea,0x62,0x2b,
    0x6b,0xd0,0xa4,0xf0,0xac,0xf1,0xac,0x11,0xad,0x11,0xad,0x11,0xad,0x11,0xad,0x32,
    0xb5,0x32,0xb5,0x52,0xb5,0x52,0xb5,0x52,0xb5,0x52,0xb5,0x52,0xb5,0x52,0xb5,0x73,
    0xb5,0x72,0xbd,0x73,0xbd,0x72,0xbd,0x73,0xbd,0x73,0xbd,0x73,0xbd,0x73,0xbd,0x73,
    0xbd,0x73,0xbd,0x73,0xbd,0x73,0xbd,0x73,0xbd,0x73,0xbd,0x73,0xbd,0x73,0xbd,0x73,
    0xbd,0x73,0xbd,0x73,0xbd,0x90,0x9c,0xc9,0x5a,0x27,0x42,0x27,0x42,0x47,0x42,0x27,
    0x42,0x47,0x42,0x27,0x42,0x48,0x4a,0x89,0x52,0xca,0x5a,0x0b,0x5b,0x0b,0x5b,0x0b,
    0x5b,0x0a,0x5b,0x0a,0x5b,0x0b,0x5b,0x0b,0x63,0x0b,0x63,0x0a,0x5b,0x0b,0x5b,0x0b,
    0x5b,0x0b,0x63,0x0a,0x5b,0x0b,0x5b,0x0a,0x5b,0x0a,0x5b,0x0b,0x5b,0x0a,0x5b,0xea,
    0x5a,0x0a,0x5b,0x0a,0x5b,0x0a,0x5b,0x0a,0x5b,0xea,0x5a,0x0a,0x5b,0x0b,0x63,0xea,
    0x5a,0x0b,0x63,0x0a,0x5b,0x0a,0x5b,0x0a,0x5b,0x0a,0x5b,0x0a,0x5b,0x0b,0x5b,0xea,
    0x5a,0xea,0x5a,0x0a,0x5b,0x0a,0x5b,0xea,0x5a,0xea,0x5a,0x0b,0x5b,0x0a,0x5b,0x0b,
    0x5b,0xea,0x5a,0xea,0x5a,0x0a,0x5b,0x0a,0x5b,0xea,0x5a,0xea,0x5a,0x0a,0x5b,0x0a,
    0x5b,0xea,0x5a,0xea,0x5a,0x0a,0x5b,0x0a,0x5b,0xea,0x5a,0xea,0x5a,0xca,0x5a,0xca,
    0x5a,0xea,0x5a,0xea,0x5a,0xca,0x5a,0xca,0x5a,0xca,0x5a,0xc9,0x52,0xca,0x5a,0xa9,
    0x52,0x83,0xc5,0x31,0xa5,0x31,0xc6,0x39,0x3f,0xc6,0x39,0xff,0x85,0x29,0x06,0x3a,
    0xca,0x5a,0xea,0x5a,0xea,0x5a,0xea,0x5a,0xea,0x5a,0xea,0x5a,0x0a,0x5b,0x0a,0x5b,
    0x0a,0x63,0x0a,0x5b,0x0a,0x5b,0x0a,0x5b,0x0b,0x63,0x0b,0x63,0x0b,0x63,0x0b,0x63,
    0x0b,0x63,0x0b,0x63,0x0a,0x63,0x0a,0x63,0x0b,0x63,0x0b,0x63,0x0b,0x63,0x0b,0x63,
    0x0b,0x63,0x0b,0x63,0x0b,0x63,0x2b,0x63,0x0b,0x63,0x0b,0x63,0x0b,0x63,0x0b,0x63,
    0x0b,0x63,0x0b,0x63,0x0b,0x63,0x0b,0x63,0x0b,0x63,0x0b,0x63,0x0b,0x63,0x0b,0x63,
    0x0a,0x63,0x0a,0x63,0x0a,0x63,0x0a,0x63,0x0a,0x63,0x0a,0x63,0x0a,0x63,0x0a,0x63,
    0x0b,0x63,0x0a,0x63,0x0a,0x5b,0x0b,0x63,0x0a,0x63,0x0a,0x63,0x0a,0x63,0x0a,0x63,
    0x0a,0x63,0x0b,0x63,0x0a,0x63,0x0a,0x63,0x0b,0x63,0x0a,0x63,0x0a,0x63,0x0a,0x63,
    0x0a,0x63,0x0a,0x5b,0xa9,0x52,0x68,0x4a,0x07,0x42,0x06,0x3a,0x06,0x42,0x06,0x42,
    0x06,0x42,0x06,0x3a,0x06,0x3a,0x4b,0x73,0x72,0xbd,0x72,0xbd,0x72,0xbd,0x72,0xbd,
    0x72,0xbd,0x72,0xbd,0x72,0xbd,0x72,0xbd,0x72,0xbd,0x72,0xbd,0x72,0xbd,0x72,0xbd,
    0x72,0xbd,0x72,0xbd,0x72,0xbd,0x72,0xbd,0x72,0xbd,0x52,0xb5,0x52,0xb5,0x52,0xb5,
    0x52,0xb5,0x52,0xb5,0x32,0xb5,0x32,0xb5,0x31,0xb5,0x31,0xb5,0x11,0xad,0x11,0xad,
    0x11,0xad,0xf1,0xac,0xf0,0xac,0xf0,0xac,0xd0,0xa4,0xd0,0xa4,0x4e,0x94,0x4b,0x73,
    0xc9,0x5a,0x68,0x52,0x27,0x4a,0xe7,0x41,0xa6,0x39,0x65,0x31,0x24,0x29,0x03,0x21,
    0xc2,0x18,0xa2,0x10,0x81,0x10,0x61,0x08,0x00,0x00,0xff,0x20,0x00,0x41,0x08,0x61,
    0x08,0x81,0x10,0xa2,0x18,0xe3,0x18,0x03,0x21,0x44,0x29,0x65,0x31,0xc6,0x39,0x07,
    0x42,0x48,0x4a,0x89,0x52,0xea,0x62,0x2b,0x6b,0xb0,0xa4,0xf0,0xac,0xf1,0xac,0x11,
    0xad,0x11,0xad,0x11,0xad,0x11,0xad,0x32,0xb5,0x32,0xb5,0x32,0xb5,0x52,0xb5,0x52,
    0xb5,0x52,0xb5,0x52,0xb5,0x52,0xb5,0x73,0xb5,0x52,0xb5,0x72,0xbd,0x72,0xbd,0x72,
    0xbd,0x73,0xbd,0x73,0xbd,0x73,0xbd,0x73,0xbd,0x73,0xbd,0x73,0xbd,0x73,0xbd,0x73,
    0xbd,0x73,0xbd,0x73,0xbd,0x73,0xbd,0x73,0xbd,0x73,0xbd,0x73,0xbd,0x8f,0x9c,0xc9,
    0x5a,0x27,0x42,0x27,0x42,0x47,0x42,0x27,0x42,0x27,0x42,0x27,0x42,0x48,0x4a,0xa9,
    0x52,0xea,0x5a,0x2b,0x63,0x2b,0x63,0x2b,0x63,0x2b,0x63,0x2b,0x63,0x2b,0x63,0x2b,
    0x63,0x2b,0x63,0x2b,0x63,0x2b,0x63,0x2b,0x63,0x2b,0x63,0x2b,0x63,0x2b,0x63,0x2b,
    0x63,0x2b,0x63,0x2b,0x63,0x0b,0x63,0x2b,0x63,0x2b,0x63,0x2b,0x63,0x2b,0x63,0x2b,
    0x63,0x2b,0x63,0x2b,0x63,0x2b,0x63,0x0b,0x63,0x2b,0x63,0x2b,0x63,0x2b,0x63,0x2b,
    0x63,0x2b,0x63,0x2b,0x63,0x2b,0x63,0x0b,0x63,0x2b,0x63,0x2b,0x63,0x2b,0x63,0x2b,
    0x63,0x2b,0x63,0x2b,0x63,0x2b,0x63,0x2b,0x63,0x2b,0x63,0x0b,0x63,0x0b,0x63,0x2b,
    0x63,0x2b,0x63,0x2b,0x63,0x0b,0x63,0x0b,0x63,0x0b,0x63,0x0b,0x63,0x0b,0x63,0x2b,
    0x63,0x0b,0x63,0x2b,0x63,0x0b,0x63,0x0b,0x63,0x2b,0x63,0x0b,0x63,0x0b,0x63,0x0b,
    0x63,0x2b,0x63,0x0b,0x63,0x2b,0x63,0x0b,0x63,0x9e,0xc6,0x31,0xa5,0x31,0xc6,0x39,
    0xa6,0x31,0xa5,0x31,0xc6,0x39,0xa5,0x31,0xa6,0x31,0xa5,0x31,0xc6,0x39,0xa5,0x31,
    0xa5,0x31,0xa5,0x31,0xa5,0x31,0xa5,0x31,0xc6,0x31,0xa5,0x31,0xa6,0x31,0xa5,0x31,
    0xa5,0x31,0xa5,0x31,0xc6,0x39,0xa5,0x31,0xa5,0x31,0xa5,0x31,0xa6,0x31,0xa5,0x31,
    0xa5,0x31,0xc5,0x31,0xa5,0x31,0x24,0xa5,0x31,0xff,0x64,0x29,0xe6,0x39,0xa9,0x52,
    0xca,0x5a,0xca,0x5a,0xc9,0x52,0xca,0x5a,0xca,0x5a,0xca,0x5a,0xca,0x5a,0xca,0x5a,
    0xc9,0x5a,0xc9,0x5a,0xca,0x5a,0xca,0x5a,0xca,0x5a,0xca,0x5a,0xca,0x5a,0xc9,0x5a,
    0xca,0x5a,0xc9,0x5a,0xc9,0x52,0xca,0x5a,0xca,0x5a,0xca,0x5a,0xca,0x5a,0xc9,0x5a,
    0xc9,0x5a,0xc9,0x52,0xca,0x5a,0xc9,0x5a,0xc9,0x5a,0xca,0x5a,0xca,0x5a,0xca,0x5a,
    0xca,0x5a,0xc9,0x5a,0xca,0x5a,0xc9,0x52,0xc9,0x5a,0xca,0x5a,0xc9,0x5a,0xc9,0x52,
    0xc9,0x5a,0xc9,0x5a,0xc9,0x52,0xc9,0x5a,0xc9,0x5a,0xc9,0x5a,0xc9,0x52,0xc9,0x5a,
    0xc9,0x5a,0xc9,0x5a,0xc9,0x52,0xc9,0x5a,0xc9,0x5a,0xc9,0x52,0xc9,0x5a,0xc9,0x52,
    0xc9,0x5a,0xc9,0x52,0xc9,0x5a,0xc9,0x52,0xc9,0x5a,0xc9,0x52,0xc9,0x52,0xc9,0x52,
    0xc9,0x52,0xa9,0x52,0x48,0x4a,0x07,0x42,0x06,0x42,0x06,0x42,0x06,0x42,0x06,0x42,
    0x06,0x42,0x07,0x42,0x4b,0x73,0x72,0xbd,0x72,0xbd,0x72,0xbd,0x72,0xbd,0x72,0xbd,
    0x72,0xbd,0x72,0xbd,0x72,0xbd,0x72,0xbd,0x72,0xbd,0x72,0xbd,0x72,0xbd,0x72,0xbd,
    0x72,0xbd,0x72,0xbd,0x72,0xbd,0x52,0xb5,0x52,0xb5,0x52,0xb5,0x52,0xb5,0x52,0xb5,
    0x52,0xb5,0x32,0xb5,0x32,0xb5,0x31,0xb5,0x31,0xb5,0x11,0xad,0x11,0xad,0xf1,0xac,
    0xf0,0xac,0xf0,0xac,0xf0,0xac,0xd0,0xa4,0xd0,0xa4,0x2e,0x94,0x4b,0x6b,0xc9,0x5a,
    0x68,0x52,0x27,0x4a,0xe6,0x41,0xa6,0x39,0x65,0x31,0x24,0x29,0xe3,0x20,0xc2,0x18,
    0xa2,0x10,0x81,0x10,0x61,0x08,0x00,0x00,0xff,0x20,0x00,0x41,0x08,0x61,0x08,0x81,
    0x10,0xa2,0x18,0xe3,0x18,0x03,0x21,0x44,0x29,0x65,0x31,0xc6,0x39,0x07,0x42,0x48,
    0x4a,0x89,0x52,0xea,0x62,0x2b,0x6b,0x8f,0x9c,0xf0,0xac,0xf0,0xac,0xf1,0xac,0x11,
    0xad,0x11,0xad,0x11,0xad,0x11,0xad,0x32,0xb5,0x32,0xb5,0x52,0xb5,0x52,0xb5,0x52,
    0xb5,0x52,0xb5,0x72,0xb5,0x73,0xb5,0x52,0xb5,0x73,0xbd,0x73,0xbd,0x72,0xbd,0x73,
    0xbd,0x72,0xbd,0x73,0xbd,0x73,0xbd,0x73,0xbd,0x73,0xbd,0x73,0xbd,0x73,0xbd,0x73,
    0xbd,0x73,0xbd,0x73,0xbd,0x73,0xbd,0x73,0xbd,0x73,0xbd,0x8f,0x9c,0xc9,0x5a,0x48,
    0x4a,0x27,0x42,0x27,0x42,0x27,0x42,0x27,0x42,0x47,0x42,0x47,0x42,0x68,0x4a,0x68,
    0x4a,0x88,0x4a,0x89,0x52,0x89,0x4a,0x88,0x4a,0x88,0x4a,0x68,0x4a,0x89,0x4a,0x88,
    0x4a,0x88,0x4a,0x89,0x52,0x89,0x52,0x89,0x52,0x88,0x4a,0x68,0x4a,0x68,0x4a,0x89,
    0x4a,0x88,0x4a,0x68,0x4a,0x89,0x4a,0x68,0x4a,0x88,0x4a,0x88,0x4a,0x68,0x4a,0x68,
    0x4a,0x88,0x4a,0x88,0x4a,0x68,0x4a,0x89,0x52,0x88,0x4a,0x88,0x4a,0x88,0x4a,0x68,
    0x4a,0x88,0x4a,0x68,0x4a,0x88,0x4a,0x88,0x4a,0x68,0x4a,0x68,0x4a,0x68,0x4a,0x68,
    0x4a,0x88,0x4a,0x68,0x4a,0x89,0x52,0x68,0x4a,0x68,0x4a,0x68,0x4a,0x68,0x4a,0x68,
    0x4a,0x68,0x4a,0x88,0x4a,0x68,0x4a,0x68,0x4a,0x68,0x4a,0x68,0x4a,0x68,0x4a,0x68,
    0x4a,0x68,0x4a,0x68,0x4a,0x88,0x4a,0x68,0x4a,0x68,0x4a,0x68,0x4a,0x68,0x4a,0x68,
    0x4a,0x68,0x4a,0x68,0x4a,0x68,0x4a,0xa2,0x84,0x29,0x64,0x29,0x65,0x29,0x64,0x29,
    0x65,0x29,0x85,0x31,0x64,0x29,0x85,0x31,0x64,0x29,0x65,0x29,0x65,0x29,0x65,0x29,
    0x64,0x29,0x65,0x29,0x64,0x29,0x85,0x31,0x64,0x29,0x65,0x29,0x64,0x29,0x64,0x29,
    0x64,0x29,0x65,0x29,0x65,0x29,0x64,0x29,0x64,0x29,0x64,0x29,0x64,0x29,0x65,0x29,
    0x65,0x29,0x65,0x29,0x85,0x31,0x64,0x29,0x65,0x29,0x64,0x29,0x1b,0x64,0x29,0xa8,
    0x65,0x29,0x64,0x29,0x64,0x29,0x64,0x29,0x64,0x29,0x23,0x21,0x85,0x29,0x27,0x42,
    0x27,0x42,0x27,0x42,0x27,0x42,0x27,0x42,0x47,0x42,0x27,0x42,0x27,0x42,0x47,0x42,
    0x47,0x4a,0x27,0x42,0x48,0x4a,0x27,0x42,0x47,0x42,0x47,0x42,0x47,0x42,0x27,0x42,
    0x47,0x42,0x27,0x42,0x47,0x42,0x27,0x42,0x27,0x42,0x27,0x42,0x27,0x42,0x27,0x42,
    0x27,0x42,0x27,0x42,0x48,0x4a,0x27,0x42,0x27,0x42,0x27,0x42,0x47,0x42,0x27,0x42,
    0x22,0x27,0x42,0xff,0x07,0x42,0x06,0x3a,0x07,0x42,0x06,0x42,0x06,0x3a,0x06,0x42,
    0x06,0x42,0x06,0x3a,0x4b,0x73,0x72,0xbd,0x72,0xbd,0x72,0xbd,0x72,0xbd,0x72,0xbd,
    0x72,0xbd,0x72,0xbd,0x72,0xbd,0x72,0xbd,0x72,0xbd,0x72,0xbd,0x72,0xbd,0x72,0xbd,
    0x72,0xbd,0x72,0xbd,0x72,0xbd,0x52,0xb5,0x52,0xb5,0x52,0xb5,0x52,0xb5,0x52,0xb5,
    0x52,0xb5,0x32,0xb5,0x32,0xb5,0x31,0xb5,0x31,0xb5,0x11,0xad,0x11,0xad,0xf1,0xac,
    0xf0,0xac,0xf0,0xac,0xd0,0xa4,0xd0,0xa4,0xd0,0xa4,0x2e,0x94,0x2b,0x6b,0xa9,0x5a,
    0x68,0x52,0x27,0x4a,0xe6,0x41,0xa6,0x39,0x65,0x31,0x24,0x21,0xe3,0x20,0xc2,0x18,
    0xa2,0x10,0x81,0x10,0x61,0x08,0x00,0x00,0x20,0x00,0x41,0x08,0x61,0x08,0x81,0x10,
    0xa2,0x10,0xc3,0x18,0x03,0x21,0x24,0x29,0x65,0x31,0xa6,0x39,0x07,0x42,0x48,0x4a,
    0x89,0x52,0xea,0x62,0x0b,0x6b,0x6f,0x94,0xf0,0xa4,0xf1,0xac,0xf1,0xac,0x11,0xad,
    0x11,0xad,0x11,0xad,0x11,0xad,0x31,0xb5,0x32,0xb5,0x52,0xb5,0x52,0xb5,0x52,0xb5,
    0x52,0xb5,0x52,0xb5,0x52,0xb5,0x52,0xb5,0x52,0xb5,0x72,0xbd,0x72,0xbd,0x73,0xbd,
    0x73,0xbd,0x73,0xbd,0x73,0xbd,0x73,0xbd,0x73,0xbd,0x73,0xbd,0x73,0xbd,0x73,0xbd,
    0x73,0xbd,0x73,0xbd,0x73,0xbd,0x73,0xbd,0x73,0xbd,0x8f,0x9c,0xa9,0x5a,0x48,0x42,
    0x47,0x42,0x27,0x42,0x27,0x42,0x27,0x42,0x47,0x42,0x27,0x42,0x48,0x42,0x47,0x42,
    0x47,0x42,0x27,0x42,0x47,0x42,0x27,0x42,0x27,0x42,0x27,0x42,0x47,0x42,0x27,0x42,
    0x47,0x42,0xff,0x47,0x42,0x27,0x42,0x47,0x42,0x47,0x42,0x47,0x42,0x27,0x42,0x27,
    0x42,0x47,0x42,0x27,0x42,0x47,0x42,0x27,0x42,0x27,0x42,0x27,0x42,0x27,0x42,0x27,
    0x42,0x27,0x42,0x27,0x42,0x27,0x42,0x47,0x42,0x27,0x42,0x27,0x42,0x27,0x42,0x27,
    0x42,0x47,0x42,0x47,0x42,0x47,0x42,0x27,0x42,0x27,0x42,0x27,0x42,0x27,0x42,0x47,
    0x42,0x27,0x42,0x27,0x42,0x27,0x42,0x47,0x42,0x27,0x42,0x27,0x42,0x27,0x42,0x27,
    0x42,0x27,0x42,0x27,0x42,0x47,0x42,0x27,0x42,0x27,0x42,0x27,0x42,0x27,0x42,0x27,
    0x42,0x27,0x42,0x27,0x42,0x48,0x42,0x27,0x42,0x27,0x42,0x27,0x42,0x27,0x42,0x27,
    0x42,0x27,0x42,0x27,0x42,0x27,0x42,0x64,0x29,0x07,0x42,0x28,0x42,0x28,0x42,0x48,
    0x42,0x48,0x42,0x28,0x42,0x28,0x42,0x48,0x4a,0x28,0x42,0x27,0x42,0x28,0x42,0x28,
    0x42,0x48,0x42,0x48,0x4a,0x27,0x42,0x27,0x42,0x48,0x42,0x28,0x42,0x28,0x42,0x28,
    0x42,0x27,0x42,0x28,0x42,0x48,0x42,0x28,0x42,0x28,0x42,0x28,0x42,0x28,0x42,0x28,
    0x42,0x27,0x42,0x28,0x42,0x28,0x42,0x27,0x42,0x28,0x42,0x28,0x42,0x28,0x42,0x28,
    0x42,0x27,0x42,0x27,0x42,0x27,0x42,0x27,0x42,0x27,0x42,0x27,0x42,0x27,0x42,0x28,
    0x42,0x28,0x42,0x27,0x42,0x27,0x42,0x28,0x42,0x27,0x42,0x27,0x42,0x27,0x42,0x27,
    0x42,0x27,0x42,0x28,0x42,0x27,0x42,0x27,0x42,0x27,0x42,0x27,0x42,0x27,0x42,0x27,
    0x42,0x28,0x42,0x28,0x42,0x27,0x42,0x27,0x42,0x27,0x42,0xc6,0x31,0x85,0x29,0x06,
    0x3a,0xff,0x07,0x42,0x07,0x42,0x27,0x42,0x07,0x42,0x07,0x42,0x07,0x42,0x07,0x42,
    0x07,0x42,0x07,0x42,0x06,0x42,0x07,0x42,0x07,0x42,0x07,0x42,0x07,0x42,0x27,0x42,
    0x07,0x42,0x07,0x42,0x07,0x42,0x27,0x42,0x07,0x42,0x07,0x42,0x07,0x42,0x07,0x42,
    0x07,0x42,0x07,0x42,0x07,0x42,0x07,0x42,0x07,0x42,0x07,0x42,0x07,0x42,0x07,0x42,
    0x07,0x42,0x07,0x42,0x07,0x42,0x27,0x42,0x07,0x42,0x07,0x42,0x07,0x42,0x07,0x42,
    0x07,0x42,0x07,0x42,0x06,0x42,0x06,0x42,0x07,0x42,0x07,0x42,0x07,0x42,0x07,0x42,
    0x06,0x42,0x07,0x42,0x06,0x42,0x06,0x3a,0x07,0x42,0x07,0x42,0x07,0x42,0x07,0x42,
    0x06,0x42,0xe6,0x39,0x06,0x3a,0x06,0x42,0x06,0x42,0x06,0x42,0x06,0x42,0x06,0x42,
    0x07,0x42,0x06,0x42,0x06,0x3a,0xe6,0x39,0x06,0x42,0x06,0x42,0x07,0x42,0x06,0x42,
    0x06,0x42,0x06,0x3a,0x06,0x3a,0x6b,0x73,0x72,0xbd,0x72,0xbd,0x72,0xbd,0x72,0xbd,
    0x72,0xbd,0x72,0xbd,0x72,0xbd,0x72,0xbd,0x72,0xbd,0x72,0xbd,0x72,0xbd,0x72,0xbd,
    0x72,0xbd,0x72,0xbd,0x72,0xbd,0x72,0xbd,0x52,0xb5,0x52,0xb5,0x52,0xb5,0x52,0xb5,
    0x52,0xb5,0x32,0xb5,0x32,0xb5,0x31,0xb5,0x31,0xb5,0x11,0xb5,0x11,0xad,0xf1,0xac,
    0xf0,0xac,0xf0,0xac,0xf0,0xac,0xd0,0xa4,0xd0,0xa4,0xb0,0xa4,0x2e,0x8c,0x2b,0x6b,
    0xa9,0x5a,0x68,0x52,0x27,0x4a,0xe6,0x41,0xa5,0x39,0x65,0x29,0x24,0x21,0xe3,0x20,
    0xc2,0x18,0xa2,0x10,0x61,0x10,0x61,0x08,0x00,0x00,0x20,0x00,0x41,0x08,0x61,0x08,
    0xff,0x81,0x10,0xa2,0x10,0xc3,0x18,0x03,0x21,0x24,0x29,0x65,0x31,0xa6,0x39,0xe7,
    0x41,0x48,0x4a,0x88,0x52,0xca,0x5a,0x0b,0x6b,0x4f,0x94,0xd0,0xa4,0xf1,0xac,0xf1,
    0xac,0x11,0xad,0x11,0xad,0x11,0xad,0x31,0xad,0x31,0xb5,0x32,0xb5,0x52,0xb5,0x52,
    0xb5,0x52,0xb5,0x52,0xb5,0x52,0xb5,0x72,0xb5,0x52,0xb5,0x52,0xb5,0x72,0xbd,0x73,
    0xbd,0x73,0xbd,0x73,0xbd,0x72,0xbd,0x73,0xbd,0x73,0xbd,0x73,0xbd,0x73,0xbd,0x73,
    0xbd,0x73,0xbd,0x73,0xbd,0x73,0xbd,0x73,0xbd,0x73,0xbd,0x73,0xbd,0x90,0x9c,0xc9,
    0x5a,0x47,0x42,0x27,0x42,0x47,0x42,0x48,0x4a,0x27,0x42,0x27,0x42,0x27,0x42,0x27,
    0x42,0x48,0x42,0x27,0x42,0x47,0x42,0x27,0x42,0x27,0x42,0x27,0x42,0x27,0x42,0x48,
    0x42,0x27,0x42,0x27,0x42,0x48,0x4a,0x27,0x42,0x27,0x42,0x27,0x42,0x47,0x42,0x27,
    0x42,0x27,0x42,0x27,0x42,0x48,0x42,0x48,0x4a,0x27,0x42,0x27,0x42,0x27,0x42,0x27,
    0x42,0x47,0x42,0x27,0x42,0x48,0x42,0x27,0x42,0x47,0x42,0x27,0x42,0x27,0x42,0x27,
    0x42,0x27,0x42,0x27,0x42,0x27,0x42,0x27,0x42,0x27,0x42,0x27,0x42,0x27,0x42,0x27,
    0x42,0x47,0x42,0x27,0x42,0x47,0x42,0x27,0x42,0x27,0x42,0x27,0x42,0x27,0x42,0x27,
    0x42,0x47,0x42,0x27,0x42,0x07,0x42,0x48,0x42,0x27,0x42,0x27,0x42,0x27,0x42,0x27,
    0x42,0x07,0x42,0x27,0x42,0x27,0x42,0x07,0x42,0x27,0x42,0x27,0x42,0x27,0x42,0x07,
    0x42,0x27,0x42,0x27,0x42,0x27,0x42,0x27,0x42,0x64,0x21,0x44,0x21,0x64,0x21,0xc3,
    0x44,0x21,0x44,0x21,0x44,0x21,0x44,0x21,0x64,0x21,0x44,0x21,0x64,0x21,0x44,0x21,
    0x64,0x21,0x64,0x21,0x64,0x21,0x64,0x21,0x44,0x21,0x44,0x21,0x64,0x21,0x64,0x21,
    0x64,0x21,0x64,0x21,0x64,0x21,0x64,0x21,0x44,0x21,0x64,0x21,0x64,0x21,0x64,0x21,
    0x64,0x21,0x64,0x21,0x44,0x21,0x64,0x21,0x64,0x21,0x64,0x21,0x64,0x21,0x64,0x21,
    0x64,0x21,0x64,0x21,0x44,0x21,0x64,0x21,0x64,0x21,0x64,0x21,0x64,0x21,0x64,0x21,
    0x64,0x21,0x64,0x21,0x64,0x21,0x44,0x21,0x64,0x21,0x64,0x21,0x64,0x21,0x64,0x21,
    0x64,0x21,0x64,0x21,0x64,0x21,0x64,0x21,0x64,0x21,0x64,0x29,0x84,0x21,0x84,0x29,
    0x84,0x29,0x84,0x29,0x84,0x29,0x64,0x29,0x84,0x29,0x85,0x29,0x85,0x29,0x44,0x21,
    0x24,0x21,0x65,0x29,0x85,0x29,0x49,0x85,0x29,0xff,0x0b,0x63,0x72,0xbd,0x72,0xbd,
    0x72,0xbd,0x72,0xbd,0x72,0xbd,0x72,0xbd,0x72,0xbd,0x72,0xbd,0x72,0xbd,0x72,0xbd,
    0x72,0xbd,0x72,0xbd,0x72,0xbd,0x72,0xbd,0x72,0xbd,0x72,0xbd,0x52,0xb5,0x52,0xb5,
    0x52,0xb5,0x52,0xb5,0x52,0xb5,0x32,0xb5,0x32,0xb5,0x31,0xb5,0x31,0xb5,0x11,0xad,
    0x11,0xad,0xf1,0xac,0xf0,0xac,0xf0,0xac,0xf0,0xac,0xd0,0xa4,0xd0,0xa4,0xb0,0xa4,
    0x0e,0x8c,0x2b,0x6b,0xa9,0x5a,0x68,0x52,0x27,0x4a,0xe6,0x41,0xa5,0x39,0x65,0x29,
    0x24,0x21,0xe3,0x20,0xc2,0x18,0xa2,0x10,0x61,0x10,0x61,0x08,0x00,0x00,0x20,0x00,
    0x41,0x08,0x61,0x08,0x81,0x10,0xa2,0x10,0xc2,0x18,0x03,0x21,0x24,0x29,0x65,0x31,
    0xa6,0x39,0xe7,0x41,0x47,0x4a,0x88,0x52,0xca,0x5a,0x0b,0x6b,0x4f,0x94,0xf0,0xa4,
    0xf0,0xac,0xf1,0xac,0x11,0xad,0x11,0xad,0x11,0xad,0x11,0xad,0x31,0xb5,0x32,0xb5,
    0x32,0xb5,0x52,0xb5,0x52,0xb5,0x52,0xb5,0x52,0xb5,0x52,0xb5,0x52,0xb5,0x52,0xb5,
    0x72,0xbd,0x73,0xbd,0x72,0xbd,0x73,0xbd,0x73,0xbd,0x73,0xbd,0x73,0xbd,0x73,0xbd,
    0x73,0xbd,0x73,0xbd,0x73,0xbd,0x73,0xbd,0x73,0xbd,0x93,0xbd,0x73,0xbd,0x73,0xbd,
    0x6f,0x94,0x68,0x4a,0xc6,0x39,0xc6,0x39,0xc6,0x31,0xc6,0x39,0xc6,0x39,0xc6,0x39,
    0xc6,0x39,0xc6,0x39,0xc6,0x39,0xc6,0x39,0xc6,0x39,0xc6,0x31,0xc6,0x39,0xc6,0x39,
    0xc6,0x39,0xc6,0x39,0xc6,0x39,0xc6,0x39,0xc6,0x39,0xc6,0x39,0xc6,0x39,0xc6,0x39,
    0xc6,0x39,0xc6,0x39,0xc6,0x39,0xc6,0x39,0xff,0xc6,0x39,0xc6,0x39,0xc6,0x31,0xc6,
    0x39,0xc6,0x31,0xc6,0x31,0xc6,0x39,0xc6,0x31,0xc6,0x39,0xc6,0x31,0xc6,0x31,0xc6,
    0x31,0xc6,0x39,0xc6,0x39,0xc6,0x39,0xc6,0x39,0xc6,0x31,0xc6,0x39,0xc6,0x39,0xc6,
    0x31,0xc6,0x31,0xc6,0x31,0xc6,0x39,0xc6,0x31,0xc6,0x31,0xc6,0x39,0xc6,0x31,0xc6,
    0x39,0xc6,0x39,0xc6,0x31,0xc6,0x31,0xc6,0x39,0xc6,0x31,0xc6,0x39,0xc6,0x31,0xc6,
    0x31,0xc6,0x39,0xc6,0x31,0xc6,0x31,0xc6,0x31,0xc6,0x31,0xc6,0x31,0xc6,0x31,0xc6,
    0x31,0xc6,0x31,0xc6,0x31,0xc6,0x31,0xc6,0x39,0xc6,0x39,0xc6,0x31,0x85,0x29,0xa9,
    0x52,0xca,0x52,0xca,0x52,0xca,0x52,0xca,0x52,0xca,0x52,0xca,0x52,0xca,0x52,0xca,
    0x52,0xca,0x52,0xca,0x5a,0xca,0x52,0xca,0x52,0xea,0x5a,0xca,0x52,0xea,0x5a,0xea,
    0x5a,0xea,0x5a,0xea,0x5a,0xea,0x5a,0xea,0x5a,0xea,0x5a,0xca,0x52,0xca,0x52,0xea,
    0x5a,0xea,0x5a,0xea,0x5a,0xea,0x5a,0xea,0x5a,0xea,0x5a,0xea,0x5a,0xea,0x5a,0xea,
    0x5a,0xea,0x5a,0xea,0x5a,0xea,0x5a,0xea,0x5a,0xea,0x5a,0x0b,0x5b,0xea,0x5a,0xea,
    0x5a,0xea,0x5a,0xea,0x5a,0x0b,0x5b,0xea,0x5a,0xea,0x5a,0xea,0x5a,0xea,0x5a,0x0b,
    0x5b,0xea,0x5a,0x0b,0x5b,0xea,0x5a,0x0b,0x5b,0xea,0x5a,0xea,0x5a,0x0b,0x5b,0xea,
    0x5a,0xea,0x5a,0xea,0x5a,0x0b,0x5b,0xea,0x5a,0xea,0x5a,0x0a,0x5b,0x0b,0x5b,0x0a,
    0x5b,0x48,0x42,0x27,0x42,0xea,0x5a,0x0b,0x63,0x0b,0x63,0x2b,0x63,0x0b,0x63,0x2b,
    0x63,0x2b,0x63,0x2b,0x63,0x0b,0x63,0xff,0x2b,0x63,0x2b,0x63,0x2b,0x63,0x2b,0x63,
    0x2b,0x63,0x2b,0x63,0x2b,0x63,0x2b,0x63,0x2b,0x63,0x0b,0x63,0x2b,0x63,0x2b,0x63,
    0x2b,0x63,0x2b,0x63,0x2b,0x63,0x0b,0x63,0x2b,0x63,0x2b,0x63,0x0b,0x63,0x2b,0x63,
    0x2b,0x63,0x2b,0x63,0x2b,0x63,0x2b,0x63,0x0b,0x63,0x0b,0x63,0x0b,0x63,0x0b,0x63,
    0x2b,0x63,0x2b,0x63,0x2b,0x63,0x0b,0x63,0x2b,0x63,0x0b,0x63,0x0b,0x63,0x0b,0x63,
    0x2b,0x63,0x2b,0x63,0x0b,0x63,0x0b,0x63,0x0b,0x63,0x2b,0x63,0x0b,0x63,0x0b,0x63,
    0x0b,0x63,0x0b,0x63,0x0b,0x63,0x0b,0x63,0x0b,0x63,0x0b,0x63,0x2b,0x63,0x0b,0x63,
    0x0b,0x63,0x2b,0x63,0x0b,0x63,0x2b,0x63,0x0b,0x63,0x0b,0x63,0x0b,0x63,0x0b,0x63,
    0x0b,0x63,0x0b,0x63,0x0b,0x63,0x0b,0x63,0x0b,0x63,0x2b,0x63,0x0e,0x84,0x72,0xbd,
    0x72,0xbd,0x72,0xbd,0x72,0xbd,0x72,0xbd,0x72,0xbd,0x72,0xbd,0x72,0xbd,0x72,0xbd,
    0x72,0xbd,0x72,0xbd,0x72,0xbd,0x72,0xbd,0x72,0xbd,0x72,0xbd,0x72,0xbd,0x52,0xb5,
    0x52,0xb5,0x52,0xb5,0x52,0xb5,0x52,0xb5,0x32,0xb5,0x31,0xb5,0x31,0xb5,0x31,0xb5,
    0x11,0xad,0x11,0xad,0xf1,0xac,0xf0,0xac,0xf0,0xac,0xd0,0xac,0xd0,0xa4,0xd0,0xa4,
    0xaf,0xa4,0xed,0x8b,0x0b,0x6b,0xa9,0x5a,0x68,0x52,0x27,0x4a,0xe6,0x41,0xa5,0x39,
    0x64,0x29,0x24,0x21,0xe3,0x20,0xc2,0x18,0xa2,0x10,0x61,0x10,0x61,0x08,0x00,0x00,
    0x20,0x00,0x41,0x08,0x61,0x08,0x81,0x10,0xa2,0x10,0xc2,0x18,0xe3,0x20,0x24,0x29,
    0x65,0x31,0xa6,0x39,0xe6,0x41,0xd9,0x27,0x4a,0x88,0x52,0xc9,0x5a,0x0a,0x63,0x2e,
    0x8c,0xf1,0xac,0xf0,0xac,0xf1,0xac,0xf1,0xac,0x11,0xad,0x11,0xad,0x32,0xad,0x31,
    0xad,0x32,0xb5,0x52,0xb5,0x52,0xb5,0x52,0xb5,0x52,0xb5,0x52,0xb5,0x52,0xb5,0x52,
    0xb5,0x52,0xb5,0x72,0xbd,0x73,0xbd,0x73,0xbd,0x73,0xbd,0x73,0xbd,0x73,0xbd,0x73,
    0xbd,0x73,0xbd,0x73,0xbd,0x73,0xbd,0x73,0xbd,0x73,0xbd,0x73,0xbd,0x73,0xbd,0x73,
    0xbd,0x73,0xbd,0xb0,0x9c,0x2b,0x6b,0xca,0x5a,0xca,0x52,0xca,0x52,0xca,0x52,0xca,
    0x5a,0xca,0x5a,0xca,0x52,0xca,0x52,0xca,0x52,0xca,0x52,0xca,0x52,0xca,0x52,0xca,
    0x5a,0xca,0x5a,0xca,0x5a,0xca,0x5a,0xca,0x52,0xca,0x52,0xca,0x52,0xca,0x52,0xca,
    0x52,0xca,0x52,0xca,0x52,0xca,0x52,0xca,0x52,0xca,0x52,0xca,0x52,0xca,0x52,0xca,
    0x52,0xca,0x52,0xca,0x52,0xca,0x52,0xca,0x52,0xca,0x5a,0xca,0x52,0xca,0x5a,0xca,
    0x52,0xca,0x5a,0xca,0x52,0xca,0x52,0xca,0x52,0xca,0x52,0xca,0x52,0xca,0x52,0xca,
    0x52,0xca,0x52,0xca,0x5a,0xca,0x5a,0xca,0x52,0x1b,0xca,0x52,0xc6,0xa5,0x29,0x07,
    0x3a,0x27,0x42,0x27,0x3a,0x27,0x42,0x27,0x3a,0x07,0x3a,0x27,0x42,0x07,0x3a,0x27,
    0x3a,0x07,0x3a,0x07,0x3a,0x07,0x3a,0x27,0x3a,0x07,0x3a,0x07,0x3a,0xe6,0x39,0x07,
    0x3a,0x06,0x3a,0x06,0x3a,0x06,0x3a,0xe6,0x39,0x06,0x3a,0xe6,0x31,0xe6,0x31,0xe6,
    0x39,0xe6,0x39,0xe6,0x31,0xe6,0x31,0xe6,0x31,0xe6,0x31,0xe6,0x39,0xe6,0x31,0xe6,
    0x31,0xe6,0x31,0xc6,0x31,0xc6,0x31,0xc6,0x31,0xc6,0x31,0xc6,0x31,0xc6,0x31,0xc6,
    0x31,0xc6,0x31,0xc6,0x31,0xc6,0x31,0xc5,0x31,0xc5,0x31,0xc5,0x31,0xc6,0x31,0xc6,
    0x31,0xc5,0x31,0xc5,0x31,0xa5,0x31,0xc6,0x31,0xc5,0x31,0xc5,0x31,0xc5,0x31,0xc6,
    0x31,0xc5,0x31,0xa5,0x31,0xc5,0x31,0xa5,0x31,0xc6,0x31,0xa5,0x31,0xc5,0x31,0xc5,
    0x31,0x64,0x21,0x84,0x29,0x06,0x3a,0x07,0x42,0x19,0x07,0x42,0xff,0x06,0x42,0x07,
    0x42,0x07,0x42,0x07,0x42,0x07,0x42,0x07,0x42,0x07,0x42,0x07,0x42,0x07,0x42,0x07,
    0x42,0x07,0x42,0x07,0x42,0x07,0x42,0x07,0x42,0x06,0x42,0x07,0x42,0x06,0x3a,0x07,
    0x42,0x07,0x42,0x07,0x42,0x07,0x42,0x07,0x42,0x06,0x3a,0x07,0x42,0x07,0x42,0x06,
    0x3a,0x07,0x42,0x07,0x42,0x06,0x42,0x07,0x42,0xe6,0x39,0x06,0x42,0x07,0x42,0x06,
    0x3a,0x06,0x42,0x06,0x42,0x06,0x3a,0x07,0x42,0xe6,0x39,0x06,0x42,0xe6,0x39,0x07,
    0x42,0x06,0x42,0x06,0x3a,0x06,0x3a,0x06,0x42,0x06,0x42,0x07,0x3a,0x6b,0x73,0x72,
    0xbd,0x72,0xbd,0x72,0xbd,0x72,0xbd,0x72,0xbd,0x72,0xbd,0x72,0xbd,0x72,0xbd,0x72,
    0xbd,0x72,0xbd,0x72,0xbd,0x72,0xbd,0x72,0xbd,0x72,0xbd,0x72,0xbd,0x52,0xb5,0x52,
    0xb5,0x52,0xb5,0x52,0xb5,0x52,0xb5,0x32,0xb5,0x32,0xb5,0x31,0xb5,0x31,0xb5,0x11,
    0xb5,0x11,0xad,0x11,0xad,0xf1,0xac,0xf0,0xac,0xf0,0xac,0xd0,0xa4,0xd0,0xa4,0xd0,
    0xa4,0xaf,0xa4,0xed,0x83,0x0a,0x6b,0xa9,0x5a,0x68,0x52,0x07,0x42,0xe6,0x41,0xa5,
    0x31,0x64,0x29,0x24,0x21,0xe3,0x20,0xc2,0x18,0x82,0x10,0x61,0x10,0x61,0x08,0x00,
    0x00,0x20,0x00,0x41,0x08,0x61,0x08,0x81,0x10,0xa2,0x10,0xc2,0x18,0xe3,0x20,0x24,
    0x21,0x64,0x31,0xa5,0x39,0xe6,0x41,0x27,0x4a,0x68,0x52,0xc9,0x5a,0x0a,0x63,0xed,
    0x83,0xd0,0xa4,0xf0,0xac,0xf1,0xac,0xf1,0xac,0x11,0xad,0x11,0xad,0x11,0xad,0x11,
    0xad,0x32,0xb5,0x32,0xb5,0x32,0xb5,0x52,0xb5,0x52,0xb5,0xf3,0x52,0xb5,0x52,0xb5,
    0x52,0xb5,0x52,0xb5,0x72,0xbd,0x73,0xbd,0x72,0xbd,0x73,0xbd,0x73,0xbd,0x73,0xbd,
    0x73,0xbd,0x73,0xbd,0x73,0xbd,0x73,0xbd,0x73,0xbd,0x73,0xbd,0x73,0xbd,0x73,0xbd,
    0x73,0xbd,0x73,0xbd,0x90,0x9c,0xc9,0x5a,0x48,0x42,0x27,0x42,0x48,0x42,0x27,0x42,
    0x48,0x4a,0x47,0x42,0x27,0x42,0x47,0x42,0x48,0x42,0x27,0x42,0x27,0x42,0x27,0x42,
    0x48,0x4a,0x47,0x42,0x48,0x4a,0x48,0x42,0x47,0x42,0x27,0x42,0x27,0x42,0x47,0x42,
    0x47,0x42,0x27,0x42,0x27,0x42,0x47,0x42,0x27,0x42,0x27,0x42,0x47,0x42,0x27,0x42,
    0x27,0x42,0x27,0x42,0x27,0x42,0x47,0x42,0x27,0x42,0x47,0x42,0x27,0x42,0x48,0x4a,
    0x27,0x42,0x48,0x42,0x27,0x42,0x27,0x42,0x27,0x42,0x27,0x42,0x27,0x42,0x27,0x42,
    0x27,0x42,0x27,0x42,0x27,0x42,0x27,0x42,0x27,0x42,0x27,0x42,0x27,0x42,0x27,0x42,
    0x47,0x42,0x27,0x42,0x27,0x42,0x27,0x42,0x27,0x42,0x27,0x42,0x27,0x42,0x47,0x42,
    0x27,0x42,0x27,0x42,0x27,0x42,0x27,0x42,0x27,0x42,0x27,0x42,0x27,0x42,0x27,0x42,
    0x27,0x42,0x27,0x42,0x27,0x42,0x27,0x42,0x27,0x42,0x27,0x42,0x27,0x42,0x27,0x42,
    0x64,0x21,0xc6,0x31,0xe6,0x39,0xc6,0x31,0xe6,0x31,0xe6,0x31,0xc6,0x31,0xc6,0x31,
    0xc6,0x31,0xc6,0x31,0xc6,0x31,0xc6,0x31,0xc6,0x31,0xc6,0x31,0xc6,0x31,0xe6,0x31,
    0xc6,0x31,0x16,0xc6,0x31,0x9f,0xe6,0x39,0xe6,0x39,0xc6,0x31,0xc6,0x31,0xc6,0x31,
    0xe6,0x31,0xc6,0x31,0xe6,0x39,0xe6,0x31,0xe6,0x39,0xe6,0x31,0xe6,0x31,0xe6,0x31,
    0xc6,0x31,0xe6,0x39,0xe6,0x31,0xe6,0x39,0xe6,0x39,0xe6,0x39,0xe6,0x39,0xe6,0x39,
    0xe6,0x39,0xe6,0x39,0xe6,0x39,0xe6,0x39,0xe6,0x39,0xe6,0x39,0x85,0x29,0x85,0x29,
    0x06,0x3a,0x07,0x42,0x20,0x07,0x42,0xff,0x06,0x42,0x07,0x42,0x07,0x42,0x07,0x42,
    0x07,0x42,0x06,0x42,0x07,0x42,0x06,0x42,0x06,0x42,0x07,0x42,0x07,0x42,0x06,0x42,
    0x07,0x42,0x07,0x42,0x06,0x42,0x07,0x42,0x07,0x42,0xe6,0x39,0x06,0x42,0x06,0x42,
    0x07,0x42,0x06,0x42,0x06,0x42,0x06,0x3a,0x07,0x42,0x06,0x42,0x06,0x42,0x06,0x3a,
    0x06,0x42,0x06,0x42,0x07,0x42,0xe6,0x39,0x07,0x42,0xe6,0x39,0x07,0x42,0x06,0x42,
    0x06,0x3a,0x06,0x3a,0x06,0x42,0x06,0x42,0xe6,0x39,0x6b,0x73,0x72,0xbd,0x72,0xbd,
    0x72,0xbd,0x72,0xbd,0x72,0xbd,0x72,0xbd,0x72,0xbd,0x72,0xbd,0x72,0xbd,0x72,0xbd,
    0x72,0xbd,0x72,0xbd,0x72,0xbd,0x72,0xbd,0x52,0xb5,0x52,0xb5,0x52,0xb5,0x52,0xb5,
    0x52,0xb5,0x52,0xb5,0x32,0xb5,0x32,0xb5,0x31,0xb5,0x31,0xb5,0x11,0xad,0x11,0xad,
    0xf1,0xac,0xf0,0xac,0xf0,0xac,0xf0,0xac,0xd0,0xa4,0xd0,0xa4,0xd0,0xa4,0x8f,0x9c,
    0xcd,0x83,0x0a,0x63,0xa9,0x5a,0x48,0x52,0x07,0x42,0xe6,0x39,0xa5,0x31,0x64,0x29,
    0x24,0x21,0xe3,0x18,0xc2,0x18,0x82,0x10,0x61,0x10,0x41,0x08,0x00,0x00,0x20,0x00,
    0x40,0x08,0x61,0x08,0x81,0x10,0xa2,0x10,0xc2,0x18,0xe3,0x20,0x24,0x21,0x64,0x29,
    0xa5,0x39,0xe6,0x41,0x27,0x4a,0x68,0x52,0xc9,0x5a,0x0a,0x63,0xcd,0x83,0xd0,0xa4,
    0xf0,0xac,0xf1,0xac,0xf1,0xac,0xf1,0xac,0x11,0xad,0x11,0xad,0x11,0xad,0x32,0xb5,
    0x32,0xb5,0x52,0xb5,0x52,0xb5,0x52,0xb5,0x52,0xb5,0x52,0xb5,0x52,0xb5,0x52,0xb5,
    0x72,0xbd,0x72,0xbd,0x72,0xbd,0xc5,0x72,0xbd,0x73,0xbd,0x73,0xbd,0x73,0xbd,0x73,
    0xbd,0x73,0xbd,0x73,0xbd,0x73,0xbd,0x73,0xbd,0x73,0xbd,0x73,0xbd,0x73,0xbd,0x73,
    0xbd,0x8f,0x9c,0xc9,0x5a,0x47,0x42,0x27,0x42,0x27,0x42,0x27,0x42,0x48,0x4a,0x27,
    0x42,0x27,0x42,0x27,0x42,0x47,0x42,0x47,0x42,0x47,0x42,0x27,0x42,0x27,0x42,0x27,
    0x42,0x47,0x42,0x27,0x42,0x47,0x42,0x27,0x42,0x27,0x42,0x27,0x42,0x27,0x42,0x27,
    0x42,0x27,0x42,0x47,0x42,0x27,0x42,0x27,0x42,0x27,0x42,0x27,0x42,0x27,0x42,0x27,
    0x42,0x27,0x42,0x27,0x42,0x27,0x42,0x27,0x42,0x27,0x42,0x48,0x42,0x27,0x42,0x27,
    0x42,0x27,0x42,0x27,0x42,0x27,0x42,0x27,0x42,0x27,0x42,0x27,0x42,0x27,0x42,0x27,
    0x42,0x27,0x42,0x27,0x42,0x27,0x42,0x27,0x42,0x27,0x42,0x27,0x42,0x47,0x42,0x27,
    0x42,0x16,0x27,0x42,0xb0,0x64,0x21,0x84,0x29,0x85,0x29,0x85,0x29,0x85,0x29,0x85,
    0x29,0x85,0x29,0x85,0x29,0x85,0x29,0x85,0x29,0x85,0x29,0x85,0x29,0x85,0x29,0x85,
    0x29,0x84,0x29,0x85,0x29,0x84,0x29,0x85,0x29,0x85,0x29,0x85,0x29,0x84,0x29,0x84,
    0x29,0x85,0x29,0x85,0x29,0x84,0x29,0x84,0x29,0x84,0x29,0x85,0x29,0x85,0x29,0x84,
    0x29,0x85,0x29,0x84,0x29,0x85,0x29,0x84,0x29,0x84,0x29,0x84,0x29,0x84,0x29,0x84,
    0x29,0x84,0x29,0x85,0x29,0x84,0x29,0x84,0x29,0x84,0x29,0x84,0x29,0x84,0x29,0x85,
    0x29,0x85,0x29,0x84,0x29,0x12,0x84,0x29,0x85,0x44,0x21,0x84,0x29,0x06,0x3a,0x27,
    0x42,0x07,0x42,0x24,0x07,0x42,0xff,0x06,0x42,0x07,0x42,0x06,0x42,0x07,0x42,0x07,
    0x42,0x07,0x42,0x06,0x3a,0x07,0x42,0x07,0x42,0x06,0x42,0x07,0x42,0x06,0x42,0x06,
    0x3a,0x07,0x42,0x06,0x42,0x07,0x42,0x07,0x42,0x06,0x42,0x06,0x42,0x07,0x42,0x06,
    0x3a,0x06,0x42,0x06,0x42,0x06,0x42,0x06,0x42,0x06,0x42,0x06,0x3a,0x06,0x42,0xe6,
    0x39,0x06,0x42,0x06,0x3a,0x06,0x42,0x06,0x42,0x06,0x42,0x06,0x3a,0x06,0x42,0x6b,
    0x73,0x72,0xbd,0x72,0xbd,0x72,0xbd,0x72,0xbd,0x72,0xbd,0x72,0xbd,0x72,0xbd,0x72,
    0xbd,0x72,0xbd,0x72,0xbd,0x72,0xbd,0x72,0xbd,0x72,0xbd,0x72,0xbd,0x52,0xb5,0x52,
    0xb5,0x52,0xb5,0x52,0xb5,0x52,0xb5,0x32,0xb5,0x32,0xb5,0x32,0xb5,0x31,0xb5,0x31,
    0xb5,0x11,0xad,0x11,0xad,0xf1,0xac,0xf0,0xac,0xf0,0xac,0xd0,0xac,0xd0,0xa4,0xd0,
    0xa4,0xd0,0xa4,0x8f,0x9c,0xac,0x7b,0xea,0x62,0xa9,0x5a,0x48,0x52,0x07,0x42,0xe6,
    0x39,0xa5,0x31,0x44,0x29,0x03,0x21,0xe3,0x18,0xa2,0x18,0x82,0x10,0x61,0x08,0x41,
    0x08,0x00,0x00,0x20,0x00,0x40,0x08,0x61,0x08,0x81,0x10,0xa2,0x10,0xc2,0x18,0xe3,
    0x20,0x24,0x21,0x64,0x29,0xa5,0x31,0xe6,0x41,0x27,0x4a,0x68,0x52,0xa9,0x5a,0x0a,
    0x63,0xac,0x7b,0xd0,0xa4,0xd0,0xa4,0xf0,0xac,0xf1,0xac,0xf1,0xac,0x11,0xad,0x11,
    0xad,0x11,0xad,0x31,0xb5,0x32,0xb5,0x32,0xb5,0x52,0xb5,0x52,0xb5,0x52,0xb5,0x52,
    0xb5,0x52,0xb5,0x52,0xb5,0x52,0xb5,0x72,0xbd,0x73,0xbd,0x73,0xbd,0x73,0xbd,0x73,
    0xbd,0x73,0xbd,0x73,0xbd,0xaf,0x73,0xbd,0x73,0xbd,0x73,0xbd,0x73,0xbd,0x73,0xbd,
    0x73,0xbd,0x73,0xbd,0x73,0xbd,0x90,0x9c,0xc9,0x5a,0x47,0x42,0x27,0x42,0x47,0x42,
    0x27,0x42,0x48,0x42,0x27,0x42,0x27,0x42,0x48,0x42,0x48,0x42,0x48,0x42,0x27,0x42,
    0x27,0x42,0x27,0x42,0x27,0x42,0x47,0x42,0x27,0x42,0x27,0x42,0x27,0x42,0x27,0x42,
    0x27,0x42,0x27,0x42,0x27,0x42,0x27,0x42,0x47,0x42,0x27,0x42,0x27,0x42,0x27,0x42,
    0x27,0x42,0x27,0x42,0x27,0x42,0x27,0x42,0x27,0x42,0x27,0x42,0x27,0x42,0x27,0x42,
    0x48,0x4a,0x27,0x42,0x27,0x27,0x42,0x98,0x43,0x21,0xe2,0x10,0xe2,0x10,0xe2,0x10,
    0xe2,0x10,0xe2,0x10,0xe2,0x10,0x02,0x11,0xe2,0x10,0xe2,0x10,0xe2,0x10,0xe2,0x10,
    0xe2,0x10,0xe2,0x10,0xe2,0x10,0xe2,0x10,0xe2,0x10,0xe2,0x10,0xe2,0x10,0xe2,0x10,
    0xe2,0x10,0xe2,0x10,0x02,0x11,0xe2,0x10,0x2b,0xe2,0x10,0x83,0x64,0x21,0x06,0x3a,
    0x07,0x42,0x11,0x07,0x42,0xff,0x06,0x3a,0x07,0x42,0x07,0x42,0x07,0x42,0x07,0x42,
    0x07,0x42,0x07,0x42,0x07,0x42,0x07,0x42,0x07,0x42,0x07,0x42,0x07,0x42,0x07,0x42,
    0x07,0x42,0x07,0x42,0x07,0x42,0x27,0x42,0x07,0x42,0x07,0x42,0x07,0x42,0x07,0x42,
    0x07,0x42,0x07,0x42,0x06,0x42,0x07,0x42,0x07,0x42,0x06,0x42,0x07,0x42,0x07,0x42,
    0x07,0x42,0x06,0x42,0x06,0x3a,0x07,0x42,0x06,0x42,0x06,0x3a,0x07,0x42,0x07,0x42,
    0x06,0x42,0x07,0x42,0x06,0x42,0x06,0x42,0x06,0x42,0x07,0x42,0x06,0x42,0x06,0x3a,
    0x06,0x42,0x06,0x42,0x07,0x42,0xe6,0x39,0x06,0x42,0x06,0x42,0x06,0x42,0x06,0x42,
    0x06,0x42,0x06,0x3a,0x07,0x42,0x6b,0x73,0x72,0xbd,0x72,0xbd,0x72,0xbd,0x72,0xbd,
    0x72,0xbd,0x72,0xbd,0x72,0xbd,0x72,0xbd,0x72,0xbd,0x72,0xbd,0x72,0xbd,0x72,0xbd,
    0x72,0xbd,0x52,0xb5,0x52,0xb5,0x52,0xb5,0x52,0xb5,0x52,0xb5,0x52,0xb5,0x32,0xb5,
    0x32,0xb5,0x31,0xb5,0x31,0xb5,0x11,0xad,0x11,0xad,0x11,0xad,0xf1,0xac,0xf0,0xac,
    0xf0,0xac,0xd0,0xa4,0xd0,0xa4,0xd0,0xa4,0xd0,0xa4,0x8f,0x9c,0xac,0x7b,0xea,0x62,
    0xa9,0x5a,0x48,0x4a,0x07,0x42,0xc6,0x39,0x85,0x31,0x44,0x29,0x03,0x21,0xe3,0x18,
    0xa2,0x18,0x82,0x10,0x61,0x08,0x41,0x08,0x00,0x00,0x20,0x00,0x40,0x08,0x61,0x08,
    0x61,0x10,0xa2,0x10,0xc2,0x18,0xe3,0x18,0x24,0x21,0x44,0x29,0xa5,0x31,0xe6,0x39,
    0x27,0x4a,0x68,0x52,0xa9,0x5a,0xea,0x62,0xac,0x7b,0xd0,0xa4,0xd0,0xa4,0xd0,0xac,
    0xf0,0xac,0xf1,0xac,0xff,0xf1,0xac,0x11,0xad,0x11,0xad,0x11,0xad,0x32,0xb5,0x32,
    0xb5,0x32,0xb5,0x52,0xb5,0x52,0xb5,0x52,0xb5,0x52,0xb5,0x52,0xb5,0x52,0xb5,0x72,
    0xb5,0x73,0xb5,0x73,0xb5,0x73,0xb5,0x73,0xbd,0x73,0xbd,0x73,0xbd,0x73,0xbd,0x73,
    0xbd,0x73,0xbd,0x73,0xbd,0x73,0xbd,0x73,0xbd,0x73,0xbd,0x73,0xbd,0x90,0x9c,0xc9,
    0x5a,0x27,0x42,0x47,0x42,0x47,0x42,0x27,0x42,0x27,0x42,0x47,0x42,0x27,0x42,0x27,
    0x42,0x47,0x42,0x27,0x42,0x27,0x42,0x27,0x42,0x47,0x42,0x27,0x42,0x47,0x42,0x27,
    0x42,0x27,0x42,0x27,0x42,0x48,0x42,0x47,0x42,0x27,0x42,0x47,0x42,0x27,0x42,0x27,
    0x42,0x27,0x42,0x27,0x42,0x27,0x42,0x27,0x42,0x48,0x42,0x27,0x42,0x27,0x42,0x27,
    0x42,0x47,0x42,0x27,0x42,0x27,0x42,0x47,0x42,0x27,0x42,0x27,0x42,0x27,0x42,0x27,
    0x42,0x27,0x42,0x27,0x42,0x07,0x42,0x47,0x42,0x27,0x42,0x27,0x42,0x27,0x42,0x27,
    0x42,0x27,0x42,0x27,0x42,0x27,0x42,0x27,0x42,0x27,0x42,0x27,0x42,0x27,0x42,0x27,
    0x42,0x27,0x42,0x27,0x42,0x27,0x42,0x07,0x42,0x27,0x42,0x27,0x42,0x27,0x42,0x27,
    0x42,0x27,0x42,0x27,0x42,0x27,0x42,0x27,0x42,0x27,0x42,0x27,0x42,0x27,0x42,0x27,
    0x42,0x27,0x42,0x27,0x42,0x27,0x42,0x07,0x42,0x44,0x21,0xc2,0x10,0xc2,0x10,0xc2,
    0x08,0xc2,0x10,0xe2,0x10,0xc1,0x08,0xe2,0x10,0xe2,0x10,0xc2,0x08,0xe2,0x10,0xe2,
    0x10,0xc2,0x08,0xe2,0x10,0xc1,0x08,0xc1,0x08,0xc2,0x10,0xc2,0x10,0xc2,0x10,0xc1,
    0x08,0xc2,0x10,0xc4,0xe2,0x10,0xc2,0x10,0xc1,0x08,0xc1,0x08,0xc1,0x08,0xc1,0x08,
    0xc2,0x08,0xe2,0x10,0xc1,0x08,0xc2,0x10,0xc1,0x08,0xc2,0x08,0xc2,0x08,0xc1,0x08,
    0xc1,0x08,0xc2,0x10,0xc1,0x08,0xc1,0x08,0xc2,0x08,0xc1,0x08,0xc1,0x08,0xc1,0x08,
    0xc1,0x08,0xc2,0x08,0xc1,0x08,0xc1,0x08,0xc1,0x08,0xc1,0x08,0xc1,0x08,0xc1,0x08,
    0xc1,0x08,0xc1,0x08,0xc1,0x08,0xc2,0x08,0xc1,0x08,0xc2,0x08,0xc1,0x08,0xc1,0x08,
    0xc1,0x08,0xc1,0x08,0xc1,0x08,0xc1,0x08,0xc1,0x08,0xc1,0x08,0xc1,0x08,0xc1,0x08,
    0x64,0x21,0xe6,0x39,0x07,0x42,0x07,0x42,0x27,0x42,0x07,0x42,0x07,0x42,0x07,0x42,
    0x07,0x42,0x07,0x42,0x07,0x42,0x07,0x42,0x07,0x42,0x07,0x42,0x07,0x42,0x07,0x42,
    0x07,0x42,0x07,0x42,0x07,0x42,0x07,0x42,0x06,0x3a,0x07,0x42,0x13,0x07,0x42,0xff,
    0x06,0x42,0x07,0x42,0x07,0x42,0x07,0x42,0x06,0x3a,0x07,0x42,0x07,0x42,0x07,0x42,
    0x07,0x42,0x06,0x3a,0x06,0x42,0x07,0x42,0x07,0x42,0x06,0x42,0x06,0x42,0x06,0x42,
    0x06,0x3a,0x07,0x42,0x06,0x3a,0x07,0x3a,0x06,0x3a,0x06,0x42,0x06,0x42,0x06,0x42,
    0x06,0x42,0x07,0x42,0x06,0x42,0xe6,0x39,0x06,0x42,0x06,0x3a,0x06,0x42,0x06,0x3a,
    0x06,0x42,0x06,0x3a,0x06,0x42,0x4b,0x73,0x72,0xbd,0x72,0xbd,0x72,0xbd,0x72,0xbd,
    0x72,0xbd,0x72,0xbd,0x72,0xbd,0x72,0xbd,0x72,0xbd,0x72,0xbd,0x72,0xbd,0x72,0xbd,
    0x52,0xb5,0x52,0xb5,0x52,0xb5,0x52,0xb5,0x52,0xb5,0x52,0xb5,0x52,0xb5,0x32,0xb5,
    0x31,0xb5,0x31,0xb5,0x11,0xb5,0x11,0xad,0x11,0xad,0x11,0xad,0xf1,0xac,0xf0,0xac,
    0xd0,0xa4,0xd0,0xa4,0xd0,0xa4,0xd0,0xa4,0xb0,0xa4,0x8f,0x9c,0x8c,0x7b,0xea,0x62,
    0x89,0x52,0x48,0x4a,0x07,0x42,0xc6,0x39,0x85,0x31,0x44,0x29,0x03,0x21,0xe3,0x18,
    0xa2,0x18,0x82,0x10,0x61,0x08,0x41,0x08,0x00,0x00,0x20,0x00,0x40,0x08,0x41,0x08,
    0x61,0x10,0xa2,0x10,0xc2,0x18,0xe3,0x18,0x23,0x21,0x44,0x29,0x85,0x31,0xc6,0x39,
    0x27,0x4a,0x68,0x52,0xa9,0x5a,0xea,0x62,0x8c,0x7b,0xd0,0xa4,0xd0,0xa4,0xd0,0xa4,
    0xf1,0xac,0xf1,0xac,0x11,0xad,0x11,0xad,0x11,0xad,0x11,0xad,0x31,0xb5,0x32,0xb5,
    0x32,0xb5,0x52,0xb5,0x52,0xb5,0x52,0xb5,0x52,0xb5,0x72,0xb5,0x72,0xb5,0x92,0xb5,
    0x92,0xb5,0x92,0xb5,0x92,0xb5,0x92,0xb5,0x92,0xb5,0x72,0xbd,0x73,0xbd,0xa7,0x73,
    0xbd,0x73,0xbd,0x73,0xbd,0x73,0xbd,0x73,0xbd,0x73,0xbd,0x73,0xbd,0x90,0x9c,0xc9,
    0x5a,0x48,0x4a,0x48,0x42,0x27,0x42,0x27,0x42,0x47,0x42,0x48,0x4a,0x47,0x42,0x27,
    0x42,0x27,0x42,0x47,0x42,0x27,0x42,0x27,0x42,0x27,0x42,0x27,0x42,0x47,0x42,0x27,
    0x42,0x27,0x42,0x27,0x42,0x27,0x42,0x47,0x42,0x27,0x42,0x27,0x42,0x27,0x42,0x27,
    0x42,0x27,0x42,0x48,0x42,0x27,0x42,0x27,0x42,0x48,0x42,0x27,0x42,0x12,0x27,0x42,
    0xff,0x47,0x42,0x27,0x42,0x47,0x42,0x27,0x42,0x27,0x42,0x27,0x42,0x27,0x42,0x27,
    0x42,0x27,0x42,0x07,0x42,0x47,0x42,0x27,0x42,0x27,0x42,0x27,0x42,0x27,0x42,0x27,
    0x42,0x27,0x42,0x27,0x42,0x27,0x42,0x27,0x42,0x27,0x42,0x27,0x42,0x27,0x42,0x27,
    0x42,0x27,0x42,0x27,0x42,0x27,0x42,0x27,0x42,0x64,0x21,0xc2,0x10,0xe2,0x10,0xe2,
    0x10,0xe2,0x10,0xc2,0x10,0xe2,0x10,0xc2,0x08,0xe2,0x10,0xe2,0x10,0xe2,0x10,0xe2,
    0x10,0xe2,0x10,0xe2,0x10,0xc1,0x08,0xe2,0x10,0xc2,0x08,0xe2,0x10,0xc2,0x10,0xc2,
    0x08,0xc2,0x08,0xe2,0x10,0xc2,0x10,0xc2,0x08,0xc2,0x10,0xc2,0x10,0xc2,0x10,0xc2,
    0x08,0xe2,0x10,0xc2,0x08,0xe2,0x10,0xc1,0x08,0xe2,0x10,0xc2,0x10,0xc2,0x10,0xc2,
    0x08,0xc1,0x08,0xc1,0x08,0xc1,0x08,0xe2,0x10,0xc2,0x08,0xc1,0x08,0xc1,0x08,0xc2,
    0x08,0xc2,0x08,0xe2,0x10,0xe2,0x10,0xe2,0x10,0xc1,0x08,0xc1,0x08,0xc1,0x08,0xc1,
    0x08,0xc1,0x08,0xc1,0x08,0xc2,0x08,0xc2,0x08,0xc1,0x08,0xc2,0x08,0xc1,0x08,0xc1,
    0x08,0xc1,0x08,0xc2,0x08,0xc1,0x08,0xe2,0x10,0xc1,0x08,0xc1,0x08,0xc1,0x08,0x64,
    0x21,0x06,0x3a,0x27,0x42,0x07,0x42,0x07,0x42,0x07,0x42,0x07,0x42,0x07,0x42,0x07,
    0x42,0x07,0x42,0x06,0x42,0x07,0x42,0x27,0x42,0x07,0x42,0x07,0x42,0x07,0x42,0x07,
    0x42,0x07,0x42,0x27,0x42,0x07,0x42,0x07,0x42,0x07,0x42,0x07,0x42,0x07,0x42,0x07,
    0x42,0x07,0x42,0x06,0x42,0x07,0x42,0x07,0x42,0x07,0x42,0x07,0x42,0x07,0x42,0xff,
    0x07,0x42,0x06,0x42,0x07,0x42,0x06,0x42,0x06,0x42,0x07,0x42,0x07,0x42,0x07,0x42,
    0x07,0x42,0x06,0x42,0x06,0x3a,0x07,0x42,0x07,0x42,0x06,0x3a,0x07,0x42,0x07,0x42,
    0x07,0x42,0x07,0x42,0x07,0x42,0x06,0x42,0x06,0x42,0x07,0x42,0x06,0x42,0x06,0x42,
    0x06,0x42,0x07,0x42,0x06,0x3a,0x07,0x42,0x07,0x42,0x06,0x42,0x06,0x3a,0x06,0x42,
    0x06,0x42,0x06,0x3a,0x06,0x3a,0x07,0x42,0xe6,0x39,0x07,0x42,0xe6,0x39,0x06,0x3a,
    0x06,0x3a,0x06,0x42,0xe6,0x39,0x07,0x42,0x6b,0x73,0x72,0xbd,0x72,0xbd,0x72,0xbd,
    0x72,0xbd,0x72,0xbd,0x72,0xbd,0x72,0xbd,0x72,0xbd,0x72,0xbd,0x72,0xbd,0x72,0xbd,
    0x72,0xbd,0x52,0xb5,0x52,0xb5,0x52,0xb5,0x52,0xb5,0x52,0xb5,0x52,0xb5,0x52,0xb5,
    0x32,0xb5,0x31,0xb5,0x31,0xb5,0x11,0xad,0x11,0xad,0x11,0xad,0xf1,0xac,0xf0,0xac,
    0xf0,0xac,0xd0,0xa4,0xd0,0xa4,0xd0,0xa4,0xd0,0xa4,0xb0,0xa4,0x6f,0x9c,0x8c,0x7b,
    0xea,0x62,0x89,0x52,0x48,0x4a,0x07,0x42,0xc6,0x39,0x85,0x31,0x44,0x29,0x03,0x21,
    0xe3,0x18,0xa2,0x18,0x82,0x10,0x61,0x08,0x41,0x08,0x00,0x00,0x20,0x00,0x40,0x08,
    0x41,0x08,0x61,0x10,0xa2,0x10,0xc2,0x18,0xe3,0x18,0x03,0x21,0x44,0x29,0x85,0x31,
    0xc6,0x39,0x07,0x42,0x48,0x52,0xa9,0x5a,0xea,0x62,0x6c,0x73,0xb0,0xa4,0xd0,0xa4,
    0xf0,0xa4,0xf0,0xac,0xf1,0xac,0xf1,0xac,0xf1,0xac,0x11,0xad,0x11,0xad,0x32,0xb5,
    0x32,0xb5,0x32,0xb5,0x52,0xb5,0x52,0xb5,0x52,0xb5,0x52,0xb5,0x92,0xb5,0xbc,0x92,
    0xad,0xb2,0xad,0xb2,0xad,0xd2,0xad,0xd2,0xad,0xd2,0xad,0xb2,0xad,0x92,0xb5,0x92,
    0xb5,0x73,0xb5,0x73,0xbd,0x73,0xbd,0x73,0xbd,0x73,0xbd,0x73,0xbd,0x73,0xbd,0x90,
    0x9c,0xc9,0x5a,0x47,0x42,0x27,0x42,0x48,0x4a,0x27,0x42,0x27,0x42,0x47,0x42,0x48,
    0x42,0x27,0x42,0x48,0x42,0x27,0x42,0x48,0x42,0x48,0x42,0x48,0x42,0x27,0x42,0x27,
    0x42,0x27,0x42,0x48,0x42,0x48,0x42,0x27,0x42,0x27,0x42,0x47,0x42,0x48,0x42,0x27,
    0x42,0x27,0x42,0x27,0x42,0x27,0x42,0x27,0x42,0x48,0x42,0x27,0x42,0x47,0x42,0x27,
    0x42,0x27,0x42,0x27,0x42,0x27,0x42,0x27,0x42,0x47,0x42,0x27,0x42,0x27,0x42,0x27,
    0x42,0x27,0x42,0x47,0x42,0x27,0x42,0x11,0x27,0x42,0xff,0x48,0x42,0x27,0x42,0x27,
    0x42,0x27,0x42,0x27,0x42,0x27,0x42,0x27,0x42,0x07,0x42,0x27,0x42,0x27,0x42,0x27,
    0x42,0x27,0x42,0x27,0x42,0x27,0x42,0x27,0x42,0x27,0x42,0x48,0x42,0x44,0x21,0xe2,
    0x10,0xe2,0x10,0xc2,0x10,0xe2,0x10,0xc2,0x10,0xe2,0x10,0xe2,0x10,0xe2,0x10,0xc2,
    0x08,0xc2,0x10,0xc2,0x10,0xe2,0x10,0xc2,0x10,0xc2,0x10,0xe2,0x10,0xc1,0x08,0xe2,
    0x10,0xc2,0x10,0xe2,0x10,0xe2,0x10,0xc2,0x08,0xe2,0x10,0xe2,0x10,0xe2,0x10,0xc2,
    0x08,0xc2,0x10,0xe2,0x10,0xc2,0x10,0xc1,0x08,0xe2,0x10,0xc1,0x08,0xc2,0x08,0xc2,
    0x08,0xc1,0x08,0xc2,0x08,0xc2,0x10,0xe2,0x10,0xc2,0x10,0xe2,0x10,0xc1,0x08,0xc2,
    0x08,0xc2,0x10,0xc2,0x10,0xe2,0x10,0xc2,0x10,0xc1,0x08,0xc1,0x08,0xc1,0x08,0xc2,
    0x10,0xc2,0x08,0xc2,0x10,0xc1,0x08,0xe2,0x10,0xc2,0x08,0xc1,0x08,0xc2,0x10,0xc2,
    0x10,0xc2,0x08,0xc1,0x08,0xc2,0x10,0xc2,0x10,0xc2,0x08,0xe2,0x10,0xc1,0x08,0xc2,
    0x08,0xc2,0x08,0x64,0x21,0x06,0x3a,0x07,0x42,0x07,0x42,0x06,0x42,0x07,0x42,0x27,
    0x42,0x07,0x42,0x07,0x42,0x07,0x42,0x07,0x42,0x07,0x42,0x27,0x42,0x07,0x42,0x07,
    0x42,0x07,0x42,0x07,0x42,0x07,0x42,0x27,0x42,0x07,0x42,0x07,0x42,0x06,0x42,0x07,
    0x42,0x07,0x42,0x07,0x42,0x07,0x42,0x06,0x42,0x07,0x42,0x07,0x42,0x07,0x42,0x07,
    0x42,0x07,0x42,0x07,0x42,0x06,0x3a,0x07,0x42,0x07,0x42,0x27,0x42,0x07,0x42,0x07,
    0x42,0x07,0x42,0x07,0x42,0x07,0x42,0x07,0x42,0xff,0x07,0x42,0x27,0x42,0x07,0x42,
    0x06,0x42,0x07,0x42,0x06,0x3a,0x07,0x42,0xe6,0x39,0x07,0x42,0x07,0x42,0x07,0x42,
    0x06,0x42,0x06,0x42,0x06,0x42,0x07,0x42,0xe6,0x39,0x07,0x42,0x07,0x42,0x06,0x3a,
    0x06,0x42,0x06,0x42,0x06,0x3a,0x06,0x42,0x06,0x3a,0x07,0x42,0xe6,0x39,0x07,0x42,
    0x06,0x3a,0x06,0x3a,0x06,0x3a,0x06,0x42,0xe6,0x39,0x06,0x3a,0x6b,0x73,0x72,0xbd,
    0x72,0xbd,0x72,0xbd,0x72,0xbd,0x72,0xbd,0x72,0xbd,0x72,0xbd,0x72,0xbd,0x72,0xbd,
    0x72,0xbd,0x72,0xbd,0x72,0xbd,0x52,0xb5,0x52,0xb5,0x52,0xb5,0x52,0xb5,0x52,0xb5,
    0x52,0xb5,0x52,0xb5,0x31,0xb5,0x31,0xb5,0x31,0xb5,0x11,0xad,0x11,0xad,0x11,0xad,
    0xf1,0xac,0xf0,0xac,0xd0,0xa4,0xd0,0xa4,0xd0,0xa4,0xd0,0xa4,0xd0,0xa4,0xb0,0xa4,
    0x6f,0x9c,0x8c,0x73,0xea,0x62,0x89,0x52,0x48,0x4a,0x07,0x42,0xc6,0x39,0x85,0x31,
    0x44,0x29,0x03,0x21,0xe3,0x18,0xa2,0x18,0x81,0x10,0x61,0x08,0x41,0x08,0x00,0x00,
    0x20,0x00,0x20,0x08,0x41,0x08,0x61,0x08,0x82,0x10,0xc2,0x18,0xe3,0x18,0x03,0x21,
    0x44,0x29,0x85,0x31,0xc6,0x39,0x07,0x42,0x48,0x4a,0xa9,0x5a,0xea,0x62,0x6c,0x73,
    0x90,0x9c,0xd0,0xa4,0xd0,0xa4,0xf1,0xac,0xf1,0xac,0xf1,0xac,0xf1,0xac,0x11,0xad,
    0x11,0xad,0x11,0xad,0x32,0xb5,0x32,0xb5,0x52,0xb5,0x52,0xb5,0x72,0xb5,0x72,0xad,
    0xb2,0xad,0xd1,0xa5,0xf1,0xa5,0x11,0x9e,0x31,0x9e,0x11,0x9e,0x11,0x9e,0xf1,0xa5,
    0xd2,0xad,0xb2,0xb5,0x92,0xb5,0x72,0xb5,0xff,0x73,0xbd,0x73,0xbd,0x73,0xbd,0x73,
    0xbd,0x72,0xbd,0x90,0x9c,0xc9,0x5a,0x27,0x42,0x27,0x42,0x27,0x42,0x27,0x42,0x48,
    0x42,0x48,0x42,0x48,0x42,0x48,0x42,0x27,0x42,0x48,0x42,0x48,0x4a,0x27,0x42,0x27,
    0x42,0x47,0x42,0x27,0x42,0x27,0x42,0x27,0x42,0x27,0x42,0x48,0x4a,0x27,0x42,0x27,
    0x42,0x27,0x42,0x27,0x42,0x27,0x42,0x27,0x42,0x27,0x42,0x27,0x42,0x27,0x42,0x27,
    0x42,0x27,0x42,0x27,0x42,0x27,0x42,0x47,0x42,0x27,0x42,0x27,0x42,0x27,0x42,0x27,
    0x42,0x27,0x42,0x27,0x42,0x27,0x42,0x47,0x42,0x27,0x42,0x48,0x4a,0x27,0x42,0x27,
    0x42,0x27,0x42,0x27,0x42,0x27,0x42,0x27,0x42,0x27,0x42,0x27,0x42,0x27,0x42,0x48,
    0x42,0x27,0x42,0x27,0x42,0x27,0x42,0x27,0x42,0x27,0x42,0x27,0x42,0x27,0x42,0x27,
    0x42,0x27,0x42,0x27,0x42,0x27,0x42,0x27,0x42,0x48,0x42,0x07,0x42,0x27,0x42,0x27,
    0x42,0x27,0x42,0x27,0x42,0x07,0x42,0x27,0x42,0x27,0x42,0x27,0x42,0x27,0x42,0x64,
    0x21,0xe2,0x10,0xe2,0x10,0xe2,0x10,0xe2,0x10,0xc2,0x10,0xe2,0x10,0xc2,0x08,0xe2,
    0x10,0xe2,0x10,0xe2,0x10,0xe2,0x10,0xe2,0x10,0xe2,0x10,0xe2,0x10,0xe2,0x10,0xe2,
    0x10,0xe2,0x10,0xe2,0x10,0xe2,0x10,0xe2,0x10,0xc2,0x08,0xc2,0x08,0xe2,0x10,0xe2,
    0x10,0xc2,0x10,0xc2,0x10,0xc2,0x10,0xc2,0x10,0xc2,0x08,0xc2,0x10,0xe2,0x10,0xe2,
    0x10,0xc2,0x08,0xe2,0x10,0xe2,0x10,0xe2,0x10,0xc2,0x10,0xc2,0x10,0xe2,0x10,0xc2,
    0x10,0xc2,0x08,0xc2,0x10,0xe2,0x10,0x9e,0xe2,0x10,0xe2,0x10,0xc1,0x08,0xc2,0x10,
    0xc2,0x10,0xe2,0x10,0xe2,0x10,0xe2,0x10,0xc2,0x10,0xc2,0x08,0xc2,0x08,0xc1,0x08,
    0xc2,0x10,0xe2,0x10,0xc2,0x10,0xc2,0x10,0xc2,0x08,0xc2,0x10,0xc2,0x10,0xc2,0x10,
    0xe2,0x10,0xc2,0x10,0xc2,0x10,0x64,0x29,0x06,0x3a,0x07,0x42,0x07,0x42,0x27,0x42,
    0x27,0x42,0x07,0x42,0x11,0x07,0x42,0xff,0x06,0x42,0x07,0x42,0x07,0x42,0x07,0x42,
    0x07,0x42,0x07,0x42,0x07,0x42,0x07,0x42,0x07,0x42,0x06,0x42,0x07,0x42,0x06,0x42,
    0x07,0x42,0x07,0x42,0x07,0x42,0x07,0x42,0x07,0x42,0x07,0x42,0x07,0x42,0x07,0x42,
    0x07,0x42,0x06,0x3a,0x06,0x42,0x07,0x42,0x07,0x42,0x06,0x42,0x07,0x42,0x07,0x42,
    0x06,0x42,0x07,0x42,0x07,0x42,0x07,0x42,0x07,0x42,0x07,0x42,0x07,0x42,0xe6,0x39,
    0x06,0x42,0x07,0x42,0x06,0x42,0x06,0x42,0xe6,0x39,0x06,0x42,0xe6,0x39,0x06,0x42,
    0xe6,0x39,0x06,0x42,0xe6,0x39,0x06,0x42,0x06,0x42,0x07,0x42,0xe6,0x39,0x06,0x42,
    0x6b,0x73,0x72,0xbd,0x72,0xbd,0x72,0xbd,0x72,0xbd,0x72,0xbd,0x72,0xbd,0x72,0xbd,
    0x72,0xbd,0x72,0xbd,0x72,0xbd,0x72,0xbd,0x52,0xb5,0x52,0xb5,0x52,0xb5,0x52,0xb5,
    0x52,0xb5,0x52,0xb5,0x52,0xb5,0x32,0xb5,0x31,0xb5,0x31,0xb5,0x11,0xad,0x11,0xad,
    0x11,0xad,0x11,0xad,0xf1,0xac,0xf0,0xac,0xd0,0xa4,0xd0,0xa4,0xd0,0xa4,0xd0,0xa4,
    0xb0,0xa4,0xaf,0xa4,0x4e,0x94,0x6c,0x73,0xca,0x62,0x89,0x52,0x48,0x4a,0xe7,0x41,
    0xc6,0x39,0x85,0x31,0x44,0x29,0x03,0x21,0xc3,0x18,0xa2,0x10,0x81,0x10,0x61,0x08,
    0x41,0x08,0x00,0x00,0x20,0x00,0x20,0x08,0x41,0x08,0x61,0x08,0x82,0x10,0xa2,0x18,
    0xe3,0x18,0x03,0x21,0x44,0x29,0x85,0x31,0xc6,0x39,0x07,0x42,0x48,0x4a,0x89,0x5a,
    0xea,0x62,0x6b,0x73,0x8f,0x9c,0xd0,0xa4,0xd0,0xa4,0xf1,0xac,0xf1,0xac,0xf1,0xac,
    0xf1,0xac,0x11,0xad,0x11,0xad,0xaf,0x32,0xad,0x31,0xb5,0x32,0xb5,0x52,0xb5,0x52,
    0xb5,0x72,0xad,0xb1,0xa5,0xf1,0x9d,0x30,0x96,0x2f,0x86,0x4f,0x7e,0x4f,0x7e,0x4f,
    0x7e,0x4f,0x86,0x30,0x96,0x11,0x9e,0xf2,0xa5,0xb2,0xad,0x92,0xb5,0x73,0xb5,0x73,
    0xbd,0x73,0xbd,0x73,0xbd,0x73,0xbd,0x90,0x9c,0xc9,0x5a,0x47,0x42,0x27,0x42,0x27,
    0x42,0x27,0x42,0x27,0x42,0x27,0x42,0x27,0x42,0x27,0x42,0x27,0x42,0x27,0x42,0x27,
    0x42,0x47,0x42,0x27,0x42,0x47,0x42,0x48,0x42,0x48,0x4a,0x48,0x42,0x48,0x42,0x27,
    0x42,0x48,0x42,0x27,0x42,0x16,0x27,0x42,0xb0,0x07,0x42,0x47,0x42,0x27,0x42,0x27,
    0x42,0x27,0x42,0x27,0x42,0x27,0x42,0x27,0x42,0x48,0x42,0x07,0x42,0x27,0x42,0x27,
    0x42,0x27,0x42,0x27,0x42,0x27,0x42,0x27,0x42,0x27,0x42,0x27,0x42,0x27,0x42,0x27,
    0x42,0x27,0x42,0x27,0x42,0x27,0x42,0x27,0x42,0x27,0x42,0x07,0x42,0x27,0x42,0x27,
    0x42,0x27,0x42,0x47,0x42,0x27,0x42,0x27,0x42,0x07,0x42,0x44,0x21,0x02,0x11,0xe2,
    0x10,0xe2,0x10,0xe2,0x10,0xe2,0x10,0xe2,0x10,0xe2,0x10,0xe2,0x10,0xe2,0x10,0xe2,
    0x10,0xe2,0x10,0xe2,0x10,0x02,0x11,0xe2,0x10,0x17,0xe2,0x10,0xff,0xc2,0x10,0xe2,
    0x10,0xe2,0x10,0xe2,0x10,0xe2,0x10,0xe2,0x10,0xe2,0x10,0xe2,0x10,0xe2,0x10,0xe2,
    0x10,0xe2,0x10,0xe2,0x10,0xe2,0x10,0xe2,0x10,0xc2,0x10,0xe2,0x10,0xe2,0x10,0xe2,
    0x10,0xe2,0x10,0xc2,0x10,0xc2,0x10,0xe2,0x10,0xe2,0x10,0xc2,0x10,0xe2,0x10,0xc2,
    0x10,0xc2,0x10,0xe2,0x10,0xe2,0x10,0x64,0x29,0x06,0x3a,0x07,0x42,0x27,0x42,0x07,
    0x42,0x07,0x42,0x07,0x42,0x07,0x42,0x07,0x42,0x07,0x42,0x07,0x42,0x07,0x42,0x07,
    0x42,0x07,0x42,0x07,0x42,0x07,0x42,0x07,0x42,0x07,0x42,0x07,0x42,0x07,0x42,0x27,
    0x42,0x07,0x42,0x07,0x42,0x07,0x42,0x07,0x42,0x07,0x42,0x07,0x42,0x07,0x42,0x07,
    0x42,0x27,0x42,0x07,0x42,0x07,0x42,0x07,0x42,0x07,0x42,0x07,0x42,0x07,0x42,0x07,
    0x42,0x06,0x3a,0x07,0x42,0x07,0x42,0x07,0x42,0x07,0x42,0x06,0x3a,0x07,0x42,0x07,
    0x42,0x06,0x42,0x07,0x42,0x07,0x42,0x07,0x42,0x07,0x42,0x07,0x42,0x07,0x42,0xe6,
    0x39,0x07,0x42,0x07,0x42,0x06,0x42,0x06,0x42,0x06,0x42,0x06,0x3a,0x07,0x42,0xe6,
    0x39,0x07,0x42,0x06,0x3a,0x06,0x42,0x06,0x3a,0x06,0x42,0xe6,0x39,0xe6,0x39,0x06,
    0x42,0x07,0x42,0x06,0x42,0x06,0x42,0xe6,0x39,0x06,0x42,0xe6,0x39,0x07,0x42,0x6b,
    0x73,0x72,0xbd,0x72,0xbd,0x72,0xbd,0x72,0xbd,0x72,0xbd,0x72,0xbd,0x72,0xbd,0x72,
    0xbd,0x72,0xbd,0x72,0xbd,0x72,0xbd,0x52,0xb5,0x52,0xb5,0x52,0xb5,0x52,0xb5,0x52,
    0xb5,0x52,0xb5,0x52,0xb5,0x32,0xb5,0x31,0xb5,0x31,0xb5,0xf8,0x11,0xad,0x11,0xad,
    0x11,0xad,0x11,0xad,0xf0,0xac,0xf0,0xac,0xd0,0xa4,0xd0,0xa4,0xd0,0xa4,0xd0,0xa4,
    0xb0,0xa4,0xaf,0xa4,0x4e,0x94,0x6b,0x73,0xca,0x5a,0x88,0x52,0x48,0x4a,0xe6,0x41,
    0xc6,0x39,0x85,0x31,0x44,0x29,0x03,0x21,0xc3,0x18,0xa2,0x10,0x81,0x10,0x61,0x08,
    0x41,0x08,0x00,0x00,0x20,0x00,0x20,0x08,0x41,0x08,0x61,0x08,0x82,0x10,0xa2,0x18,
    0xe3,0x18,0x03,0x21,0x44,0x29,0x85,0x31,0xc6,0x39,0x07,0x42,0x48,0x4a,0x89,0x52,
    0xca,0x62,0x4b,0x73,0x6f,0x9c,0xd0,0xa4,0xd0,0xa4,0xf0,0xa4,0xf0,0xac,0xf1,0xac,
    0xf1,0xac,0x11,0xad,0x11,0xad,0x11,0xad,0x31,0xb5,0x32,0xb5,0x51,0xad,0x71,0xad,
    0xb1,0xa5,0xf0,0x9d,0x0e,0x7e,0xec,0x65,0xca,0x4d,0xea,0x45,0xe9,0x45,0xea,0x45,
    0xea,0x4d,0xec,0x5d,0x0e,0x7e,0x10,0x96,0xf1,0xa5,0xb2,0xad,0x92,0xb5,0x73,0xbd,
    0x73,0xbd,0x73,0xbd,0x73,0xbd,0x90,0x9c,0xa9,0x52,0x48,0x42,0x27,0x42,0x27,0x42,
    0x27,0x42,0x27,0x42,0x27,0x42,0x27,0x42,0x27,0x42,0x48,0x42,0x27,0x42,0x27,0x42,
    0x27,0x42,0x27,0x42,0x27,0x42,0x27,0x42,0x27,0x42,0x27,0x42,0x27,0x42,0x27,0x42,
    0x48,0x42,0x27,0x42,0x27,0x42,0x27,0x42,0x27,0x42,0x27,0x42,0x27,0x42,0x27,0x42,
    0x27,0x42,0x27,0x42,0x27,0x42,0x27,0x42,0x27,0x42,0xe6,0x39,0xa6,0x31,0xa5,0x31,
    0xa6,0x31,0xc6,0x39,0xe6,0x39,0xe7,0x39,0x07,0x42,0x27,0x42,0x18,0x27,0x42,0x9a,
    0x07,0x42,0x27,0x42,0x27,0x42,0x27,0x42,0x27,0x42,0x27,0x42,0x27,0x42,0x27,0x42,
    0x27,0x42,0x27,0x42,0x27,0x42,0x44,0x21,0xe2,0x10,0x02,0x11,0x02,0x11,0x02,0x11,
    0xe2,0x10,0xe2,0x10,0xe2,0x10,0xe2,0x10,0xe2,0x10,0xe2,0x10,0xe2,0x10,0x02,0x11,
    0x02,0x11,0xe2,0x10,0x21,0xe2,0x10,0x82,0x02,0x11,0xe2,0x10,0x11,0xe2,0x10,0x83,
    0x64,0x29,0x06,0x3a,0x07,0x42,0x19,0x07,0x42,0xff,0xe6,0x39,0x07,0x42,0x07,0x42,
    0x07,0x42,0x07,0x42,0x07,0x42,0x07,0x42,0x07,0x42,0x07,0x42,0x07,0x42,0x07,0x42,
    0x07,0x42,0x07,0x42,0x07,0x42,0x06,0x3a,0x07,0x42,0x06,0x42,0x07,0x42,0x07,0x42,
    0x07,0x42,0x07,0x42,0x07,0x42,0x07,0x42,0x06,0x3a,0x07,0x42,0x07,0x42,0x06,0x42,
    0x06,0x42,0x06,0x42,0x06,0x3a,0x06,0x3a,0x07,0x42,0xe6,0x39,0x07,0x42,0x06,0x42,
    0x06,0x42,0x06,0x42,0x06,0x42,0x06,0x3a,0x07,0x42,0xe6,0x39,0x06,0x3a,0x06,0x3a,
    0x06,0x42,0x06,0x3a,0x06,0x42,0x06,0x42,0x06,0x3a,0x6b,0x73,0x72,0xbd,0x72,0xbd,
    0x72,0xbd,0x72,0xbd,0x72,0xbd,0x72,0xbd,0x72,0xbd,0x72,0xbd,0x72,0xbd,0x72,0xbd,
    0x72,0xbd,0x52,0xb5,0x52,0xb5,0x52,0xb5,0x52,0xb5,0x52,0xb5,0x52,0xb5,0x32,0xb5,
    0x31,0xb5,0x31,0xb5,0x11,0xb5,0x11,0xad,0x11,0xad,0x11,0xad,0xf1,0xac,0xf0,0xac,
    0xd0,0xac,0xd0,0xa4,0xd0,0xa4,0xd0,0xa4,0xb0,0xa4,0xb0,0xa4,0xaf,0xa4,0x4e,0x94,
    0x6b,0x73,0xc9,0x5a,0x88,0x52,0x27,0x4a,0xe6,0x41,0xc6,0x39,0x85,0x31,0x44,0x29,
    0x03,0x21,0xc2,0x18,0xa2,0x10,0x81,0x10,0x61,0x08,0x41,0x08,0x00,0x00,0x20,0x00,
    0x20,0x00,0x41,0x08,0x61,0x08,0x82,0x10,0xa2,0x10,0xc2,0x18,0x03,0x21,0x44,0x29,
    0x85,0x31,0xc6,0x39,0x07,0x42,0x48,0x4a,0x89,0x52,0xc9,0x5a,0x4b,0x6b,0x4f,0x94,
    0xd0,0xa4,0xd0,0xa4,0xd0,0xa4,0xd0,0xa4,0xf1,0xac,0xf1,0xac,0x11,0xad,0x11,0xad,
    0x11,0xad,0x31,0xad,0x32,0xad,0x71,0xad,0x99,0xb1,0xa5,0xf0,0x9d,0xee,0x7d,0xab,
    0x55,0x0a,0x46,0x4a,0x46,0x4a,0x46,0x2a,0x3e,0x29,0x3e,0x4a,0x46,0x4a,0x46,0xeb,
    0x55,0x0e,0x76,0x10,0x96,0xd2,0xa5,0xb2,0xb5,0x92,0xb5,0x73,0xbd,0x73,0xbd,0x73,
    0xbd,0x90,0x9c,0xc9,0x5a,0x27,0x42,0x47,0x42,0x27,0x42,0x1c,0x27,0x42,0xdf,0xc6,
    0x39,0x44,0x29,0x44,0x21,0x85,0x31,0xc6,0x39,0xc6,0x39,0xe6,0x39,0xe6,0x39,0xe6,
    0x39,0x07,0x3a,0x27,0x42,0x27,0x42,0x27,0x42,0x27,0x42,0x27,0x42,0x27,0x42,0x27,
    0x42,0x27,0x42,0x27,0x42,0x27,0x42,0x27,0x42,0x27,0x42,0x07,0x42,0x27,0x42,0x27,
    0x42,0x27,0x42,0x27,0x42,0x27,0x42,0x27,0x42,0x27,0x42,0x27,0x42,0x07,0x42,0x07,
    0x42,0x27,0x42,0x27,0x42,0x27,0x42,0x27,0x42,0x27,0x42,0x27,0x42,0x27,0x42,0x27,
    0x42,0x27,0x42,0x27,0x42,0x27,0x42,0x27,0x42,0x64,0x21,0x02,0x11,0x02,0x11,0x03,
    0x11,0x03,0x11,0x02,0x11,0x02,0x11,0x23,0x19,0xe2,0x10,0x02,0x11,0x02,0x11,0xe2,
    0x10,0x02,0x11,0xe2,0x10,0xe2,0x10,0x02,0x11,0x02,0x11,0x02,0x11,0x02,0x11,0x02,
    0x11,0x02,0x11,0x02,0x11,0x02,0x11,0xe2,0x10,0x02,0x11,0x02,0x11,0xe2,0x10,0xe2,
    0x10,0xe2,0x10,0xe2,0x10,0x02,0x11,0xe2,0x10,0x02,0x11,0xe2,0x10,0x02,0x11,0x02,
    0x11,0xe2,0x10,0xe2,0x10,0xe2,0x10,0xe2,0x10,0xe2,0x10,0xe2,0x10,0xe2,0x10,0xe2,
    0x10,0xe2,0x10,0xe2,0x10,0x02,0x11,0xe2,0x10,0x02,0x11,0xe2,0x10,0x11,0xe2,0x10,
    0x83,0x64,0x29,0x06,0x3a,0x07,0x42,0x30,0x07,0x42,0xff,0x06,0x42,0x07,0x42,0x06,
    0x42,0x07,0x42,0x06,0x3a,0x07,0x42,0x06,0x3a,0x06,0x3a,0x07,0x42,0xe6,0x39,0x06,
    0x42,0x06,0x42,0x06,0x42,0x06,0x42,0x06,0x3a,0x06,0x42,0x07,0x42,0x06,0x3a,0x06,
    0x3a,0x06,0x3a,0x06,0x42,0x06,0x3a,0x06,0x3a,0x06,0x42,0x06,0x42,0x6b,0x73,0x72,
    0xbd,0x72,0xbd,0x72,0xbd,0x72,0xbd,0x72,0xbd,0x72,0xbd,0x72,0xbd,0x72,0xbd,0x72,
    0xbd,0x72,0xbd,0x72,0xbd,0x52,0xb5,0x52,0xb5,0x52,0xb5,0x52,0xb5,0x52,0xb5,0x52,
    0xb5,0x32,0xb5,0x31,0xb5,0x31,0xb5,0x11,0xad,0x11,0xad,0x11,0xad,0x11,0xad,0xf0,
    0xac,0xf0,0xac,0xd0,0xac,0xd0,0xa4,0xd0,0xa4,0xd0,0xa4,0xb0,0xa4,0xaf,0xa4,0xaf,
    0xa4,0x4e,0x94,0x4b,0x73,0xc9,0x5a,0x68,0x52,0x27,0x4a,0xe6,0x41,0xa6,0x39,0x65,
    0x31,0x24,0x29,0x03,0x21,0xc2,0x18,0xa2,0x10,0x81,0x10,0x61,0x08,0x41,0x08,0x00,
    0x00,0x20,0x00,0x20,0x00,0x41,0x08,0x61,0x08,0x82,0x10,0xa2,0x10,0xc2,0x18,0x03,
    0x21,0x44,0x29,0x85,0x31,0xc6,0x39,0x07,0x42,0x48,0x4a,0x89,0x52,0xc9,0x5a,0x2b,
    0x6b,0x2e,0x94,0xd0,0xa4,0xd0,0xa4,0xd0,0xa4,0xd0,0xa4,0xf1,0xac,0xf1,0xac,0xf1,
    0xac,0x11,0xad,0x11,0xad,0x31,0xad,0x51,0xad,0x91,0xa5,0xd1,0x9d,0x30,0x8e,0x8b,
    0x55,0x0a,0x46,0x6b,0x4e,0x0d,0x5e,0x4a,0x45,0xa7,0x24,0xa7,0x24,0x28,0x2d,0x09,
    0x3e,0x6a,0x46,0xcb,0x55,0x0f,0x86,0x11,0x9e,0xb2,0xad,0x92,0xb5,0x73,0xb5,0x73,
    0xbd,0x73,0xbd,0x90,0x9c,0xc9,0x5a,0x27,0x42,0x82,0x47,0x42,0x27,0x42,0x18,0x27,
    0x42,0xff,0x47,0x42,0x27,0x42,0x27,0x42,0xe6,0x39,0x44,0x29,0x24,0x21,0x85,0x29,
    0xc6,0x39,0xa5,0x41,0x85,0x41,0xa5,0x41,0xe6,0x39,0xc6,0x39,0xc6,0x39,0x07,0x42,
    0x07,0x42,0x27,0x42,0x27,0x42,0x27,0x42,0x27,0x42,0x27,0x42,0x27,0x42,0x27,0x42,
    0x27,0x42,0x27,0x42,0x27,0x42,0x27,0x42,0x27,0x42,0x27,0x42,0x07,0x42,0x27,0x42,
    0x27,0x42,0x27,0x42,0x27,0x42,0x27,0x42,0x27,0x42,0x27,0x42,0x27,0x42,0x27,0x42,
    0x27,0x42,0x27,0x42,0x27,0x42,0x27,0x42,0x27,0x42,0x07,0x42,0x07,0x42,0x27,0x42,
    0x27,0x42,0x07,0x42,0x64,0x21,0x03,0x19,0x03,0x19,0x03,0x11,0x03,0x19,0x03,0x19,
    0x02,0x11,0x23,0x19,0x02,0x11,0x02,0x11,0x02,0x11,0x02,0x11,0x03,0x19,0x02,0x11,
    0x02,0x11,0x02,0x11,0x03,0x19,0x03,0x19,0x02,0x19,0x02,0x11,0x03,0x19,0x02,0x11,
    0x03,0x11,0x02,0x11,0x02,0x11,0x02,0x11,0x02,0x11,0x02,0x11,0x02,0x11,0x02,0x11,
    0x02,0x11,0xe2,0x10,0x03,0x19,0x02,0x11,0x02,0x11,0x02,0x11,0x02,0x11,0x02,0x11,
    0x03,0x19,0x02,0x11,0x02,0x11,0x02,0x11,0x02,0x11,0x02,0x11,0x02,0x11,0x02,0x11,
    0x03,0x11,0x02,0x11,0x03,0x19,0x02,0x11,0x02,0x11,0x02,0x11,0x02,0x11,0x02,0x11,
    0x02,0x11,0x02,0x11,0x03,0x19,0x02,0x11,0x02,0x11,0x02,0x11,0x02,0x11,0xe2,0x10,
    0x02,0x11,0x02,0x11,0x02,0x11,0x02,0x11,0x02,0x11,0x84,0x29,0x06,0x3a,0x07,0x42,
    0x07,0x42,0x07,0x42,0x07,0x42,0x07,0x42,0x07,0x42,0x07,0x42,0x07,0x42,0x07,0x42,
    0xff,0x07,0x42,0x07,0x3a,0x07,0x42,0x07,0x42,0x07,0x42,0x07,0x42,0x07,0x42,0x07,
    0x42,0x07,0x42,0x07,0x42,0x07,0x42,0x07,0x42,0x07,0x42,0x07,0x42,0x07,0x42,0x07,
    0x42,0x07,0x42,0x07,0x42,0x06,0x42,0x07,0x42,0x07,0x42,0x07,0x42,0x07,0x42,0x07,
    0x42,0x07,0x42,0x07,0x42,0x07,0x42,0x07,0x42,0x07,0x42,0x07,0x42,0x07,0x42,0x07,
    0x42,0x06,0x42,0x07,0x42,0x06,0x3a,0x06,0x42,0x06,0x42,0x07,0x42,0x07,0x42,0x07,
    0x42,0x06,0x3a,0x07,0x42,0x06,0x3a,0x07,0x42,0x06,0x3a,0x07,0x42,0x06,0x3a,0x06,
    0x42,0x06,0x42,0x07,0x42,0x07,0x3a,0x06,0x42,0x06,0x3a,0x06,0x3a,0x06,0x3a,0x06,
    0x3a,0x06,0x42,0xe6,0x39,0x06,0x3a,0x06,0x3a,0x06,0x42,0x06,0x3a,0xe6,0x39,0x06,
    0x3a,0x06,0x42,0x6b,0x73,0x72,0xbd,0x72,0xbd,0x72,0xbd,0x72,0xbd,0x72,0xbd,0x72,
    0xbd,0x72,0xbd,0x72,0xbd,0x72,0xbd,0x72,0xbd,0x52,0xb5,0x52,0xb5,0x52,0xb5,0x52,
    0xb5,0x52,0xb5,0x52,0xb5,0x32,0xb5,0x32,0xb5,0x31,0xb5,0x11,0xb5,0x11,0xad,0x11,
    0xad,0xf1,0xac,0xf0,0xac,0xf0,0xac,0xf0,0xac,0xd0,0xa4,0xd0,0xa4,0xd0,0xa4,0xb0,
    0xa4,0xaf,0xa4,0xaf,0xa4,0xaf,0xa4,0x2e,0x8c,0x2b,0x6b,0xc9,0x5a,0x68,0x52,0x27,
    0x4a,0xe6,0x41,0xa6,0x39,0x65,0x31,0x24,0x29,0x03,0x21,0xc2,0x18,0xa2,0x10,0x81,
    0x10,0x61,0x08,0x41,0x08,0x00,0x00,0x20,0x00,0x20,0x00,0x41,0x08,0x61,0x08,0x82,
    0x10,0xa2,0x10,0xc2,0x18,0x03,0x21,0x24,0x29,0x65,0x31,0xa6,0x39,0xe7,0x41,0xa8,
    0x27,0x4a,0x88,0x52,0xc9,0x5a,0x2b,0x6b,0x2e,0x8c,0xd0,0xa4,0xd0,0xa4,0xd0,0xa4,
    0xd0,0xa4,0xf1,0xac,0xf1,0xac,0xf1,0xac,0x11,0xad,0x11,0xad,0x11,0xad,0x51,0xad,
    0x91,0xa5,0xf0,0x95,0xcd,0x75,0x69,0x3d,0x6a,0x46,0x0c,0x5e,0x6e,0x65,0xa9,0x3c,
    0x26,0x1c,0x05,0x14,0x46,0x14,0x28,0x35,0x6a,0x46,0xea,0x45,0xed,0x6d,0x10,0x96,
    0xd2,0xad,0x92,0xb5,0x73,0xb5,0x73,0xbd,0x73,0xbd,0x90,0x9c,0xc9,0x5a,0x27,0x42,
    0x1a,0x27,0x42,0xff,0x47,0x42,0x27,0x42,0x07,0x42,0x85,0x31,0x03,0x21,0x44,0x29,
    0xa5,0x31,0xa6,0x51,0xc7,0x69,0x03,0x51,0x03,0x49,0x85,0x41,0xc6,0x39,0xe6,0x39,
    0xe6,0x39,0x07,0x42,0x27,0x42,0x27,0x42,0x27,0x42,0x27,0x42,0x27,0x42,0x27,0x42,
    0x27,0x42,0x27,0x42,0x27,0x42,0x27,0x42,0x27,0x42,0x27,0x42,0x27,0x42,0x27,0x42,
    0x07,0x42,0x27,0x42,0x27,0x42,0x27,0x42,0x27,0x42,0x27,0x42,0x27,0x42,0x27,0x42,
    0x27,0x42,0x27,0x42,0x27,0x42,0x27,0x42,0x27,0x42,0x27,0x42,0x27,0x42,0x27,0x42,
    0x27,0x42,0x27,0x42,0x07,0x42,0x64,0x21,0x03,0x19,0x03,0x19,0x03,0x19,0x03,0x19,
    0x23,0x19,0x03,0x19,0x03,0x19,0x23,0x19,0x03,0x19,0x23,0x19,0x23,0x19,0x23,0x19,
    0x23,0x19,0x03,0x19,0x03,0x19,0x23,0x19,0x23,0x19,0x23,0x19,0x03,0x19,0x03,0x19,
    0x03,0x19,0x23,0x19,0x03,0x19,0x03,0x19,0x03,0x19,0x03,0x19,0x03,0x19,0x03,0x19,
    0x03,0x19,0x02,0x19,0x03,0x19,0x23,0x19,0x03,0x19,0x03,0x19,0x03,0x19,0x02,0x11,
    0x23,0x19,0x03,0x19,0x02,0x19,0x02,0x19,0x03,0x19,0x03,0x19,0x03,0x19,0x03,0x19,
    0x03,0x19,0x03,0x19,0x03,0x19,0x03,0x19,0x03,0x19,0x03,0x19,0x02,0x11,0x02,0x11,
    0x23,0x19,0x03,0x19,0x02,0x19,0x03,0x19,0x03,0x19,0x02,0x19,0x03,0x19,0x03,0x19,
    0x03,0x19,0x03,0x19,0x03,0x19,0x03,0x19,0x02,0x19,0x03,0x19,0x84,0x29,0x06,0x3a,
    0x07,0x42,0x07,0x42,0x07,0x42,0x06,0x3a,0x07,0x42,0x06,0x42,0x07,0x42,0x07,0x3a,
    0x07,0x42,0xff,0x07,0x42,0x06,0x42,0x07,0x42,0x07,0x42,0x07,0x42,0x07,0x42,0x07,
    0x42,0x07,0x3a,0x07,0x42,0x07,0x42,0x07,0x42,0x07,0x42,0x07,0x42,0x07,0x42,0x07,
    0x42,0x07,0x42,0x07,0x42,0x07,0x42,0x07,0x3a,0x07,0x42,0x07,0x42,0x07,0x42,0x06,
    0x42,0x07,0x42,0x07,0x3a,0x07,0x42,0x06,0x3a,0x07,0x42,0x07,0x42,0x07,0x42,0x06,
    0x3a,0x07,0x42,0x07,0x42,0x07,0x42,0x07,0x42,0xe6,0x39,0x06,0x3a,0x06,0x3a,0x06,
    0x42,0x06,0x42,0x06,0x3a,0x07,0x42,0x06,0x42,0x06,0x42,0x06,0x42,0x06,0x3a,0xe6,
    0x39,0x06,0x3a,0x06,0x42,0x06,0x3a,0x06,0x3a,0x06,0x3a,0x06,0x3a,0xe6,0x39,0x06,
    0x42,0x07,0x42,0xe6,0x39,0x06,0x42,0xe6,0x39,0xe6,0x39,0x06,0x42,0x06,0x42,0xe6,
    0x39,0x06,0x42,0xe6,0x39,0x4b,0x6b,0x72,0xbd,0x72,0xbd,0x72,0xbd,0x72,0xbd,0x72,
    0xbd,0x72,0xbd,0x72,0xbd,0x72,0xbd,0x72,0xbd,0x72,0xbd,0x52,0xb5,0x52,0xb5,0x52,
    0xb5,0x52,0xb5,0x52,0xb5,0x52,0xb5,0x32,0xb5,0x31,0xb5,0x31,0xb5,0x11,0xad,0x11,
    0xad,0x11,0xad,0xf1,0xac,0xf0,0xac,0xf0,0xac,0xf0,0xac,0xd0,0xa4,0xd0,0xa4,0xb0,
    0xa4,0xaf,0xa4,0xaf,0xa4,0xaf,0xa4,0xaf,0xa4,0x0e,0x8c,0x2b,0x6b,0xa9,0x5a,0x68,
    0x52,0x27,0x4a,0xe6,0x41,0xa6,0x39,0x65,0x31,0x24,0x29,0xe3,0x20,0xc2,0x18,0xa2,
    0x10,0x81,0x10,0x41,0x08,0x41,0x08,0x00,0x00,0x20,0x00,0x20,0x00,0x40,0x08,0x61,
    0x08,0x81,0x10,0xa2,0x10,0xc2,0x18,0x03,0x21,0x24,0x29,0x65,0x31,0xa6,0x39,0xe6,
    0x41,0xf5,0x27,0x4a,0x88,0x52,0xa9,0x5a,0x2b,0x6b,0x2e,0x8c,0xd0,0xa4,0xd0,0xa4,
    0xd0,0xa4,0xd0,0xa4,0xd0,0xa4,0xf1,0xac,0xf1,0xac,0xf1,0xac,0x11,0xad,0x31,0xad,
    0x51,0xa5,0xb1,0x9d,0x10,0x96,0x2a,0x55,0xc9,0x3d,0x6b,0x4e,0x8e,0x65,0xcb,0x4c,
    0x07,0x24,0xa5,0x13,0xa4,0x0b,0x46,0x14,0xce,0x65,0x0a,0x46,0x2a,0x46,0xab,0x5d,
    0x10,0x8e,0xf1,0xa5,0x92,0xb5,0x72,0xb5,0x73,0xbd,0x73,0xbd,0x8f,0x9c,0xa9,0x5a,
    0x27,0x42,0x27,0x42,0x27,0x42,0x27,0x42,0x27,0x42,0x27,0x42,0x27,0x42,0x27,0x42,
    0x27,0x42,0x27,0x42,0x27,0x42,0x07,0x42,0x27,0x42,0x27,0x42,0x27,0x42,0x27,0x42,
    0x27,0x42,0x27,0x42,0x27,0x42,0x27,0x42,0x27,0x42,0x27,0x42,0x27,0x42,0x27,0x42,
    0x27,0x42,0x47,0x42,0x27,0x42,0x27,0x42,0x27,0x42,0x07,0x3a,0x44,0x29,0xe3,0x18,
    0x24,0x21,0x65,0x41,0xe7,0x71,0x45,0x61,0xc3,0x50,0xc3,0x58,0x65,0x59,0xc6,0x41,
    0xe6,0x39,0xe6,0x39,0x06,0x3a,0x27,0x42,0x27,0x42,0x27,0x42,0x27,0x42,0x27,0x42,
    0x27,0x42,0x27,0x42,0x27,0x42,0x27,0x42,0x07,0x42,0x27,0x42,0x27,0x42,0x07,0x42,
    0x27,0x42,0x27,0x42,0x27,0x42,0x48,0x42,0x27,0x42,0x27,0x42,0x27,0x42,0x27,0x42,
    0x27,0x42,0x27,0x42,0x07,0x42,0x27,0x42,0x27,0x42,0x27,0x42,0x27,0x42,0x27,0x42,
    0x27,0x42,0x07,0x42,0x27,0x42,0x27,0x42,0x64,0x21,0x23,0x19,0x22,0x23,0x19,0xff,
    0x03,0x19,0x23,0x19,0x03,0x19,0x23,0x19,0x23,0x19,0x23,0x19,0x23,0x19,0x23,0x19,
    0x23,0x19,0x23,0x19,0x23,0x19,0x23,0x19,0x03,0x19,0x23,0x19,0x23,0x19,0x03,0x19,
    0x03,0x19,0x23,0x19,0x23,0x19,0x23,0x19,0x23,0x19,0x23,0x19,0x23,0x19,0x03,0x19,
    0x23,0x19,0x03,0x19,0x23,0x19,0x02,0x19,0x23,0x19,0x23,0x19,0x23,0x19,0x85,0x29,
    0x06,0x3a,0x07,0x42,0x07,0x42,0x07,0x42,0x06,0x42,0x07,0x42,0x07,0x42,0x07,0x42,
    0x07,0x42,0x07,0x42,0x07,0x42,0x06,0x3a,0x07,0x42,0x07,0x42,0x07,0x42,0x07,0x42,
    0x07,0x42,0x07,0x42,0x07,0x42,0x06,0x3a,0x07,0x42,0x06,0x42,0x07,0x42,0x07,0x42,
    0x06,0x42,0x07,0x42,0x07,0x42,0x07,0x42,0x07,0x42,0x06,0x3a,0x07,0x42,0x06,0x42,
    0x07,0x42,0x06,0x3a,0x07,0x42,0x06,0x3a,0x06,0x3a,0x07,0x42,0x06,0x42,0x07,0x42,
    0x06,0x3a,0xe6,0x39,0x07,0x42,0x06,0x3a,0x07,0x42,0x06,0x3a,0x06,0x42,0x06,0x3a,
    0x06,0x3a,0x06,0x42,0xe6,0x39,0x06,0x3a,0x07,0x42,0x06,0x3a,0x07,0x42,0xe6,0x39,
    0x06,0x3a,0xe6,0x39,0xe6,0x39,0x06,0x3a,0x06,0x3a,0x06,0x3a,0x06,0x3a,0x06,0x3a,
    0xe6,0x39,0x06,0x42,0xe6,0x39,0x06,0x42,0xe6,0x39,0x06,0x3a,0x06,0x3a,0x06,0x42,
    0xe6,0x39,0x07,0x42,0xe6,0x39,0x6b,0x73,0x72,0xbd,0x72,0xbd,0x72,0xbd,0x72,0xbd,
    0x72,0xbd,0x72,0xbd,0x72,0xbd,0x72,0xbd,0x72,0xbd,0x52,0xb5,0x52,0xb5,0x52,0xb5,
    0x52,0xb5,0x52,0xb5,0x52,0xb5,0x32,0xb5,0x32,0xb5,0x31,0xb5,0x31,0xb5,0xff,0x11,
    0xad,0x11,0xad,0x11,0xad,0xf0,0xac,0xf0,0xac,0xf0,0xac,0xd0,0xac,0xd0,0xa4,0xd0,
    0xa4,0xb0,0xa4,0xaf,0xa4,0xaf,0xa4,0xaf,0xa4,0xaf,0xa4,0x0e,0x8c,0x2b,0x6b,0xa9,
    0x5a,0x68,0x52,0x27,0x4a,0xe6,0x41,0xa5,0x39,0x65,0x31,0x24,0x29,0xe3,0x20,0xc2,
    0x18,0xa2,0x10,0x61,0x10,0x41,0x08,0x40,0x08,0x00,0x00,0x00,0x00,0x20,0x00,0x40,
    0x08,0x61,0x08,0x81,0x10,0xa2,0x10,0xc2,0x18,0xe3,0x20,0x24,0x29,0x65,0x31,0xa5,
    0x39,0xe6,0x41,0x27,0x4a,0x68,0x52,0xa9,0x5a,0x0a,0x6b,0x0e,0x8c,0xd0,0xa4,0xd0,
    0xa4,0xd0,0xa4,0xd0,0xa4,0xd0,0xa4,0xd0,0xa4,0xf1,0xac,0xf1,0xac,0xf1,0xac,0x11,
    0xad,0x51,0xa5,0xb1,0x9d,0x10,0x96,0xa8,0x3c,0xe9,0x3d,0x4b,0x4e,0x2d,0x5d,0x29,
    0x34,0x85,0x13,0x44,0x0b,0x43,0x0b,0x05,0x0c,0xce,0x5d,0x4c,0x56,0x6a,0x46,0xab,
    0x55,0xef,0x85,0xf1,0xa5,0x92,0xad,0x73,0xb5,0x73,0xbd,0x73,0xbd,0x8f,0x9c,0xa9,
    0x52,0x27,0x42,0x27,0x42,0x27,0x42,0x07,0x42,0x27,0x42,0x27,0x42,0x27,0x42,0x27,
    0x42,0x27,0x42,0x47,0x42,0x07,0x42,0x27,0x42,0x27,0x42,0x27,0x42,0x27,0x42,0x27,
    0x42,0x27,0x42,0x27,0x42,0x27,0x42,0x27,0x42,0x27,0x42,0x27,0x42,0x27,0x42,0x27,
    0x42,0x27,0x42,0x27,0x42,0x27,0x42,0x27,0x42,0x07,0x42,0xe6,0x39,0x24,0x21,0x03,
    0x19,0x44,0x21,0x65,0x51,0x86,0x71,0xa2,0x50,0x82,0x50,0xe3,0x58,0xa6,0x69,0xc6,
    0x49,0xc6,0x39,0xc6,0x39,0xe6,0x39,0x07,0x42,0x27,0x42,0x27,0x42,0xcf,0x27,0x42,
    0x27,0x42,0x27,0x42,0x27,0x42,0x07,0x42,0x47,0x42,0x07,0x42,0x27,0x42,0x27,0x42,
    0x27,0x42,0x27,0x42,0x27,0x42,0x07,0x42,0x47,0x42,0x07,0x42,0x27,0x42,0x27,0x42,
    0x27,0x42,0x27,0x42,0x27,0x42,0x27,0x42,0x27,0x42,0x07,0x42,0x27,0x42,0x27,0x42,
    0x07,0x42,0x07,0x42,0x07,0x42,0x07,0x42,0x27,0x42,0x84,0x29,0x23,0x19,0x23,0x19,
    0x23,0x19,0x43,0x19,0x23,0x19,0x23,0x19,0x23,0x19,0x43,0x21,0x23,0x19,0x23,0x19,
    0x23,0x19,0x23,0x19,0x23,0x19,0x23,0x19,0x23,0x19,0x43,0x19,0x23,0x19,0x23,0x19,
    0x23,0x19,0x43,0x19,0x43,0x21,0x23,0x19,0x23,0x19,0x43,0x19,0x23,0x19,0x23,0x19,
    0x23,0x19,0x23,0x19,0x43,0x19,0x23,0x19,0x43,0x19,0x23,0x19,0x23,0x19,0x23,0x19,
    0x23,0x19,0x23,0x19,0x23,0x19,0x23,0x19,0x23,0x19,0x23,0x19,0x23,0x19,0x23,0x19,
    0x23,0x19,0x23,0x19,0x23,0x19,0x23,0x19,0x03,0x19,0x23,0x19,0x12,0x23,0x19,0xff,
    0x85,0x29,0x06,0x3a,0x06,0x42,0x07,0x42,0x07,0x42,0x07,0x42,0x07,0x42,0x07,0x42,
    0x07,0x42,0x07,0x42,0x06,0x3a,0x07,0x42,0x06,0x3a,0x06,0x3a,0x07,0x42,0x07,0x42,
    0x07,0x42,0x06,0x3a,0x07,0x42,0xe6,0x39,0x06,0x42,0x07,0x42,0x06,0x42,0x07,0x42,
    0x07,0x42,0x06,0x42,0x07,0x42,0x06,0x3a,0x06,0x42,0x07,0x42,0x06,0x3a,0x07,0x42,
    0x07,0x42,0x07,0x42,0x06,0x3a,0x06,0x42,0x06,0x3a,0x06,0x3a,0x07,0x42,0x06,0x42,
    0x07,0x42,0x07,0x42,0xe6,0x39,0x07,0x42,0x06,0x42,0xe6,0x39,0x06,0x3a,0x06,0x3a,
    0xe6,0x39,0xe6,0x39,0x06,0x42,0x06,0x3a,0xe6,0x39,0x07,0x42,0xe6,0x39,0x06,0x3a,
    0x06,0x42,0x07,0x42,0xe6,0x39,0x06,0x42,0x06,0x3a,0x06,0x42,0x07,0x42,0x06,0x3a,
    0xe6,0x39,0x06,0x42,0x06,0x3a,0xe6,0x39,0x06,0x42,0xe6,0x39,0x06,0x3a,0xe6,0x39,
    0xe6,0x39,0xe6,0x39,0x06,0x3a,0xe6,0x39,0x6b,0x73,0x72,0xbd,0x72,0xbd,0x72,0xbd,
    0x72,0xbd,0x72,0xbd,0x72,0xbd,0x72,0xbd,0x72,0xbd,0x52,0xb5,0x52,0xb5,0x52,0xb5,
    0x52,0xb5,0x52,0xb5,0x52,0xb5,0x52,0xb5,0x32,0xb5,0x32,0xb5,0x31,0xb5,0x11,0xb5,
    0x11,0xad,0x11,0xad,0xf1,0xac,0xf0,0xac,0xf0,0xac,0xf0,0xac,0xd0,0xa4,0xd0,0xa4,
    0xd0,0xa4,0xb0,0xa4,0xaf,0xa4,0xaf,0xa4,0xaf,0xa4,0xaf,0xa4,0x0e,0x8c,0x2b,0x6b,
    0xa9,0x5a,0x68,0x52,0x27,0x42,0xc6,0x39,0xa5,0x31,0x65,0x29,0x24,0x21,0xe3,0x20,
    0xc2,0x18,0xa2,0x10,0x61,0x10,0x41,0x08,0x40,0x08,0x00,0x00,0x00,0x00,0xff,0x20,
    0x00,0x40,0x08,0x41,0x08,0x81,0x10,0xa2,0x10,0xc2,0x18,0xe3,0x20,0x24,0x29,0x65,
    0x31,0xa5,0x39,0xe6,0x41,0x27,0x4a,0x68,0x52,0xa9,0x5a,0x0a,0x6b,0x0d,0x8c,0xb0,
    0xa4,0xd0,0xa4,0xd0,0xa4,0xd0,0xa4,0xd0,0xa4,0xd0,0xa4,0xf1,0xac,0xf1,0xac,0xf1,
    0xac,0x11,0xad,0x51,0xa5,0xb0,0x9d,0x10,0x96,0xa8,0x3c,0xe9,0x3d,0x0a,0x46,0x27,
    0x2c,0x65,0x13,0x44,0x0b,0x23,0x0b,0x23,0x0b,0xc5,0x0b,0x6a,0x3d,0x4b,0x4e,0x6a,
    0x46,0x8a,0x55,0xef,0x85,0xf1,0xa5,0x92,0xad,0x72,0xb5,0x72,0xbd,0x73,0xbd,0x8f,
    0x94,0xa9,0x52,0x27,0x42,0x27,0x42,0x07,0x42,0x27,0x42,0x47,0x42,0x27,0x42,0x27,
    0x42,0x07,0x42,0x27,0x42,0x27,0x42,0x27,0x42,0x27,0x42,0x27,0x42,0x27,0x42,0x27,
    0x42,0x27,0x42,0x27,0x42,0x27,0x42,0x27,0x42,0x27,0x42,0x27,0x42,0x27,0x42,0x27,
    0x42,0x27,0x42,0x07,0x42,0x27,0x42,0x48,0x42,0x07,0x42,0x27,0x42,0xe6,0x39,0x24,
    0x21,0xe3,0x18,0x24,0x21,0xe3,0x48,0xa2,0x50,0x61,0x48,0x61,0x48,0xa2,0x50,0x65,
    0x61,0xc6,0x49,0xc6,0x39,0x85,0x31,0xe6,0x39,0x27,0x42,0x27,0x42,0x07,0x42,0x27,
    0x42,0x27,0x42,0x27,0x42,0x07,0x42,0x27,0x42,0x27,0x42,0x07,0x42,0x27,0x42,0x27,
    0x42,0x27,0x42,0x07,0x42,0x27,0x42,0x07,0x42,0x27,0x42,0x27,0x42,0x27,0x42,0x27,
    0x42,0x27,0x42,0x07,0x42,0x27,0x42,0x07,0x42,0x07,0x42,0x27,0x42,0x27,0x42,0x27,
    0x42,0x27,0x42,0x07,0x42,0x07,0x42,0x07,0x42,0x07,0x42,0x85,0x29,0xff,0x44,0x21,
    0x43,0x19,0x43,0x21,0x44,0x21,0x23,0x19,0x23,0x19,0x44,0x21,0x43,0x21,0x43,0x19,
    0x43,0x19,0x23,0x19,0x43,0x19,0x43,0x19,0x43,0x21,0x23,0x19,0x44,0x21,0x23,0x19,
    0x23,0x19,0x23,0x19,0x23,0x19,0x44,0x21,0x23,0x19,0x43,0x21,0x23,0x19,0x23,0x19,
    0x43,0x19,0x43,0x19,0x43,0x19,0x23,0x19,0x43,0x21,0x44,0x21,0x43,0x19,0x23,0x19,
    0x23,0x19,0x23,0x19,0x43,0x19,0x43,0x21,0x44,0x21,0x23,0x19,0x23,0x19,0x43,0x19,
    0x43,0x19,0x23,0x19,0x23,0x19,0x23,0x19,0x23,0x19,0x23,0x19,0x23,0x19,0x23,0x19,
    0x23,0x19,0x23,0x19,0x23,0x19,0x23,0x19,0x23,0x19,0x23,0x19,0x44,0x21,0x23,0x19,
    0x23,0x19,0x23,0x19,0x43,0x19,0x23,0x19,0x23,0x19,0x23,0x19,0x23,0x19,0x23,0x19,
    0x23,0x19,0xa5,0x29,0x06,0x3a,0x07,0x42,0x07,0x42,0x07,0x42,0x07,0x42,0x07,0x42,
    0x07,0x42,0x07,0x42,0xe6,0x39,0x07,0x3a,0x07,0x42,0x27,0x42,0x07,0x42,0x07,0x42,
    0x07,0x42,0x07,0x42,0x07,0x42,0x06,0x3a,0x07,0x42,0x07,0x42,0x06,0x3a,0x07,0x42,
    0x07,0x42,0x07,0x42,0x06,0x42,0x07,0x42,0xe6,0x39,0x07,0x42,0x06,0x42,0x07,0x42,
    0x07,0x42,0x07,0x42,0x06,0x3a,0x07,0x42,0x07,0x42,0x07,0x42,0x06,0x3a,0x06,0x3a,
    0x07,0x42,0x07,0x42,0x07,0x42,0x07,0x42,0x06,0x3a,0x06,0x42,0x06,0x42,0x06,0x42,
    0x06,0x3a,0x06,0x3a,0x07,0x42,0x06,0x42,0x07,0x42,0x06,0x3a,0x06,0x42,0xe6,0x39,
    0x06,0x3a,0x06,0x3a,0xe6,0x39,0x06,0x3a,0x07,0x42,0x06,0x3a,0xff,0xe6,0x39,0xe6,
    0x39,0x06,0x3a,0xe6,0x39,0xe6,0x39,0xe6,0x39,0x06,0x3a,0x06,0x42,0xe6,0x39,0x06,
    0x3a,0xe6,0x39,0x06,0x3a,0xe6,0x39,0xe6,0x39,0xe6,0x39,0x4b,0x6b,0x72,0xbd,0x72,
    0xbd,0x72,0xbd,0x72,0xbd,0x72,0xbd,0x72,0xbd,0x72,0xbd,0x72,0xbd,0x52,0xb5,0x52,
    0xb5,0x52,0xb5,0x52,0xb5,0x52,0xb5,0x52,0xb5,0x32,0xb5,0x32,0xb5,0x31,0xb5,0x31,
    0xb5,0x11,0xad,0x11,0xad,0x11,0xad,0xf1,0xac,0xf0,0xac,0xf0,0xac,0xd0,0xac,0xd0,
    0xa4,0xd0,0xa4,0xb0,0xa4,0xaf,0xa4,0xaf,0xa4,0xaf,0xa4,0xaf,0xa4,0xaf,0xa4,0x0e,
    0x8c,0x0a,0x6b,0xa9,0x5a,0x48,0x52,0x07,0x42,0xc6,0x39,0xa5,0x31,0x65,0x29,0x24,
    0x21,0xe3,0x20,0xc2,0x18,0x82,0x10,0x61,0x10,0x41,0x08,0x40,0x08,0x00,0x00,0x00,
    0x00,0x20,0x00,0x40,0x08,0x41,0x08,0x81,0x10,0xa2,0x10,0xc2,0x18,0xe3,0x20,0x24,
    0x21,0x64,0x29,0xa5,0x31,0xe6,0x41,0x27,0x4a,0x68,0x52,0xa9,0x5a,0x0a,0x63,0xed,
    0x83,0xb0,0xa4,0xd0,0xa4,0xd0,0xa4,0xd0,0xa4,0xd0,0xa4,0xf1,0xa4,0xd0,0xa4,0xf1,
    0xac,0xf1,0xac,0x11,0xad,0x31,0xa5,0x90,0x9d,0x10,0x96,0xc9,0x44,0xa9,0x3d,0x6b,
    0x4e,0xa8,0x34,0x86,0x1b,0x45,0x13,0x24,0x0b,0x24,0x0b,0xc5,0x13,0x4c,0x46,0x8c,
    0x56,0x2a,0x46,0x8b,0x55,0xef,0x8d,0xd1,0xa5,0x92,0xb5,0x72,0xb5,0x73,0xbd,0x72,
    0xbd,0x6f,0x94,0xa9,0x52,0x27,0x42,0x07,0x42,0x27,0x42,0x27,0x42,0x27,0x42,0x27,
    0x42,0x27,0x42,0x27,0x42,0x27,0x42,0x27,0x42,0x27,0x42,0xff,0x27,0x42,0x27,0x42,
    0x27,0x42,0x07,0x42,0x27,0x42,0x07,0x42,0x27,0x42,0x27,0x42,0x27,0x42,0x47,0x42,
    0x27,0x42,0x27,0x42,0x07,0x42,0x27,0x42,0x07,0x42,0x27,0x42,0x07,0x42,0x27,0x42,
    0xe7,0x39,0x24,0x21,0xc3,0x18,0x03,0x21,0x24,0x41,0xc3,0x50,0x82,0x50,0x61,0x48,
    0xe3,0x58,0xe7,0x69,0xe6,0x49,0xa5,0x31,0x65,0x29,0xe6,0x39,0x27,0x42,0x07,0x42,
    0x27,0x42,0x07,0x42,0x27,0x42,0x27,0x42,0x27,0x42,0x07,0x42,0x27,0x42,0x27,0x42,
    0x27,0x42,0x27,0x42,0x27,0x42,0x27,0x42,0x27,0x42,0x07,0x42,0x07,0x42,0x27,0x42,
    0x27,0x42,0x07,0x42,0x07,0x42,0x27,0x42,0x07,0x42,0x07,0x42,0x27,0x42,0x27,0x42,
    0x27,0x42,0x27,0x42,0x07,0x42,0x07,0x42,0x27,0x42,0x07,0x42,0x07,0x42,0x85,0x29,
    0x44,0x21,0x44,0x21,0x44,0x21,0x44,0x21,0x64,0x21,0x44,0x21,0x44,0x21,0x44,0x21,
    0x44,0x21,0x43,0x21,0x23,0x19,0x44,0x21,0x44,0x21,0x64,0x21,0x43,0x21,0x44,0x21,
    0x44,0x21,0x44,0x21,0x44,0x21,0x43,0x21,0x44,0x21,0x43,0x21,0x44,0x21,0x44,0x21,
    0x44,0x21,0x44,0x21,0x43,0x21,0x43,0x21,0x43,0x19,0x43,0x21,0x44,0x21,0x43,0x21,
    0x44,0x21,0x43,0x21,0x44,0x21,0x43,0x21,0x43,0x21,0x43,0x21,0x44,0x21,0x23,0x19,
    0x43,0x21,0x43,0x21,0x23,0x19,0x43,0x21,0x43,0x21,0x43,0x21,0x44,0x21,0x43,0x21,
    0x44,0x21,0x44,0x21,0x43,0x21,0x23,0x19,0x43,0x21,0x23,0x19,0x23,0x19,0x43,0x21,
    0x43,0x19,0x43,0x21,0x43,0x21,0x43,0x21,0x44,0x21,0xff,0x23,0x19,0x23,0x19,0x23,
    0x19,0x43,0x21,0x43,0x21,0x85,0x29,0x06,0x3a,0x07,0x3a,0x06,0x3a,0x06,0x3a,0x07,
    0x42,0x07,0x42,0x07,0x42,0x07,0x42,0x07,0x42,0x07,0x42,0x07,0x42,0x07,0x42,0xe6,
    0x39,0x06,0x42,0x06,0x3a,0x06,0x42,0x07,0x42,0x07,0x42,0x06,0x3a,0x07,0x42,0x06,
    0x3a,0x06,0x3a,0x07,0x3a,0x07,0x42,0x06,0x3a,0x07,0x3a,0xe6,0x39,0x07,0x42,0x07,
    0x42,0x06,0x3a,0xe6,0x39,0x06,0x42,0xe6,0x39,0x06,0x3a,0x06,0x3a,0xe6,0x39,0x06,
    0x42,0x06,0x42,0x07,0x42,0x07,0x42,0x07,0x42,0x07,0x42,0xe6,0x39,0x06,0x42,0x06,
    0x3a,0xe6,0x39,0x06,0x42,0x06,0x3a,0x06,0x3a,0x06,0x3a,0x06,0x3a,0xe6,0x39,0x06,
    0x42,0x06,0x3a,0xe6,0x39,0xe6,0x39,0x06,0x42,0xe6,0x39,0xe6,0x39,0x07,0x42,0x06,
    0x3a,0x06,0x3a,0x06,0x42,0x07,0x3a,0xe6,0x39,0x06,0x3a,0x06,0x3a,0xe6,0x39,0x06,
    0x3a,0xe6,0x39,0xe6,0x39,0xe6,0x39,0xe6,0x39,0xe6,0x39,0x06,0x42,0x6b,0x73,0x72,
    0xbd,0x72,0xbd,0x72,0xbd,0x72,0xbd,0x72,0xbd,0x72,0xbd,0x72,0xbd,0x52,0xb5,0x52,
    0xb5,0x52,0xb5,0x52,0xb5,0x52,0xb5,0x52,0xb5,0x32,0xb5,0x32,0xb5,0x32,0xb5,0x31,
    0xb5,0x31,0xb5,0x11,0xad,0x11,0xad,0xf1,0xac,0xf0,0xac,0xf0,0xac,0xf0,0xac,0xd0,
    0xa4,0xd0,0xa4,0xd0,0xa4,0xb0,0xa4,0xaf,0xa4,0xaf,0xa4,0xaf,0xa4,0xaf,0xa4,0xaf,
    0xa4,0xed,0x8b,0x0a,0x63,0xa9,0x5a,0x48,0x4a,0x07,0x42,0xc6,0x39,0xa5,0x31,0x64,
    0x29,0x24,0x21,0xe3,0x18,0xc2,0x18,0x82,0x10,0xff,0x61,0x08,0x41,0x08,0x40,0x08,
    0x00,0x00,0x00,0x00,0x20,0x00,0x40,0x08,0x41,0x08,0x61,0x10,0xa2,0x10,0xc2,0x18,
    0xe3,0x18,0x24,0x21,0x64,0x29,0xa5,0x31,0xe6,0x39,0x27,0x4a,0x68,0x52,0xa9,0x5a,
    0x0a,0x63,0xed,0x83,0xb0,0xa4,0xb0,0xa4,0xd0,0xa4,0xd0,0xa4,0xd0,0xa4,0xd0,0xa4,
    0xd0,0xa4,0xf0,0xac,0xf1,0xac,0x11,0xad,0x31,0xa5,0x70,0xa5,0xd0,0x95,0x6c,0x6d,
    0x28,0x3d,0x4a,0x46,0xea,0x4d,0x88,0x34,0xc6,0x23,0x85,0x13,0x85,0x13,0xe7,0x24,
    0x2d,0x5f,0xab,0x4e,0xa9,0x45,0x8c,0x65,0xf0,0x95,0xd2,0xad,0x92,0xb5,0x72,0xb5,
    0x73,0xbd,0x72,0xbd,0x8f,0x9c,0xa9,0x52,0x27,0x42,0x07,0x42,0x27,0x42,0x27,0x42,
    0x27,0x42,0x27,0x42,0x27,0x42,0x27,0x42,0x27,0x42,0x27,0x42,0x27,0x42,0x07,0x42,
    0x27,0x42,0x27,0x42,0x07,0x42,0x07,0x42,0x27,0x42,0x27,0x42,0x27,0x42,0x27,0x42,
    0x27,0x42,0x27,0x42,0x27,0x42,0x27,0x42,0x27,0x42,0x27,0x42,0x07,0x42,0x27,0x42,
    0x27,0x42,0x07,0x3a,0x65,0x29,0xe3,0x18,0xc3,0x18,0x03,0x21,0x04,0x41,0xe3,0x48,
    0xa2,0x48,0x24,0x51,0xc6,0x51,0xa6,0x39,0x44,0x29,0x44,0x29,0x07,0x42,0x07,0x42,
    0x27,0x42,0x07,0x42,0x07,0x42,0x07,0x42,0x27,0x42,0x27,0x42,0x07,0x42,0x07,0x42,
    0x07,0x42,0x07,0x42,0x07,0x42,0x27,0x42,0x07,0x42,0x27,0x42,0x07,0x42,0x27,0x42,
    0x07,0x42,0x07,0x42,0x07,0x42,0x07,0x42,0x07,0x42,0x07,0x42,0x07,0x42,0x27,0x42,
    0x07,0x42,0x07,0x42,0x07,0x42,0x07,0x42,0xff,0x07,0x42,0x07,0x42,0x07,0x42,0x27,
    0x42,0xa5,0x29,0x44,0x21,0x64,0x21,0x64,0x21,0x44,0x21,0x64,0x21,0x44,0x21,0x64,
    0x21,0x44,0x21,0x64,0x21,0x64,0x21,0x64,0x21,0x44,0x21,0x64,0x21,0x44,0x21,0x44,
    0x21,0x64,0x21,0x44,0x21,0x44,0x21,0x44,0x21,0x44,0x21,0x44,0x21,0x64,0x21,0x44,
    0x21,0x44,0x21,0x64,0x21,0x44,0x21,0x44,0x21,0x64,0x21,0x44,0x21,0x64,0x21,0x44,
    0x21,0x44,0x21,0x44,0x21,0x44,0x21,0x44,0x21,0x44,0x21,0x44,0x21,0x44,0x21,0x44,
    0x21,0x44,0x21,0x44,0x21,0x44,0x21,0x44,0x21,0x44,0x21,0x43,0x21,0x44,0x21,0x44,
    0x21,0x44,0x21,0x44,0x21,0x44,0x21,0x44,0x21,0x44,0x21,0x44,0x21,0x44,0x21,0x43,
    0x21,0x44,0x21,0x44,0x21,0x44,0x21,0x44,0x21,0x44,0x21,0x44,0x21,0x44,0x21,0x44,
    0x21,0x44,0x21,0x44,0x21,0x43,0x21,0xa5,0x31,0xe6,0x39,0x06,0x3a,0x06,0x42,0x06,
    0x42,0x06,0x42,0x06,0x3a,0x06,0x3a,0x06,0x42,0x07,0x3a,0x06,0x3a,0x07,0x3a,0x07,
    0x42,0x06,0x42,0x06,0x42,0x06,0x3a,0x06,0x42,0x06,0x42,0x06,0x3a,0x07,0x42,0x06,
    0x3a,0x07,0x42,0x06,0x42,0x06,0x3a,0x06,0x3a,0x07,0x3a,0xe6,0x39,0x06,0x3a,0x07,
    0x42,0xe6,0x39,0x06,0x3a,0x06,0x3a,0x07,0x3a,0x06,0x3a,0xe6,0x39,0x06,0x3a,0x07,
    0x42,0x06,0x3a,0x06,0x3a,0x06,0x3a,0x06,0x3a,0x06,0x3a,0x06,0x3a,0xe6,0x39,0x06,
    0x3a,0xe6,0x39,0xe6,0x39,0x06,0x3a,0x06,0x3a,0x06,0x3a,0xe6,0x39,0x06,0x3a,0xe6,
    0x39,0x07,0x42,0xe6,0x39,0x06,0x3a,0xff,0xe6,0x39,0xe6,0x39,0xe6,0x39,0xe6,0x39,
    0xe6,0x39,0xe6,0x39,0xe6,0x39,0xe6,0x39,0xe6,0x39,0xe6,0x39,0xe6,0x39,0x06,0x3a,
    0xe6,0x39,0xe6,0x39,0xe6,0x39,0xe6,0x39,0xe6,0x39,0xe6,0x39,0xe6,0x39,0xe6,0x39,
    0x4b,0x73,0x72,0xbd,0x72,0xbd,0x72,0xbd,0x72,0xbd,0x72,0xbd,0x72,0xbd,0x52,0xb5,
    0x52,0xb5,0x52,0xb5,0x52,0xb5,0x52,0xb5,0x52,0xb5,0x52,0xb5,0x32,0xb5,0x32,0xb5,
    0x31,0xb5,0x31,0xb5,0x11,0xad,0x11,0xad,0x11,0xad,0xf1,0xac,0xf0,0xac,0xf0,0xac,
    0xd0,0xac,0xd0,0xa4,0xd0,0xa4,0xd0,0xa4,0xaf,0xa4,0xaf,0xa4,0xaf,0xa4,0xaf,0xa4,
    0xaf,0xa4,0x8f,0xa4,0xcd,0x83,0xea,0x62,0xa9,0x5a,0x48,0x4a,0x07,0x42,0xc6,0x39,
    0x85,0x31,0x44,0x29,0x24,0x21,0xe3,0x18,0xa2,0x18,0x82,0x10,0x61,0x08,0x41,0x08,
    0x40,0x08,0x00,0x00,0x00,0x00,0x20,0x00,0x40,0x08,0x41,0x08,0x61,0x10,0x82,0x10,
    0xa2,0x18,0xe3,0x18,0x23,0x21,0x44,0x29,0x85,0x31,0xc6,0x39,0x07,0x42,0x48,0x52,
    0x89,0x52,0xea,0x62,0xcd,0x83,0x8f,0x9c,0xb0,0xa4,0xd0,0xa4,0xd0,0xa4,0xd0,0xa4,
    0xd0,0xa4,0xd0,0xa4,0xf0,0xa4,0xf1,0xac,0x11,0xad,0x11,0xa5,0x51,0xa5,0x90,0x9d,
    0xef,0x8d,0x0a,0x55,0x89,0x3d,0x4a,0x46,0x2b,0x4e,0x89,0x3d,0x28,0x35,0x48,0x35,
    0x8a,0x46,0xcb,0x4e,0xe9,0x45,0x6a,0x4d,0xce,0x7d,0xf1,0xa5,0xb2,0xad,0x72,0xb5,
    0x72,0xb5,0x72,0xbd,0x72,0xbd,0x6f,0x94,0xa9,0x52,0x07,0x42,0x07,0x42,0x07,0x42,
    0x27,0x42,0x27,0x42,0x27,0x42,0xc8,0x27,0x42,0x27,0x42,0x27,0x42,0x27,0x42,0x27,
    0x42,0x27,0x42,0x27,0x42,0x27,0x42,0x07,0x42,0x27,0x42,0x27,0x42,0x27,0x42,0x07,
    0x42,0x27,0x42,0x27,0x42,0x07,0x42,0x07,0x42,0x27,0x42,0x27,0x42,0x27,0x42,0x07,
    0x42,0x27,0x42,0x27,0x42,0x07,0x42,0xc6,0x39,0x24,0x21,0xc3,0x18,0xc3,0x18,0xe3,
    0x18,0x03,0x29,0x03,0x29,0x24,0x29,0x44,0x29,0x24,0x21,0x24,0x21,0xa6,0x31,0x07,
    0x42,0x07,0x42,0x27,0x42,0x07,0x42,0x07,0x42,0x07,0x42,0x07,0x42,0x07,0x3a,0x07,
    0x42,0x07,0x42,0x07,0x42,0x07,0x42,0x07,0x42,0x07,0x42,0x07,0x42,0x27,0x42,0x07,
    0x42,0x27,0x42,0x07,0x42,0x07,0x42,0x07,0x42,0x07,0x42,0x07,0x42,0x07,0x42,0x07,
    0x42,0x07,0x42,0x07,0x42,0x07,0x42,0x07,0x3a,0x07,0x42,0x07,0x42,0x07,0x42,0x07,
    0x42,0x07,0x42,0xa5,0x29,0x64,0x21,0x1e,0x64,0x21,0xff,0x44,0x21,0x64,0x21,0x64,
    0x21,0x64,0x21,0x64,0x21,0x64,0x21,0x64,0x21,0x64,0x21,0x64,0x21,0x64,0x21,0x64,
    0x21,0x64,0x21,0x44,0x21,0x44,0x21,0x64,0x21,0x64,0x21,0x64,0x21,0x64,0x21,0x44,
    0x21,0x44,0x21,0x64,0x21,0x64,0x21,0x64,0x21,0x64,0x21,0x64,0x21,0x64,0x21,0x64,
    0x21,0x64,0x21,0x44,0x21,0x44,0x21,0x64,0x21,0x64,0x21,0x64,0x21,0x44,0x21,0x44,
    0x21,0xa5,0x31,0xe6,0x39,0x07,0x42,0x06,0x3a,0x06,0x3a,0x06,0x3a,0x06,0x3a,0x06,
    0x3a,0x06,0x3a,0x06,0x42,0xe6,0x39,0x07,0x3a,0x06,0x42,0xe6,0x39,0xe6,0x39,0x06,
    0x3a,0x06,0x3a,0x06,0x3a,0x07,0x42,0x06,0x3a,0x06,0x3a,0x07,0x42,0x06,0x3a,0xe6,
    0x39,0x06,0x3a,0xe6,0x39,0x06,0x3a,0x06,0x3a,0x07,0x42,0xe6,0x39,0xe6,0x39,0xe6,
    0x39,0x06,0x3a,0xe6,0x39,0xe6,0x39,0x06,0x3a,0x06,0x3a,0xe6,0x39,0x06,0x3a,0x06,
    0x3a,0x06,0x3a,0x06,0x3a,0xe6,0x39,0xe6,0x39,0xe6,0x39,0xe6,0x39,0xe6,0x39,0xe6,
    0x39,0xe6,0x39,0xe6,0x39,0xe6,0x39,0xe6,0x39,0xe6,0x39,0x06,0x3a,0xe6,0x39,0xe6,
    0x39,0xe6,0x39,0xe6,0x39,0xe6,0x39,0xe6,0x39,0xe6,0x39,0xe6,0x39,0xe6,0x39,0xe6,
    0x39,0xe6,0x39,0xe6,0x39,0xe6,0x39,0x06,0x3a,0xe6,0x39,0xe6,0x39,0xe6,0x39,0xe6,
    0x39,0xe6,0x39,0xe6,0x39,0xe6,0x39,0xe6,0x39,0x4b,0x6b,0x72,0xbd,0x72,0xbd,0x72,
    0xbd,0x72,0xbd,0x72,0xbd,0x52,0xb5,0x52,0xb5,0x52,0xb5,0x52,0xb5,0x52,0xb5,0x52,
    0xb5,0x52,0xb5,0x32,0xb5,0x32,0xb5,0x31,0xb5,0xff,0x31,0xb5,0x11,0xad,0x11,0xad,
    0x11,0xad,0xf1,0xac,0xf0,0xac,0xf0,0xac,0xf0,0xac,0xd0,0xa4,0xd0,0xa4,0xd0,0xa4,
    0xd0,0xa4,0xaf,0xa4,0xaf,0xa4,0xaf,0xa4,0xaf,0xa4,0xaf,0xa4,0x8f,0x9c,0xcd,0x83,
    0xea,0x62,0x89,0x52,0x48,0x4a,0x07,0x42,0xc6,0x39,0x85,0x31,0x44,0x29,0x03,0x21,
    0xe3,0x18,0xa2,0x18,0x82,0x10,0x61,0x08,0x41,0x08,0x40,0x08,0x00,0x00,0x00,0x00,
    0x20,0x00,0x20,0x08,0x41,0x08,0x61,0x10,0x82,0x10,0xa2,0x18,0xe3,0x18,0x03,0x21,
    0x44,0x29,0x85,0x31,0xc6,0x39,0x07,0x42,0x48,0x4a,0x89,0x52,0xea,0x62,0xac,0x7b,
    0x8f,0x9c,0xd0,0xa4,0xd0,0xa4,0xd0,0xa4,0xd0,0xa4,0xd0,0xa4,0xd0,0xa4,0xd0,0xa4,
    0xf1,0xac,0xf1,0xac,0x11,0xad,0x31,0xa5,0x70,0xa5,0xb0,0x9d,0x8e,0x7d,0x2a,0x4d,
    0x69,0x3d,0x0a,0x46,0x4a,0x46,0x4a,0x46,0x4a,0x46,0x4a,0x46,0xa9,0x3d,0x29,0x4d,
    0x8d,0x75,0xd0,0x9d,0xb1,0xad,0x92,0xb5,0x72,0xb5,0x52,0xb5,0x52,0xb5,0x52,0xb5,
    0x6f,0x94,0xa9,0x52,0x27,0x42,0x07,0x42,0x27,0x42,0x07,0x42,0x27,0x42,0x27,0x42,
    0x27,0x42,0x07,0x42,0x07,0x42,0x27,0x42,0x27,0x42,0x27,0x42,0x07,0x42,0x07,0x42,
    0x07,0x42,0x27,0x42,0x27,0x42,0x07,0x42,0x27,0x42,0x07,0x42,0x27,0x42,0x07,0x42,
    0x07,0x42,0x27,0x42,0x07,0x42,0x07,0x42,0x27,0x42,0x07,0x42,0x27,0x42,0x07,0x42,
    0x07,0x42,0xa5,0x31,0x24,0x21,0xc3,0x18,0xc3,0x18,0xc3,0x18,0xe3,0x18,0xe3,0x18,
    0xe3,0x18,0x24,0x21,0x85,0x31,0xe6,0x39,0xd2,0x07,0x42,0x27,0x42,0x07,0x42,0x07,
    0x42,0x07,0x42,0x07,0x42,0x27,0x42,0x07,0x3a,0x07,0x42,0x07,0x3a,0x07,0x42,0x07,
    0x42,0x07,0x42,0x07,0x42,0x07,0x42,0x07,0x42,0x06,0x3a,0x27,0x42,0x07,0x42,0x07,
    0x42,0x07,0x42,0x07,0x42,0x07,0x42,0x07,0x42,0x07,0x3a,0x07,0x3a,0x07,0x42,0x07,
    0x42,0x07,0x42,0x07,0x42,0x07,0x42,0x07,0x42,0x07,0x42,0x07,0x42,0xa5,0x29,0x84,
    0x29,0x64,0x29,0x64,0x21,0x64,0x21,0x84,0x29,0x64,0x29,0x84,0x29,0x64,0x21,0x64,
    0x29,0x64,0x29,0x64,0x21,0x64,0x21,0x84,0x29,0x64,0x21,0x64,0x21,0x64,0x21,0x64,
    0x21,0x64,0x21,0x64,0x21,0x64,0x29,0x64,0x21,0x84,0x29,0x64,0x21,0x64,0x21,0x64,
    0x21,0x64,0x21,0x64,0x21,0x64,0x21,0x64,0x29,0x64,0x21,0x64,0x29,0x64,0x21,0x64,
    0x21,0x64,0x21,0x64,0x21,0x64,0x21,0x64,0x21,0x64,0x29,0x64,0x21,0x64,0x21,0x64,
    0x21,0x64,0x21,0x64,0x21,0x64,0x21,0x64,0x21,0x64,0x29,0x64,0x21,0x13,0x64,0x21,
    0xff,0xa5,0x31,0xe6,0x39,0x07,0x42,0xe6,0x39,0x06,0x3a,0xe6,0x39,0xe6,0x39,0xe6,
    0x39,0xe6,0x39,0x06,0x3a,0xe6,0x39,0x06,0x3a,0xe6,0x39,0x06,0x3a,0xe6,0x39,0x06,
    0x3a,0x06,0x3a,0xe6,0x39,0x07,0x3a,0xe6,0x39,0x06,0x3a,0xe6,0x39,0x06,0x3a,0xe6,
    0x39,0xe6,0x39,0x06,0x3a,0x06,0x3a,0xe6,0x39,0xe6,0x39,0xe6,0x39,0xe6,0x39,0xe6,
    0x39,0xe6,0x39,0xe6,0x39,0xe6,0x39,0x06,0x3a,0x07,0x3a,0xe6,0x39,0xe6,0x39,0xe6,
    0x39,0xe6,0x39,0xe6,0x39,0xe6,0x39,0xe6,0x39,0xe6,0x39,0xe6,0x39,0xe6,0x39,0xe6,
    0x39,0xe6,0x39,0xe6,0x39,0xe6,0x39,0xe6,0x39,0xe6,0x39,0x06,0x3a,0xe6,0x39,0xe6,
    0x39,0xe6,0x39,0xe6,0x39,0xe6,0x39,0x06,0x3a,0xe6,0x39,0xe6,0x39,0xe6,0x39,0xe6,
    0x39,0xe6,0x39,0xe6,0x39,0xe6,0x39,0xe6,0x39,0xe6,0x39,0xe6,0x39,0xe6,0x39,0xe6,
    0x39,0xe6,0x39,0xe6,0x39,0xe6,0x39,0xe6,0x39,0x4b,0x6b,0x72,0xbd,0x72,0xbd,0x72,
    0xbd,0x72,0xbd,0x72,0xbd,0x52,0xb5,0x52,0xb5,0x52,0xb5,0x52,0xb5,0x52,0xb5,0x52,
    0xb5,0x52,0xb5,0x32,0xb5,0x31,0xb5,0x31,0xb5,0x11,0xad,0x11,0xad,0x11,0xad,0x11,
    0xad,0xf1,0xac,0xf0,0xac,0xf0,0xac,0xd0,0xa4,0xd0,0xa4,0xd0,0xa4,0xd0,0xa4,0xb0,
    0xa4,0xaf,0xa4,0xaf,0xa4,0xaf,0xa4,0xaf,0xa4,0xaf,0xa4,0x8f,0x9c,0xac,0x7b,0xea,
    0x62,0x89,0x52,0x48,0x4a,0x07,0x42,0xc6,0x39,0x85,0x31,0x44,0x29,0x03,0x21,0xe3,
    0x18,0xa2,0x18,0x82,0x10,0x61,0x08,0x41,0x08,0x20,0x00,0x00,0x00,0x00,0x00,0xff,
    0x20,0x00,0x20,0x00,0x41,0x08,0x61,0x08,0x82,0x10,0xa2,0x10,0xe3,0x18,0x03,0x21,
    0x44,0x29,0x85,0x31,0xc6,0x39,0x07,0x42,0x48,0x4a,0x89,0x52,0xea,0x62,0x8c,0x7b,
    0x8f,0x9c,0xb0,0xa4,0xd0,0xa4,0xb0,0xa4,0xd0,0xa4,0xd0,0xa4,0xd0,0xa4,0xd0,0xa4,
    0xd0,0xa4,0xf1,0xac,0xf1,0xac,0x11,0xa5,0x31,0xa5,0x70,0xa5,0xb0,0x95,0x8d,0x7d,
    0x0a,0x55,0xe8,0x3c,0x08,0x3d,0x28,0x35,0x28,0x3d,0xe8,0x3c,0x09,0x4d,0x8d,0x75,
    0xd0,0x95,0xb1,0xa5,0x92,0xad,0x72,0xb5,0x52,0xb5,0x52,0xb5,0x52,0xb5,0x72,0xb5,
    0x6f,0x94,0xa9,0x52,0x27,0x42,0x07,0x42,0x27,0x42,0x07,0x42,0x07,0x42,0x27,0x42,
    0x07,0x42,0x07,0x42,0x07,0x42,0x27,0x42,0x07,0x42,0x07,0x42,0x27,0x42,0x07,0x42,
    0x07,0x42,0x07,0x42,0x07,0x42,0x07,0x42,0x07,0x42,0x07,0x42,0x27,0x42,0x07,0x42,
    0x07,0x42,0x07,0x42,0x07,0x42,0x07,0x42,0x07,0x42,0x07,0x42,0x07,0x42,0x07,0x42,
    0x07,0x42,0x07,0x3a,0xc6,0x39,0x65,0x29,0x24,0x21,0xe3,0x18,0xe3,0x18,0x03,0x21,
    0x44,0x29,0xa6,0x31,0x07,0x3a,0x07,0x42,0x07,0x42,0x07,0x42,0x07,0x3a,0x07,0x42,
    0x07,0x42,0x07,0x42,0x07,0x42,0x07,0x3a,0x27,0x42,0x07,0x42,0x07,0x42,0x07,0x42,
    0x07,0x42,0x07,0x42,0x07,0x42,0x07,0x42,0x07,0x3a,0x07,0x42,0x07,0x42,0x07,0x42,
    0x07,0x42,0x07,0x42,0x07,0x42,0x07,0x42,0xe6,0x39,0x07,0x42,0x07,0x42,0x07,0x42,
    0x07,0x42,0xe6,0x39,0x07,0x42,0x07,0x42,0x07,0x42,0x07,0x3a,0xc6,0x31,0xe0,0xa5,
    0x31,0xa5,0x31,0xa5,0x31,0xa5,0x29,0xa5,0x29,0xa5,0x31,0x85,0x29,0x85,0x29,0x85,
    0x29,0xa5,0x29,0xa5,0x31,0xa5,0x29,0xa5,0x29,0xa5,0x29,0xa5,0x31,0x85,0x29,0xa5,
    0x29,0xa5,0x29,0xa5,0x31,0xa5,0x29,0x85,0x29,0xa5,0x31,0x85,0x29,0xa5,0x29,0x85,
    0x29,0x85,0x29,0xa5,0x29,0xa5,0x29,0xa5,0x31,0x85,0x29,0x85,0x29,0xa5,0x29,0x85,
    0x29,0x85,0x29,0xa5,0x29,0x85,0x29,0xa5,0x29,0xa5,0x31,0x85,0x29,0x85,0x29,0xa5,
    0x29,0x85,0x29,0x85,0x29,0xa5,0x29,0x85,0x29,0xa5,0x29,0x85,0x29,0xa5,0x31,0x85,
    0x29,0x85,0x29,0xa5,0x29,0xa5,0x29,0x85,0x29,0x85,0x29,0xa5,0x31,0x85,0x29,0xa5,
    0x29,0xa5,0x29,0x85,0x29,0xa5,0x29,0x85,0x29,0xa5,0x29,0x85,0x29,0x85,0x29,0x85,
    0x29,0x85,0x29,0xc6,0x31,0xe6,0x39,0x06,0x3a,0x06,0x3a,0xe6,0x39,0xe6,0x39,0xe6,
    0x39,0xe6,0x39,0xe6,0x39,0xe6,0x39,0xe6,0x39,0xe6,0x39,0xe6,0x39,0xe6,0x39,0xe6,
    0x39,0xe6,0x39,0xe6,0x39,0xe6,0x39,0xe6,0x39,0xe6,0x39,0xe6,0x39,0x06,0x3a,0xe6,
    0x39,0xe6,0x39,0xe6,0x39,0xe6,0x39,0x06,0x3a,0xe6,0x39,0x06,0x3a,0xe6,0x39,0x2e,
    0xe6,0x39,0xff,0x4b,0x6b,0x72,0xbd,0x72,0xbd,0x72,0xbd,0x72,0xbd,0x52,0xb5,0x52,
    0xb5,0x52,0xb5,0x52,0xb5,0x52,0xb5,0x52,0xb5,0x52,0xb5,0x32,0xb5,0x31,0xb5,0x31,
    0xb5,0x11,0xb5,0x11,0xad,0x11,0xad,0x11,0xad,0xf1,0xac,0xf0,0xac,0xf0,0xac,0xd0,
    0xa4,0xd0,0xa4,0xd0,0xa4,0xd0,0xa4,0xd0,0xa4,0xb0,0xa4,0xaf,0xa4,0xaf,0xa4,0xaf,
    0xa4,0xaf,0xa4,0xaf,0xa4,0x8f,0x9c,0x8c,0x7b,0xca,0x62,0x89,0x52,0x27,0x4a,0xe7,
    0x41,0xc6,0x39,0x85,0x31,0x44,0x29,0x03,0x21,0xe3,0x18,0xa2,0x10,0x82,0x10,0x61,
    0x08,0x41,0x08,0x20,0x00,0x00,0x00,0x00,0x00,0x20,0x00,0x20,0x00,0x41,0x08,0x61,
    0x08,0x82,0x10,0xa2,0x10,0xc3,0x18,0x03,0x21,0x44,0x29,0x85,0x31,0xc6,0x39,0x07,
    0x42,0x48,0x4a,0x88,0x52,0xca,0x62,0x8c,0x7b,0x6f,0x9c,0xb0,0xa4,0xd0,0xa4,0xb0,
    0xa4,0xb0,0xa4,0xd0,0xa4,0xd0,0xa4,0xd0,0xa4,0xd0,0xa4,0xf0,0xa4,0xf1,0xac,0x11,
    0xad,0x11,0xa5,0x31,0xa5,0x70,0xa5,0x90,0x95,0x8f,0x8d,0x8d,0x75,0x6c,0x6d,0x4c,
    0x65,0x6c,0x6d,0x8d,0x75,0xaf,0x85,0xd0,0x9d,0xb1,0xa5,0x72,0xad,0x72,0xb5,0x52,
    0xb5,0x52,0xb5,0x52,0xb5,0x52,0xb5,0x73,0xb5,0x6f,0x94,0xa9,0x52,0x07,0x42,0x07,
    0x42,0x07,0x42,0x07,0x42,0x27,0x42,0x27,0x42,0x07,0x42,0x07,0x42,0x27,0x42,0x07,
    0x42,0x07,0x42,0x27,0x42,0x07,0x42,0x07,0x42,0x07,0x42,0x07,0x42,0x07,0x42,0x07,
    0x42,0x27,0x42,0x07,0x42,0x07,0x42,0x07,0x42,0x07,0x42,0x07,0x42,0x07,0x42,0x07,
    0x42,0xb3,0x07,0x3a,0x07,0x42,0x07,0x42,0x07,0x42,0x07,0x42,0x07,0x42,0x07,0x42,
    0xe6,0x39,0xc6,0x39,0xc6,0x39,0xc6,0x39,0xc6,0x39,0xe6,0x39,0x07,0x42,0x07,0x42,
    0x07,0x42,0x07,0x42,0x06,0x3a,0x07,0x42,0x07,0x42,0x07,0x42,0x07,0x42,0x07,0x42,
    0x07,0x42,0x07,0x42,0x07,0x3a,0x07,0x42,0x07,0x42,0x07,0x42,0x07,0x42,0x07,0x42,
    0x07,0x3a,0x07,0x42,0xe6,0x39,0x07,0x42,0x07,0x3a,0x07,0x42,0x07,0x42,0x07,0x42,
    0x07,0x42,0xe6,0x39,0x07,0x3a,0x07,0x42,0x07,0x42,0x07,0x42,0x07,0x3a,0x07,0x42,
    0x07,0x42,0x06,0x3a,0x07,0x42,0xe6,0x39,0x15,0xe6,0x39,0x82,0x07,0x3a,0xe6,0x39,
    0x2e,0xe6,0x39,0x82,0x06,0x3a,0xe6,0x39,0x3f,0xe6,0x39,0xff,0xc6,0x39,0xe6,0x39,
    0xe6,0x39,0xe6,0x39,0xe6,0x39,0xe6,0x39,0xe6,0x39,0xe6,0x39,0x4b,0x6b,0x72,0xbd,
    0x72,0xbd,0x72,0xbd,0x52,0xb5,0x52,0xb5,0x52,0xb5,0x52,0xb5,0x52,0xb5,0x52,0xb5,
    0x52,0xb5,0x32,0xb5,0x31,0xb5,0x31,0xb5,0x31,0xb5,0x11,0xad,0x11,0xad,0x11,0xad,
    0x11,0xad,0xf1,0xac,0xf0,0xac,0xd0,0xac,0xd0,0xa4,0xd0,0xa4,0xd0,0xa4,0xd0,0xa4,
    0xb0,0xa4,0xb0,0xa4,0xaf,0xa4,0xaf,0xa4,0xaf,0xa4,0xaf,0xa4,0xaf,0xa4,0x8f,0x9c,
    0x6c,0x73,0xca,0x5a,0x68,0x52,0x27,0x4a,0xe7,0x41,0xa6,0x39,0x85,0x31,0x44,0x29,
    0x03,0x21,0xc3,0x18,0xa2,0x10,0x81,0x10,0x61,0x08,0x41,0x08,0x20,0x00,0x00,0x00,
    0x00,0x00,0x20,0x00,0x20,0x00,0x41,0x08,0x61,0x08,0x81,0x10,0xa2,0x10,0xc2,0x18,
    0x03,0x21,0x44,0x29,0x85,0x31,0xc6,0x39,0xe7,0x41,0x48,0x4a,0x88,0x52,0xca,0x5a,
    0x6c,0x73,0x6f,0x94,0xb0,0xa4,0xb0,0xa4,0xb0,0xa4,0xb0,0xa4,0xd0,0xa4,0xd0,0xa4,
    0xd0,0xa4,0xd0,0xa4,0xd0,0xa4,0xf1,0xac,0x11,0xad,0xf1,0xa4,0x11,0xa5,0x31,0xa5,
    0x50,0xa5,0x90,0x9d,0xb0,0x9d,0xb0,0x95,0xb0,0x95,0xb0,0x95,0xd0,0x9d,0xb1,0xa5,
    0x91,0xa5,0x72,0xad,0x52,0xad,0x52,0xb5,0x52,0xb5,0x52,0xb5,0x52,0xb5,0x52,0xb5,
    0x52,0xb5,0x6f,0x94,0x89,0x52,0x07,0x42,0x07,0x42,0x07,0x42,0x07,0x42,0x07,0x42,
    0x07,0x42,0x07,0x42,0x07,0x42,0x07,0x42,0x07,0x42,0x07,0x42,0x07,0x42,0x07,0x3a,
    0x07,0x42,0x07,0x42,0x07,0x42,0x27,0x42,0x07,0x42,0xff,0x07,0x42,0x07,0x42,0x07,
    0x3a,0x07,0x42,0x07,0x42,0x07,0x42,0x07,0x42,0x07,0x42,0x07,0x42,0x07,0x42,0x07,
    0x3a,0x07,0x42,0x07,0x42,0x07,0x42,0xe7,0x39,0x07,0x42,0x07,0x42,0x27,0x42,0x07,
    0x42,0x07,0x3a,0x07,0x42,0xe7,0x39,0x07,0x42,0x07,0x3a,0x07,0x3a,0x07,0x42,0xe6,
    0x39,0x07,0x42,0x07,0x42,0x07,0x42,0x07,0x42,0x07,0x42,0x07,0x42,0xe6,0x39,0x07,
    0x42,0x07,0x3a,0xe6,0x39,0x07,0x42,0x07,0x3a,0x06,0x3a,0x07,0x42,0x07,0x42,0xe6,
    0x39,0x07,0x42,0x07,0x42,0xe6,0x39,0xe6,0x39,0x07,0x42,0xe6,0x39,0x07,0x3a,0x07,
    0x42,0x06,0x3a,0xe6,0x39,0x07,0x42,0x07,0x3a,0x07,0x42,0x07,0x42,0xe6,0x39,0xe6,
    0x39,0x07,0x42,0x07,0x3a,0x06,0x3a,0xe6,0x39,0x06,0x3a,0x06,0x3a,0xe6,0x39,0x07,
    0x42,0xe6,0x39,0x07,0x42,0x07,0x42,0x07,0x42,0xe6,0x39,0x07,0x3a,0x07,0x3a,0xe6,
    0x39,0x07,0x42,0xe6,0x39,0xe6,0x39,0xe6,0x39,0xe6,0x39,0x07,0x3a,0x07,0x42,0xe6,
    0x39,0xe6,0x39,0xe6,0x39,0xe6,0x39,0xe6,0x39,0x06,0x3a,0xe6,0x39,0xe6,0x39,0x07,
    0x42,0xe6,0x39,0xe6,0x39,0xe6,0x39,0x07,0x3a,0xe6,0x39,0xe6,0x39,0xe6,0x39,0x07,
    0x42,0xe6,0x39,0xe6,0x39,0x06,0x3a,0xe6,0x39,0x06,0x3a,0xe6,0x39,0xe6,0x39,0x07,
    0x3a,0xe6,0x39,0xe6,0x39,0xe6,0x39,0xe6,0x39,0xe6,0x39,0xe6,0x39,0x07,0x3a,0xe6,
    0x39,0xe6,0x39,0xe6,0x39,0xe6,0x39,0xe6,0x39,0xe6,0x39,0x06,0x3a,0xe6,0x39,0xe6,
    0x39,0xe6,0x39,0xe6,0x39,0xe6,0x39,0x06,0x3a,0x92,0x07,0x42,0xe6,0x39,0xe6,0x39,
    0xe6,0x39,0xe6,0x39,0xe6,0x39,0xe6,0x39,0xe6,0x39,0xe6,0x39,0xe6,0x39,0xe6,0x39,
    0x06,0x3a,0xe6,0x39,0xe6,0x39,0xe6,0x39,0xe6,0x39,0x06,0x3a,0xe6,0x39,0x20,0xe6,
    0x39,0xff,0x06,0x3a,0xe6,0x39,0xe6,0x39,0xe6,0x39,0xe6,0x39,0xe6,0x39,0xe6,0x39,
    0xe6,0x39,0xe6,0x39,0xe6,0x39,0xe6,0x39,0xe6,0x39,0xe6,0x39,0xe6,0x39,0xe6,0x39,
    0xc6,0x39,0xe6,0x39,0xe6,0x39,0xe6,0x39,0xe6,0x39,0xe6,0x39,0xe6,0x39,0xe6,0x39,
    0xe6,0x39,0x4b,0x6b,0x72,0xbd,0x72,0xbd,0x52,0xb5,0x52,0xb5,0x52,0xb5,0x52,0xb5,
    0x52,0xb5,0x52,0xb5,0x52,0xb5,0x32,0xb5,0x32,0xb5,0x31,0xb5,0x31,0xb5,0x11,0xb5,
    0x11,0xad,0x11,0xad,0x11,0xad,0xf1,0xac,0xf0,0xac,0xf0,0xac,0xd0,0xa4,0xd0,0xa4,
    0xd0,0xa4,0xd0,0xa4,0xd0,0xa4,0xb0,0xa4,0xaf,0xa4,0xaf,0xa4,0xaf,0xa4,0xaf,0xa4,
    0xaf,0xa4,0xaf,0xa4,0x8f,0x9c,0x6c,0x73,0xc9,0x5a,0x68,0x52,0x27,0x4a,0xe6,0x41,
    0xa5,0x39,0x65,0x31,0x44,0x29,0x03,0x21,0xc2,0x18,0xa2,0x10,0x81,0x10,0x61,0x08,
    0x40,0x08,0x20,0x00,0x00,0x00,0x00,0x00,0x20,0x00,0x20,0x00,0x41,0x08,0x61,0x08,
    0x81,0x10,0xa2,0x10,0xc2,0x18,0x03,0x21,0x44,0x29,0x65,0x31,0xa6,0x39,0xe6,0x41,
    0x27,0x4a,0x68,0x52,0xc9,0x5a,0x6b,0x73,0x6f,0x94,0xb0,0xa4,0xb0,0xa4,0xb0,0xa4,
    0xd0,0xa4,0xb0,0xa4,0xb0,0xa4,0xd0,0xa4,0xd0,0xa4,0xd0,0xa4,0xf1,0xac,0xf1,0xac,
    0xf0,0xac,0xf1,0xac,0x11,0xad,0x31,0xa5,0x51,0xa5,0x51,0xa5,0x71,0xa5,0x71,0xa5,
    0x71,0xa5,0x71,0xa5,0x71,0xad,0x51,0xad,0x52,0xad,0x52,0xb5,0x32,0xb5,0x52,0xb5,
    0x52,0xb5,0x52,0xb5,0x52,0xb5,0x52,0xb5,0x6f,0x94,0x89,0x52,0x27,0x42,0x07,0x42,
    0xfa,0x27,0x42,0xe7,0x39,0x07,0x42,0x27,0x42,0x07,0x42,0x07,0x42,0x07,0x42,0x27,
    0x42,0x27,0x42,0x07,0x3a,0x07,0x3a,0x07,0x42,0x07,0x3a,0x07,0x42,0x07,0x42,0x27,
    0x42,0x07,0x42,0xe6,0x39,0x07,0x42,0x07,0x42,0x07,0x3a,0xe7,0x39,0x07,0x42,0x07,
    0x42,0xe6,0x39,0x07,0x42,0xe6,0x39,0x07,0x42,0x07,0x42,0x07,0x3a,0x07,0x42,0x07,
    0x42,0x07,0x3a,0x07,0x42,0x07,0x3a,0x07,0x42,0x07,0x42,0x07,0x3a,0x07,0x42,0x07,
    0x3a,0x07,0x42,0xe6,0x39,0x07,0x42,0x07,0x3a,0xe7,0x39,0x07,0x3a,0x07,0x42,0xe6,
    0x39,0x07,0x42,0x07,0x42,0x07,0x3a,0x07,0x42,0x07,0x3a,0x07,0x42,0xe7,0x39,0x07,
    0x42,0xe6,0x39,0x07,0x42,0x07,0x3a,0x07,0x3a,0x07,0x42,0x07,0x3a,0x07,0x42,0x07,
    0x42,0x07,0x3a,0xe6,0x39,0xe6,0x39,0xe6,0x39,0x06,0x3a,0x07,0x3a,0x07,0x3a,0xe6,
    0x39,0xe6,0x39,0xe6,0x39,0x07,0x42,0xe6,0x39,0xe6,0x39,0x07,0x3a,0xe6,0x39,0x07,
    0x42,0xe6,0x39,0x07,0x3a,0x07,0x42,0x07,0x3a,0xe6,0x39,0x07,0x3a,0x07,0x42,0xe6,
    0x39,0xe6,0x39,0x07,0x42,0xe6,0x39,0x07,0x3a,0xe6,0x39,0xe6,0x39,0xe6,0x39,0xe6,
    0x39,0x07,0x42,0xe6,0x39,0x07,0x42,0xe6,0x39,0xe6,0x39,0xe6,0x39,0xe6,0x39,0xe6,
    0x39,0x07,0x42,0xe6,0x39,0xe6,0x39,0xe6,0x39,0xe6,0x39,0xe6,0x39,0xe6,0x39,0xe6,
    0x39,0x07,0x42,0x07,0x3a,0xe6,0x39,0xe6,0x39,0xe6,0x39,0xe6,0x39,0xe6,0x39,0x06,
    0x3a,0x07,0x42,0xe6,0x39,0x38,0xe6,0x39,0x82,0xc6,0x39,0xe6,0x39,0x15,0xe6,0x39,
    0xff,0xc6,0x39,0xc6,0x39,0xe6,0x39,0xe6,0x39,0xe6,0x39,0xc6,0x39,0xe6,0x39,0xe6,
    0x39,0xc6,0x39,0xe6,0x39,0xe6,0x39,0xe6,0x39,0xe6,0x39,0xc6,0x39,0xe6,0x39,0xc6,
    0x39,0x4b,0x6b,0x72,0xbd,0x52,0xb5,0x52,0xb5,0x52,0xb5,0x52,0xb5,0x52,0xb5,0x52,
    0xb5,0x52,0xb5,0x52,0xb5,0x32,0xb5,0x32,0xb5,0x31,0xb5,0x11,0xb5,0x11,0xad,0x11,
    0xad,0x11,0xad,0x11,0xad,0xf1,0xac,0xf0,0xac,0xd0,0xac,0xd0,0xa4,0xd0,0xa4,0xd0,
    0xa4,0xd0,0xa4,0xb0,0xa4,0xb0,0xa4,0xaf,0xa4,0xaf,0xa4,0xaf,0xa4,0xaf,0xa4,0xaf,
    0xa4,0xaf,0xa4,0x6f,0x9c,0x6b,0x73,0xc9,0x5a,0x68,0x52,0x27,0x4a,0xe6,0x41,0xa5,
    0x39,0x65,0x31,0x24,0x29,0x03,0x21,0xc2,0x18,0xa2,0x10,0x81,0x10,0x61,0x08,0x40,
    0x08,0x20,0x00,0x00,0x00,0x00,0x00,0x20,0x00,0x20,0x00,0x41,0x08,0x61,0x08,0x81,
    0x10,0xa2,0x10,0xc2,0x18,0x03,0x21,0x24,0x29,0x65,0x31,0xa6,0x39,0xe6,0x41,0x27,
    0x4a,0x68,0x52,0xa9,0x5a,0x4b,0x73,0x4e,0x94,0xb0,0xa4,0xb0,0xa4,0xb0,0xa4,0xd0,
    0xa4,0xb0,0xa4,0xb0,0xa4,0xb0,0xa4,0xd0,0xa4,0xd0,0xa4,0xd0,0xa4,0xd0,0xa4,0xd0,
    0xa4,0xf1,0xac,0xf1,0xac,0xf1,0xac,0x11,0xad,0x11,0xad,0x31,0xad,0x31,0xad,0x31,
    0xad,0x31,0xad,0x31,0xad,0x31,0xad,0x32,0xb5,0x32,0xb5,0x32,0xb5,0x52,0xb5,0x52,
    0xb5,0x32,0xb5,0x52,0xb5,0x52,0xb5,0x4f,0x94,0x89,0x52,0x07,0x3a,0x07,0x42,0x07,
    0x42,0x07,0x42,0x07,0x42,0x07,0x42,0x07,0x3a,0x07,0x3a,0x07,0x42,0x07,0x42,0xd1,
    0x07,0x3a,0x07,0x42,0xe6,0x39,0x07,0x3a,0x07,0x42,0x07,0x42,0xe6,0x39,0x07,0x42,
    0x07,0x42,0x07,0x42,0x07,0x42,0x07,0x3a,0x07,0x42,0xe6,0x39,0xe7,0x39,0x07,0x42,
    0xe6,0x39,0x07,0x42,0x07,0x42,0x07,0x3a,0xe7,0x39,0x07,0x3a,0x07,0x42,0x06,0x3a,
    0x07,0x3a,0x07,0x3a,0x07,0x42,0xe6,0x39,0xe7,0x39,0x07,0x3a,0x07,0x3a,0x07,0x3a,
    0x07,0x3a,0xe6,0x39,0xe6,0x39,0x07,0x42,0xe7,0x39,0xe7,0x39,0x07,0x42,0xe6,0x39,
    0x07,0x42,0x07,0x42,0xe6,0x39,0xe6,0x39,0x07,0x42,0xe6,0x39,0xe6,0x39,0x07,0x42,
    0xe6,0x39,0x07,0x42,0x07,0x3a,0x06,0x3a,0xe6,0x39,0x07,0x3a,0x07,0x3a,0x07,0x3a,
    0xe6,0x39,0xe6,0x39,0xe6,0x39,0x07,0x3a,0x07,0x3a,0x07,0x3a,0x07,0x42,0xe6,0x39,
    0x07,0x42,0xe6,0x39,0x07,0x42,0x06,0x3a,0x06,0x3a,0xe6,0x39,0x07,0x3a,0xe6,0x39,
    0xe6,0x39,0x07,0x3a,0x07,0x3a,0x07,0x3a,0xe6,0x39,0xe6,0x39,0xe6,0x39,0x07,0x3a,
    0xe6,0x39,0x18,0xe6,0x39,0x92,0x07,0x42,0xe6,0x39,0xe6,0x39,0xe6,0x39,0xe6,0x39,
    0xe6,0x39,0xe6,0x39,0xe6,0x39,0xe6,0x39,0xe6,0x39,0xe6,0x39,0xe6,0x39,0xe6,0x39,
    0xe6,0x39,0xe6,0x39,0xe6,0x39,0xc6,0x39,0xe6,0x39,0x2d,0xe6,0x39,0xff,0xc6,0x39,
    0xe6,0x39,0xe6,0x39,0xe6,0x39,0xe6,0x39,0xe6,0x39,0xe6,0x39,0xe6,0x39,0xe6,0x39,
    0xe6,0x39,0xe6,0x39,0xe6,0x39,0xe6,0x39,0xe6,0x39,0xc6,0x39,0xe6,0x39,0xe6,0x39,
    0xe6,0x39,0xc6,0x39,0xe6,0x39,0xe6,0x39,0xe6,0x39,0xc6,0x39,0xe6,0x39,0xe6,0x39,
    0xe6,0x39,0xe6,0x39,0xc6,0x39,0xe6,0x39,0xc6,0x39,0xe6,0x39,0xc6,0x39,0xe6,0x39,
    0xc6,0x39,0xe6,0x39,0xc6,0x39,0xc6,0x39,0xc6,0x39,0xc6,0x39,0xe6,0x39,0xc6,0x39,
    0x4b,0x6b,0x52,0xb5,0x52,0xb5,0x52,0xb5,0x52,0xb5,0x52,0xb5,0x52,0xb5,0x52,0xb5,
    0x52,0xb5,0x32,0xb5,0x32,0xb5,0x31,0xb5,0x31,0xb5,0x11,0xad,0x11,0xad,0x11,0xad,
    0x11,0xad,0xf1,0xac,0xf0,0xac,0xf0,0xac,0xd0,0xa4,0xd0,0xa4,0xd0,0xa4,0xd0,0xa4,
    0xd0,0xa4,0xb0,0xa4,0xaf,0xa4,0xaf,0xa4,0xaf,0xa4,0xaf,0xa4,0xaf,0xa4,0xaf,0xa4,
    0xaf,0xa4,0x6f,0x9c,0x4b,0x6b,0xa9,0x5a,0x68,0x52,0x27,0x42,0xc6,0x39,0xa5,0x31,
    0x65,0x31,0x24,0x29,0xe3,0x20,0xc2,0x18,0xa2,0x10,0x81,0x10,0x41,0x08,0x40,0x08,
    0x20,0x00,0x00,0x00,0x00,0x00,0x00,0x00,0x20,0x00,0x40,0x08,0x61,0x08,0x81,0x10,
    0xa2,0x10,0xc2,0x18,0xe3,0x20,0x24,0x29,0x65,0x29,0xa5,0x39,0xe6,0x41,0x07,0x42,
    0x48,0x52,0xa9,0x5a,0x2b,0x6b,0x4e,0x94,0xd0,0xa4,0xd0,0xa4,0xb0,0xa4,0xb0,0xa4,
    0xb0,0xa4,0xb0,0xa4,0xb0,0xa4,0xd0,0xa4,0xd0,0xa4,0xd0,0xa4,0xd0,0xa4,0xf0,0xa4,
    0xd0,0xa4,0xf0,0xa4,0xf1,0xac,0xf1,0xac,0xf1,0xac,0x11,0xad,0xdd,0x11,0xad,0x11,
    0xad,0x11,0xad,0x11,0xad,0x11,0xad,0x32,0xad,0x32,0xb5,0x32,0xb5,0x32,0xb5,0x32,
    0xb5,0x52,0xb5,0x32,0xb5,0x52,0xb5,0x6f,0x94,0x89,0x52,0xe6,0x39,0x07,0x3a,0x07,
    0x3a,0x07,0x42,0xe6,0x39,0x07,0x3a,0xe7,0x39,0x07,0x3a,0x07,0x42,0x07,0x42,0xe7,
    0x39,0xe7,0x39,0x07,0x3a,0xe6,0x39,0x07,0x42,0x07,0x42,0xe6,0x39,0x07,0x3a,0x07,
    0x3a,0xe7,0x39,0x07,0x3a,0xe7,0x39,0x07,0x42,0x07,0x3a,0x07,0x3a,0x07,0x42,0xe6,
    0x39,0x07,0x42,0xe7,0x39,0xe7,0x39,0xe7,0x39,0x07,0x3a,0xe6,0x39,0xe6,0x39,0x07,
    0x3a,0x07,0x3a,0xe7,0x39,0xe6,0x39,0xe7,0x39,0xe7,0x39,0x07,0x3a,0xe6,0x39,0xe7,
    0x39,0x07,0x3a,0xe7,0x39,0x07,0x3a,0xe7,0x39,0xe7,0x39,0x07,0x3a,0x07,0x3a,0xe6,
    0x39,0x07,0x42,0x07,0x3a,0xe6,0x39,0xe6,0x39,0xe6,0x39,0xe6,0x39,0x07,0x3a,0xe6,
    0x39,0x07,0x3a,0xe6,0x39,0xe6,0x39,0x07,0x3a,0xe6,0x39,0xe6,0x39,0xe7,0x39,0x07,
    0x42,0xe6,0x39,0xe6,0x39,0xe6,0x39,0xe6,0x39,0xe6,0x39,0x07,0x3a,0xe6,0x39,0xe7,
    0x39,0xe6,0x39,0x07,0x3a,0xe6,0x39,0x3e,0xe6,0x39,0xff,0xc6,0x39,0xe6,0x39,0xe6,
    0x39,0xe6,0x39,0xe6,0x39,0xe6,0x39,0xe6,0x39,0xe6,0x39,0xe6,0x39,0xe6,0x39,0xe6,
    0x39,0xe6,0x39,0xe6,0x39,0xc6,0x39,0xe6,0x39,0xe6,0x39,0xe6,0x39,0xe6,0x39,0xe6,
    0x39,0xe6,0x39,0xe6,0x39,0xe6,0x39,0xe6,0x39,0xe6,0x39,0xe6,0x39,0xe6,0x39,0xe6,
    0x39,0xe6,0x39,0xe6,0x39,0xe6,0x39,0xc6,0x39,0xc6,0x39,0xe6,0x39,0xe6,0x39,0xe6,
    0x39,0xe6,0x39,0xe6,0x39,0xc6,0x39,0xe6,0x39,0xe6,0x39,0xe6,0x39,0xe6,0x39,0xe6,
    0x39,0xe6,0x39,0xe6,0x39,0xe6,0x39,0xe6,0x39,0xe6,0x39,0xc6,0x39,0xe6,0x39,0xe6,
    0x39,0xc6,0x39,0xc6,0x39,0xe6,0x39,0xe6,0x39,0xe6,0x39,0xc6,0x39,0xc6,0x39,0xc6,
    0x39,0xc6,0x39,0xe6,0x39,0xc6,0x39,0xc6,0x39,0xc6,0x39,0xc6,0x39,0xc6,0x39,0xc6,
    0x39,0xc6,0x39,0xe6,0x39,0xc6,0x39,0xe6,0x39,0xc6,0x39,0xc6,0x39,0xc6,0x39,0xc6,
    0x39,0xe6,0x39,0xc6,0x39,0xc6,0x39,0xc6,0x39,0x4b,0x6b,0x52,0xb5,0x52,0xb5,0x52,
    0xb5,0x52,0xb5,0x52,0xb5,0x52,0xb5,0x52,0xb5,0x32,0xb5,0x32,0xb5,0x31,0xb5,0x31,
    0xb5,0x11,0xad,0x11,0xad,0x11,0xad,0x11,0xad,0xf1,0xac,0xf1,0xac,0xf0,0xac,0xd0,
    0xac,0xd0,0xa4,0xd0,0xa4,0xd0,0xa4,0xd0,0xa4,0xb0,0xa4,0xaf,0xa4,0xaf,0xa4,0xaf,
    0xa4,0xaf,0xa4,0xaf,0xa4,0xaf,0xa4,0xaf,0xa4,0xaf,0xa4,0x6f,0x94,0x0a,0x6b,0xa9,
    0x5a,0x48,0x4a,0x07,0x42,0xc6,0x39,0x85,0x31,0x64,0x29,0x24,0x21,0xe3,0x20,0xc2,
    0x18,0x82,0x10,0x61,0x10,0x41,0x08,0x40,0x08,0xf8,0x20,0x00,0x00,0x00,0x00,0x00,
    0x00,0x00,0x20,0x00,0x40,0x08,0x61,0x08,0x61,0x10,0x82,0x10,0xa2,0x18,0xe3,0x20,
    0x24,0x21,0x44,0x29,0x85,0x31,0xc6,0x39,0x07,0x42,0x48,0x4a,0x89,0x52,0x2b,0x6b,
    0x2e,0x8c,0xb0,0xa4,0xd0,0xa4,0xb0,0xa4,0xb0,0xa4,0xb0,0xa4,0xb0,0xa4,0xb0,0xa4,
    0xd0,0xa4,0xd0,0xa4,0xd0,0xa4,0xd0,0xa4,0xd0,0xa4,0xd0,0xa4,0xd0,0xa4,0xf1,0xac,
    0xf1,0xac,0xf1,0xac,0xf1,0xac,0xf1,0xac,0x11,0xad,0x11,0xad,0x11,0xad,0x11,0xad,
    0x11,0xad,0x11,0xad,0x31,0xb5,0x32,0xb5,0x32,0xb5,0x32,0xb5,0x32,0xb5,0x32,0xb5,
    0x4f,0x94,0x88,0x52,0x07,0x3a,0x07,0x3a,0x07,0x3a,0x07,0x42,0xe7,0x39,0xe7,0x39,
    0xe7,0x39,0x07,0x3a,0x07,0x42,0x07,0x42,0xe6,0x39,0x07,0x3a,0x07,0x3a,0xe6,0x39,
    0x07,0x3a,0x07,0x3a,0x07,0x3a,0x07,0x3a,0xe6,0x39,0x07,0x3a,0xe7,0x39,0xe6,0x39,
    0x07,0x3a,0xe6,0x39,0x07,0x3a,0x07,0x3a,0xe6,0x39,0x07,0x3a,0xe6,0x39,0xe6,0x39,
    0x07,0x3a,0xe7,0x39,0xe6,0x39,0x07,0x3a,0x07,0x3a,0xe6,0x39,0x07,0x3a,0xe6,0x39,
    0x07,0x3a,0xe7,0x39,0xe6,0x39,0xe6,0x39,0xe7,0x39,0xe6,0x39,0x07,0x3a,0xe6,0x39,
    0xe6,0x39,0xe6,0x39,0xe6,0x39,0xe6,0x39,0x07,0x3a,0xe6,0x39,0x07,0x3a,0xe6,0x39,
    0xe6,0x39,0xe6,0x39,0xe6,0x39,0xe6,0x39,0xe6,0x39,0x07,0x3a,0x07,0x3a,0xe6,0x39,
    0xe7,0x39,0xe6,0x39,0xe6,0x39,0xe7,0x39,0xe6,0x39,0x3a,0xe6,0x39,0xc8,0xc6,0x39,
    0xe6,0x39,0xe6,0x39,0xc6,0x39,0xe6,0x39,0xe6,0x39,0xe6,0x39,0xe6,0x39,0xc6,0x39,
    0xe6,0x39,0xe6,0x39,0xe6,0x39,0xc6,0x39,0xc6,0x39,0xe6,0x39,0xe6,0x39,0xc6,0x39,
    0xc6,0x39,0xe6,0x39,0xe6,0x39,0xe6,0x39,0xe6,0x39,0xc6,0x39,0xe6,0x39,0xe6,0x39,
    0xe6,0x39,0xc6,0x39,0xe6,0x39,0xc6,0x39,0xe6,0x39,0xc6,0x39,0xe6,0x39,0xe6,0x39,
    0xc6,0x39,0xc6,0x39,0xc6,0x39,0xc6,0x39,0xe6,0x39,0xe6,0x39,0xe6,0x39,0xe6,0x39,
    0xe6,0x39,0xc6,0x39,0xe6,0x39,0xe6,0x39,0xc6,0x39,0xc6,0x39,0xe6,0x39,0xe6,0x39,
    0xe6,0x39,0xc6,0x39,0xe6,0x39,0xe6,0x39,0xe6,0x39,0xe6,0x39,0xe6,0x39,0xe6,0x39,
    0xe6,0x39,0xe6,0x39,0xe6,0x39,0xc6,0x39,0xe6,0x39,0xc6,0x39,0xc6,0x39,0xc6,0x39,
    0xe6,0x39,0xc6,0x39,0xc6,0x39,0xc6,0x39,0xc6,0x39,0xe6,0x39,0xc6,0x39,0x16,0xc6,
    0x39,0xff,0x4b,0x6b,0x52,0xb5,0x52,0xb5,0x52,0xb5,0x52,0xb5,0x52,0xb5,0x32,0xb5,
    0x32,0xb5,0x32,0xb5,0x31,0xb5,0x31,0xb5,0x11,0xad,0x11,0xad,0x11,0xad,0x11,0xad,
    0xf1,0xac,0xf0,0xac,0xf0,0xac,0xd0,0xac,0xd0,0xa4,0xd0,0xa4,0xd0,0xa4,0xd0,0xa4,
    0xb0,0xa4,0xb0,0xa4,0xaf,0xa4,0xaf,0xa4,0xaf,0xa4,0xaf,0xa4,0xaf,0xa4,0xaf,0xa4,
    0xaf,0xa4,0xaf,0xa4,0x4e,0x94,0xea,0x62,0x89,0x52,0x48,0x4a,0x07,0x42,0xc6,0x39,
    0x85,0x31,0x64,0x29,0x24,0x21,0xe3,0x18,0xa2,0x18,0x82,0x10,0x61,0x08,0x41,0x08,
    0x20,0x08,0x20,0x00,0x00,0x00,0x00,0x00,0x00,0x00,0x20,0x00,0x40,0x08,0x41,0x08,
    0x61,0x08,0x82,0x10,0xa2,0x18,0xe3,0x18,0x04,0x21,0x44,0x29,0x85,0x31,0xc6,0x39,
    0xe7,0x41,0x27,0x4a,0x89,0x52,0x0a,0x63,0x0e,0x8c,0xb0,0xa4,0xb0,0xa4,0xb0,0xa4,
    0xb0,0xa4,0xb0,0xa4,0xb0,0xa4,0xd0,0xa4,0xd0,0xa4,0xd0,0xa4,0xd0,0xa4,0xd0,0xa4,
    0xd0,0xa4,0xd0,0xa4,0xd0,0xa4,0xf0,0xa4,0xf0,0xa4,0xf0,0xac,0xf1,0xac,0xf1,0xac,
    0xf1,0xac,0xf1,0xac,0xf1,0xac,0x11,0xad,0x11,0xad,0x11,0xad,0x11,0xad,0x11,0xad,
    0x11,0xad,0x32,0xad,0x32,0xb5,0x32,0xb5,0x4f,0x94,0x88,0x52,0x07,0x3a,0x07,0x3a,
    0xe6,0x39,0xe6,0x39,0xe6,0x39,0xe6,0x39,0x07,0x3a,0xe7,0x39,0x07,0x3a,0x07,0x3a,
    0xe6,0x39,0x07,0x3a,0x07,0x3a,0xe7,0x39,0xe6,0x39,0xe6,0x39,0xe7,0x39,0xe7,0x39,
    0xe6,0x39,0xe7,0x39,0xe7,0x39,0xe6,0x39,0xe7,0x39,0x07,0x3a,0xe6,0x39,0xe6,0x39,
    0xbb,0x07,0x3a,0x07,0x3a,0xe6,0x39,0xe6,0x39,0xe7,0x39,0xe6,0x39,0x07,0x3a,0x07,
    0x42,0x07,0x3a,0xe6,0x39,0x07,0x3a,0xe6,0x39,0xe6,0x39,0xe6,0x39,0xe6,0x39,0xe6,
    0x39,0xe6,0x39,0x07,0x3a,0xe6,0x39,0xe6,0x39,0xe6,0x39,0xe6,0x39,0xe6,0x39,0xe6,
    0x39,0xe6,0x39,0xe6,0x39,0xe6,0x39,0xe6,0x39,0xe6,0x39,0xe6,0x39,0xe6,0x39,0xe6,
    0x39,0xe6,0x39,0xe6,0x39,0xe7,0x39,0xe6,0x39,0xe6,0x39,0xe6,0x39,0xe6,0x39,0x07,
    0x3a,0xe6,0x39,0xe6,0x39,0xe6,0x39,0xe6,0x39,0xe6,0x39,0xe6,0x39,0xe6,0x39,0xe6,
    0x39,0xe6,0x39,0x06,0x3a,0xe6,0x39,0xe6,0x39,0xe6,0x39,0xe6,0x39,0xe6,0x39,0xe6,
    0x39,0xe6,0x39,0xc6,0x39,0xe6,0x39,0x13,0xe6,0x39,0xb5,0xc6,0x39,0xe6,0x39,0xe6,
    0x39,0xe6,0x39,0xe6,0x39,0xe6,0x39,0xe6,0x39,0xe6,0x39,0xe6,0x39,0xc6,0x39,0xe6,
    0x39,0xe6,0x39,0xc6,0x39,0xe6,0x39,0xe6,0x39,0xe6,0x39,0xe6,0x39,0xc6,0x39,0xe6,
    0x39,0xe6,0x39,0xe6,0x39,0xe6,0x39,0xe6,0x39,0xe6,0x39,0xe6,0x39,0xe6,0x39,0xe6,
    0x39,0xe6,0x39,0xc6,0x39,0xe6,0x39,0xe6,0x39,0xc6,0x39,0xc6,0x39,0xc6,0x39,0xc6,
    0x39,0xe6,0x39,0xc6,0x39,0xe6,0x39,0xc6,0x39,0xe6,0x39,0xe6,0x39,0xe6,0x39,0xe6,
    0x39,0xc6,0x39,0xc6,0x39,0xe6,0x39,0xc6,0x39,0xc6,0x39,0xe6,0x39,0xc6,0x39,0xc6,
    0x39,0xe6,0x39,0xc6,0x39,0x1d,0xc6,0x39,0x82,0xe6,0x39,0xc6,0x39,0x1f,0xc6,0x39,
    0xff,0x2b,0x6b,0x52,0xb5,0x52,0xb5,0x52,0xb5,0x52,0xb5,0x32,0xb5,0x32,0xb5,0x31,
    0xb5,0x31,0xb5,0x31,0xb5,0x11,0xad,0x11,0xad,0x11,0xad,0x11,0xad,0xf1,0xac,0xf0,
    0xac,0xf0,0xac,0xd0,0xac,0xd0,0xa4,0xd0,0xa4,0xd0,0xa4,0xd0,0xa4,0xb0,0xa4,0xaf,
    0xa4,0xaf,0xa4,0xaf,0xa4,0xaf,0xa4,0xaf,0xa4,0xaf,0xa4,0xaf,0xa4,0xaf,0xa4,0xaf,
    0xa4,0xaf,0xa4,0x2e,0x94,0xea,0x62,0x88,0x52,0x27,0x4a,0xe6,0x41,0xa6,0x39,0x85,
    0x31,0x44,0x29,0x03,0x21,0xe3,0x18,0xa2,0x18,0x82,0x10,0x61,0x08,0x41,0x08,0x20,
    0x08,0x20,0x00,0x00,0x00,0x00,0x00,0x00,0x00,0x20,0x00,0x20,0x08,0x41,0x08,0x61,
    0x08,0x81,0x10,0xa2,0x18,0xe3,0x18,0x03,0x21,0x44,0x29,0x85,0x31,0xa6,0x39,0xe6,
    0x41,0x27,0x4a,0x68,0x52,0xea,0x62,0xed,0x83,0xb0,0x9c,0xb0,0xa4,0xb0,0xa4,0xaf,
    0xa4,0xb0,0xa4,0xb0,0xa4,0xb0,0xa4,0xb0,0xa4,0xb0,0xa4,0xb0,0xa4,0xd0,0xa4,0xd0,
    0xa4,0xd0,0xa4,0xd0,0xa4,0xd0,0xa4,0xd0,0xa4,0xd0,0xa4,0xd0,0xa4,0xf1,0xac,0xf1,
    0xac,0xf1,0xac,0xf1,0xac,0xf1,0xac,0x11,0xad,0x11,0xad,0x11,0xad,0x11,0xad,0x11,
    0xad,0x11,0xad,0x11,0xad,0x32,0xb5,0x4f,0x94,0x88,0x52,0xe7,0x39,0xe6,0x39,0xe7,
    0x39,0xe7,0x39,0xe6,0x39,0xe7,0x39,0x07,0x3a,0xe6,0x39,0x07,0x3a,0xe6,0x39,0xe6,
    0x39,0xe7,0x39,0xe6,0x39,0xe6,0x39,0xe6,0x39,0xe6,0x39,0xe7,0x39,0xe7,0x39,0x07,
    0x3a,0xe6,0x39,0xe6,0x39,0xe7,0x39,0x07,0x3a,0x07,0x3a,0xe6,0x39,0xe6,0x39,0x8b,
    0x07,0x3a,0xe7,0x39,0xe6,0x39,0xe6,0x39,0xe6,0x39,0xe6,0x39,0xe6,0x39,0x07,0x3a,
    0xe6,0x39,0xe7,0x39,0xe6,0x39,0x15,0xe6,0x39,0xf1,0xc6,0x39,0xe6,0x39,0xe6,0x39,
    0xe6,0x39,0xe6,0x39,0xe6,0x39,0xe6,0x39,0xe6,0x39,0xe6,0x39,0xe6,0x39,0xe6,0x39,
    0xe6,0x39,0xe6,0x39,0xe6,0x39,0xe6,0x39,0xe6,0x39,0xe6,0x39,0xe6,0x39,0xc6,0x39,
    0xe6,0x39,0xe6,0x39,0xe6,0x39,0xe6,0x39,0xe6,0x39,0xc6,0x39,0xe6,0x39,0xe6,0x39,
    0xe6,0x39,0xe6,0x39,0xe6,0x39,0xe6,0x39,0xe6,0x39,0xe6,0x39,0xe6,0x39,0xe6,0x39,
    0xe6,0x39,0xe6,0x39,0xe6,0x39,0xe6,0x39,0xc6,0x39,0xc6,0x39,0xe6,0x39,0xe6,0x39,
    0xe6,0x39,0xe6,0x39,0xc6,0x39,0xc6,0x39,0xc6,0x39,0xe6,0x39,0xc6,0x39,0xe6,0x39,
    0xe6,0x39,0xe6,0x39,0xe6,0x39,0xe6,0x39,0xc6,0x39,0xe6,0x39,0xc6,0x39,0xc6,0x39,
    0xe6,0x39,0xe6,0x39,0xe6,0x39,0xc6,0x39,0xe6,0x39,0xe6,0x39,0xc6,0x39,0xe6,0x39,
    0xc6,0x39,0xc6,0x39,0xe6,0x39,0xe6,0x39,0xc6,0x39,0xc6,0x39,0xc6,0x39,0xc6,0x39,
    0xc6,0x39,0xc6,0x39,0xc6,0x39,0xc6,0x39,0xc6,0x39,0xc6,0x39,0xe6,0x39,0xc6,0x39,
    0xe6,0x39,0xc6,0x39,0xc6,0x39,0xe6,0x39,0xc6,0x39,0xe6,0x39,0xe6,0x39,0xc6,0x39,
    0xc6,0x39,0xc6,0x39,0xc6,0x39,0xc6,0x39,0xc6,0x39,0xc6,0x39,0xc6,0x39,0xc6,0x39,
    0xe6,0x39,0xc6,0x39,0xc6,0x39,0xc6,0x39,0xc6,0x39,0xc6,0x39,0xc6,0x39,0xc6,0x39,
    0xc6,0x39,0xc6,0x39,0xc6,0x39,0xc6,0x39,0xe6,0x39,0xc6,0x39,0x30,0xc6,0x39,0xff,
    0x2b,0x6b,0x52,0xb5,0x52,0xb5,0x52,0xb5,0x32,0xb5,0x31,0xb5,0x31,0xb5,0x31,0xb5,
    0x31,0xb5,0x11,0xad,0x11,0xad,0x11,0xad,0x11,0xad,0xf1,0xac,0xf0,0xac,0xf0,0xac,
    0xf0,0xac,0xd0,0xa4,0xd0,0xa4,0xd0,0xa4,0xd0,0xa4,0xb0,0xa4,0xaf,0xa4,0xaf,0xa4,
    0xaf,0xa4,0xaf,0xa4,0xaf,0xa4,0xaf,0xa4,0xaf,0xa4,0xaf,0xa4,0xaf,0xa4,0xaf,0xa4,
    0xaf,0xa4,0x0e,0x8c,0xc9,0x5a,0x68,0x52,0x27,0x4a,0xe6,0x39,0xa5,0x39,0x65,0x31,
    0x44,0x29,0x03,0x21,0xc3,0x18,0xa2,0x10,0x81,0x10,0x61,0x08,0x41,0x08,0x20,0x00,
    0x20,0x00,0x00,0x00,0x00,0x00,0x00,0x00,0x20,0x00,0x20,0x00,0x41,0x08,0x61,0x08,
    0x81,0x10,0xa2,0x10,0xc3,0x18,0x03,0x21,0x44,0x29,0x65,0x31,0xa5,0x39,0xe6,0x41,
    0x07,0x42,0x68,0x52,0xca,0x5a,0xcd,0x83,0x8f,0x9c,0xb0,0xa4,0xb0,0xa4,0xb0,0xa4,
    0xd0,0xa4,0xd0,0xa4,0xb0,0xa4,0xb0,0xa4,0xd0,0xa4,0xd0,0xa4,0xd0,0xa4,0xb0,0xa4,
    0xb0,0xa4,0xd0,0xa4,0xd0,0xa4,0xd0,0xa4,0xd0,0xa4,0xd0,0xa4,0xd0,0xa4,0xd0,0xa4,
    0xd0,0xac,0xf1,0xac,0xf1,0xac,0xf1,0xac,0x11,0xad,0x11,0xad,0x11,0xad,0x11,0xad,
    0x11,0xad,0x11,0xad,0x32,0xad,0x4f,0x94,0x89,0x52,0xe6,0x39,0xe6,0x39,0xe6,0x39,
    0xe6,0x39,0xe6,0x39,0xe6,0x39,0xe6,0x39,0x07,0x3a,0xe7,0x39,0xe6,0x39,0xe7,0x39,
    0xe6,0x39,0xe6,0x39,0xe6,0x39,0xe6,0x39,0xe7,0x39,0x07,0x42,0xe6,0x39,0xe6,0x39,
    0xe6,0x39,0xe6,0x39,0xe6,0x39,0xe6,0x39,0xe6,0x39,0xe6,0x39,0xe6,0x39,0xf0,0x07,
    0x3a,0x07,0x42,0xe6,0x39,0xe6,0x39,0xe6,0x39,0xe6,0x39,0xe6,0x39,0x07,0x3a,0xe6,
    0x39,0x07,0x3a,0xe6,0x39,0xe6,0x39,0xe6,0x39,0xe6,0x39,0xe6,0x39,0xe7,0x39,0xe6,
    0x39,0xc6,0x39,0x07,0x3a,0xe6,0x39,0xe6,0x39,0xe6,0x39,0xe6,0x39,0xc6,0x39,0xe6,
    0x39,0xc6,0x39,0xe7,0x39,0xe6,0x39,0xe6,0x39,0xe6,0x39,0xe6,0x39,0xe6,0x39,0xe6,
    0x39,0xe6,0x39,0xe6,0x39,0xe6,0x39,0xe6,0x39,0xe6,0x39,0xe6,0x39,0xe6,0x39,0xc6,
    0x39,0xe6,0x39,0xe7,0x39,0xe6,0x39,0xe6,0x39,0xe6,0x39,0xc6,0x39,0xe6,0x39,0xe6,
    0x39,0xc6,0x39,0xc6,0x39,0xe6,0x39,0xe6,0x39,0xe6,0x39,0xe6,0x39,0xe6,0x39,0xc6,
    0x39,0xc6,0x39,0xe6,0x39,0xc6,0x39,0xe6,0x39,0xe6,0x39,0xe6,0x39,0xe6,0x39,0xe6,
    0x39,0xe6,0x39,0xe6,0x39,0xe6,0x39,0xe6,0x39,0xe6,0x39,0xe6,0x39,0xe6,0x39,0xc6,
    0x39,0xc6,0x39,0xe6,0x39,0xe6,0x39,0xe6,0x39,0xe6,0x39,0xc6,0x39,0xc6,0x39,0xc6,
    0x39,0xe6,0x39,0xc6,0x39,0xc6,0x39,0xc6,0x39,0xe6,0x39,0xc6,0x39,0xe6,0x39,0xe6,
    0x39,0xe6,0x39,0xe6,0x39,0xe6,0x39,0xc6,0x39,0xc6,0x39,0xc6,0x39,0xe6,0x39,0xc6,
    0x39,0xe6,0x39,0xc6,0x39,0xc6,0x39,0xc6,0x39,0xc6,0x39,0xc6,0x39,0xc6,0x39,0xc6,
    0x39,0xc6,0x39,0xc6,0x39,0xc6,0x39,0xc6,0x39,0xc6,0x39,0xe6,0x39,0xc6,0x39,0x3e,
    0xc6,0x39,0xff,0xc5,0x39,0xc6,0x39,0xc5,0x31,0xc6,0x39,0xc6,0x39,0xc6,0x39,0xc6,
    0x39,0xc6,0x39,0xc6,0x39,0xc6,0x39,0xc6,0x39,0xa5,0x31,0xc6,0x39,0xc5,0x31,0xc6,
    0x39,0xc6,0x39,0xc6,0x39,0xc6,0x39,0xc6,0x39,0x2a,0x6b,0x52,0xb5,0x52,0xb5,0x32,
    0xb5,0x32,0xb5,0x31,0xb5,0x31,0xb5,0x31,0xb5,0x11,0xad,0x11,0xad,0x11,0xad,0x11,
    0xad,0xf1,0xac,0xf0,0xac,0xf0,0xac,0xf0,0xac,0xd0,0xa4,0xd0,0xa4,0xd0,0xa4,0xd0,
    0xa4,0xb0,0xa4,0xaf,0xa4,0xaf,0xa4,0xaf,0xa4,0xaf,0xa4,0xaf,0xa4,0xaf,0xa4,0xaf,
    0xa4,0xaf,0xa4,0xaf,0xa4,0xaf,0xa4,0xaf,0xa4,0xaf,0xa4,0xed,0x83,0xa9,0x5a,0x48,
    0x52,0x07,0x42,0xc6,0x39,0x85,0x31,0x64,0x29,0x24,0x29,0x03,0x21,0xc2,0x18,0xa2,
    0x10,0x81,0x10,0x61,0x08,0x40,0x08,0x20,0x00,0x20,0x00,0x00,0x00,0x00,0x00,0x00,
    0x00,0x20,0x00,0x20,0x00,0x41,0x08,0x61,0x08,0x81,0x10,0xa2,0x10,0xc2,0x18,0x03,
    0x21,0x24,0x29,0x64,0x29,0x85,0x31,0xc6,0x39,0x07,0x42,0x48,0x4a,0xa9,0x5a,0xac,
    0x7b,0x8f,0x9c,0xd0,0xa4,0xb0,0xa4,0xb0,0xa4,0xb0,0xa4,0xb0,0xa4,0xb0,0xa4,0xb0,
    0xa4,0xb0,0xa4,0xb0,0xa4,0xb0,0xa4,0xb0,0xa4,0xb0,0xa4,0xb0,0xa4,0xd0,0xa4,0xd0,
    0xa4,0xd0,0xa4,0xd0,0xa4,0xd0,0xa4,0xd0,0xa4,0xd0,0xa4,0xd0,0xa4,0xf1,0xac,0xf1,
    0xac,0xf1,0xac,0x11,0xad,0x11,0xad,0x11,0xad,0x11,0xad,0x11,0xad,0x11,0xad,0x2e,
    0x94,0x88,0x52,0x07,0x3a,0xe7,0x39,0xe6,0x39,0xe7,0x39,0xe6,0x39,0xe6,0x39,0xe6,
    0x39,0xff,0xe6,0x39,0xe6,0x39,0xe6,0x39,0xe6,0x39,0xe6,0x39,0xe6,0x39,0xe6,0x39,
    0xe6,0x39,0xe6,0x39,0xe6,0x39,0xe6,0x39,0xc6,0x39,0xe6,0x39,0xe6,0x39,0xe7,0x39,
    0xe6,0x39,0xe6,0x39,0xe6,0x39,0xc6,0x39,0xe7,0x39,0xe6,0x39,0xe6,0x39,0xe6,0x39,
    0xe6,0x39,0xe6,0x39,0xe6,0x39,0xe7,0x39,0xe6,0x39,0xe7,0x39,0xe6,0x39,0xe6,0x39,
    0xe6,0x39,0xe6,0x39,0xe6,0x39,0xe6,0x39,0xc6,0x39,0xe6,0x39,0xe6,0x39,0xe6,0x39,
    0xe6,0x39,0xe6,0x39,0xe6,0x39,0xe6,0x39,0xe6,0x39,0xe6,0x39,0xe6,0x39,0xe6,0x39,
    0xe6,0x39,0xe6,0x39,0xc6,0x39,0xe6,0x39,0xe6,0x39,0xe6,0x39,0xc6,0x39,0xe6,0x39,
    0xe6,0x39,0xe6,0x39,0xe6,0x39,0xe6,0x39,0xe6,0x39,0xc6,0x31,0xe6,0x39,0xe6,0x39,
    0xe6,0x39,0xe6,0x39,0xe6,0x39,0xe6,0x39,0xe6,0x39,0xc6,0x39,0xe6,0x39,0xe6,0x39,
    0xe6,0x39,0xe6,0x39,0xe6,0x39,0xc6,0x39,0xc6,0x39,0xe6,0x39,0xc6,0x39,0xe6,0x39,
    0xe6,0x39,0xe6,0x39,0xe6,0x39,0xc6,0x39,0xc6,0x39,0x07,0x42,0xc6,0x39,0xc6,0x39,
    0xe6,0x39,0xe6,0x39,0xc6,0x39,0xe6,0x39,0xc6,0x39,0xc6,0x39,0xc6,0x39,0xc6,0x39,
    0xe6,0x39,0xe6,0x39,0xe6,0x39,0xc6,0x39,0xc6,0x39,0xc6,0x39,0xe6,0x39,0xc6,0x39,
    0xc6,0x39,0xc6,0x39,0xe6,0x39,0xc6,0x39,0xe6,0x39,0xc6,0x39,0xc6,0x39,0xc6,0x39,
    0xc6,0x39,0xc6,0x39,0xc6,0x39,0xc6,0x39,0xc6,0x39,0xc6,0x39,0xe6,0x39,0xc6,0x39,
    0xc6,0x39,0xc6,0x39,0xc6,0x39,0xc6,0x39,0xc6,0x39,0xe6,0x39,0xc6,0x39,0xc6,0x39,
    0x95,0xc6,0x39,0xc6,0x39,0xc6,0x39,0xc6,0x31,0xc6,0x39,0xc6,0x39,0xc6,0x39,0xe6,
    0x39,0xc6,0x39,0xc6,0x39,0xc6,0x39,0xc6,0x39,0xc6,0x39,0xc6,0x39,0xc6,0x39,0xc6,
    0x39,0xc6,0x39,0xc6,0x39,0xc6,0x39,0xe6,0x39,0xc6,0x39,0x16,0xc6,0x39,0xff,0xc6,
    0x31,0xc6,0x39,0xc6,0x39,0xc6,0x39,0xc6,0x39,0xc6,0x39,0xc6,0x39,0xc6,0x39,0xc6,
    0x39,0xa5,0x31,0xc6,0x39,0xc6,0x39,0xc6,0x39,0xc6,0x39,0xc5,0x31,0xc6,0x39,0xc6,
    0x31,0xc6,0x39,0xc6,0x39,0xc6,0x39,0xc6,0x39,0xc6,0x39,0xc6,0x39,0xc6,0x39,0xc6,
    0x39,0xc6,0x39,0xc6,0x39,0xc6,0x39,0xc6,0x39,0xc5,0x39,0xc5,0x39,0xc5,0x39,0xa5,
    0x31,0xc5,0x31,0xa5,0x31,0xa5,0x31,0xc5,0x39,0xc6,0x39,0xc6,0x39,0xc5,0x39,0xc6,
    0x39,0xc5,0x31,0x2b,0x6b,0x32,0xb5,0x32,0xb5,0x32,0xb5,0x31,0xb5,0x31,0xb5,0x11,
    0xb5,0x11,0xad,0x11,0xad,0x11,0xad,0x11,0xad,0xf1,0xac,0xf0,0xac,0xf0,0xac,0xf0,
    0xac,0xd0,0xa4,0xd0,0xa4,0xd0,0xa4,0xd0,0xa4,0xd0,0xa4,0xaf,0xa4,0xaf,0xa4,0xaf,
    0xa4,0xaf,0xa4,0xaf,0xa4,0xaf,0xa4,0xaf,0xa4,0xaf,0xa4,0xaf,0xa4,0xaf,0xa4,0xaf,
    0xa4,0xaf,0xa4,0xaf,0xa4,0xcd,0x83,0x89,0x52,0x48,0x4a,0x07,0x42,0xc6,0x39,0x85,
    0x31,0x44,0x29,0x24,0x21,0x03,0x21,0xc2,0x18,0xa2,0x10,0x61,0x10,0x61,0x08,0x40,
    0x08,0x20,0x00,0x20,0x00,0x00,0x00,0x00,0x00,0x00,0x00,0x20,0x00,0x20,0x00,0x41,
    0x08,0x61,0x08,0x61,0x10,0x82,0x10,0xc2,0x18,0xe3,0x20,0x24,0x21,0x44,0x29,0x85,
    0x31,0xc6,0x39,0xe6,0x41,0x27,0x4a,0x89,0x5a,0x8c,0x7b,0x8f,0x9c,0xd0,0xa4,0xb0,
    0xa4,0xb0,0xa4,0xaf,0xa4,0xaf,0xa4,0xb0,0xa4,0xb0,0xa4,0xb0,0xa4,0xb0,0xa4,0xb0,
    0xa4,0xb0,0xa4,0xb0,0xa4,0xd0,0xa4,0xd0,0xa4,0xd0,0xa4,0xd0,0xa4,0xff,0xd0,0xa4,
    0xd0,0xa4,0xd0,0xa4,0xd0,0xa4,0xd0,0xa4,0xf0,0xac,0xf0,0xac,0xf1,0xac,0xf1,0xac,
    0xf1,0xac,0xf1,0xac,0xf1,0xac,0x11,0xad,0x11,0xad,0xb0,0xa4,0x0e,0x8c,0xcd,0x83,
    0xcd,0x83,0xcd,0x83,0xcd,0x83,0xed,0x83,0xed,0x83,0xed,0x83,0xed,0x83,0xed,0x83,
    0xed,0x83,0xed,0x83,0xed,0x83,0xed,0x83,0xed,0x83,0xed,0x83,0xed,0x83,0xee,0x83,
    0xee,0x83,0xed,0x83,0x0e,0x84,0xed,0x83,0x0e,0x84,0xee,0x83,0x0e,0x84,0x0e,0x84,
    0xed,0x83,0x0e,0x84,0xed,0x83,0x0e,0x84,0x0e,0x84,0x0e,0x84,0x0e,0x84,0x0e,0x8c,
    0x0e,0x8c,0xee,0x83,0x0e,0x8c,0x0e,0x84,0x0e,0x8c,0x0e,0x8c,0x0e,0x8c,0x0e,0x84,
    0x0e,0x8c,0x0e,0x84,0x0e,0x8c,0x0e,0x84,0x0e,0x8c,0x0e,0x84,0x0e,0x84,0x0e,0x8c,
    0x0e,0x84,0x0d,0x84,0x0e,0x8c,0x0e,0x84,0x0e,0x84,0x0e,0x84,0x0e,0x8c,0x0e,0x84,
    0x0e,0x84,0x0e,0x8c,0x0e,0x8c,0x0d,0x84,0x0e,0x84,0x0e,0x8c,0x0e,0x8c,0x0e,0x8c,
    0x0e,0x8c,0x0e,0x8c,0xed,0x83,0x0e,0x8c,0x0e,0x84,0x0e,0x84,0x0e,0x8c,0x0e,0x84,
    0x0e,0x84,0x0e,0x8c,0xed,0x83,0x0e,0x8c,0x0d,0x84,0x0e,0x8c,0x0e,0x8c,0x0e,0x84,
    0x0e,0x84,0x0d,0x84,0x0d,0x84,0x0e,0x84,0x0d,0x84,0xee,0x83,0x0e,0x84,0x0e,0x84,
    0x0e,0x84,0xed,0x83,0x0e,0x8c,0xed,0x83,0x0e,0x84,0x0d,0x84,0x0d,0x84,0xed,0x83,
    0x0d,0x84,0x0e,0x8c,0xed,0x83,0xed,0x83,0x0e,0x84,0x0e,0x84,0xed,0x83,0x0d,0x84,
    0x0d,0x84,0x0e,0x84,0xed,0x83,0x0d,0x84,0xed,0x83,0xed,0x83,0xc6,0x0e,0x84,0x0e,
    0x8c,0x0d,0x84,0x0d,0x84,0x0d,0x84,0xed,0x83,0x0e,0x84,0x0e,0x84,0xed,0x83,0xed,
    0x83,0x0d,0x84,0x0d,0x84,0xed,0x83,0xed,0x83,0x0d,0x84,0x0e,0x84,0x0d,0x84,0xed,
    0x83,0xed,0x83,0xed,0x83,0xed,0x83,0xed,0x83,0xed,0x83,0x0d,0x84,0xed,0x83,0xed,
    0x83,0xed,0x83,0x0d,0x84,0x0d,0x84,0x0d,0x84,0xed,0x83,0xed,0x83,0xed,0x83,0x0d,
    0x84,0xed,0x83,0xed,0x83,0x0d,0x84,0xed,0x83,0xed,0x83,0x0d,0x84,0xed,0x83,0xed,
    0x83,0x0d,0x84,0xed,0x83,0xed,0x83,0xed,0x83,0xed,0x83,0x0d,0x84,0xed,0x83,0xed,
    0x83,0x0e,0x84,0xed,0x83,0xed,0x83,0xed,0x83,0xed,0x83,0xed,0x83,0xed,0x83,0xed,
    0x83,0xed,0x83,0xed,0x83,0x0d,0x84,0xed,0x83,0xed,0x83,0xed,0x83,0xed,0x83,0xed,
    0x83,0xed,0x83,0xed,0x83,0x0d,0x84,0xed,0x83,0x23,0xed,0x83,0xff,0xcd,0x83,0xcd,
    0x83,0xcd,0x83,0x6f,0x94,0x32,0xb5,0x32,0xb5,0x31,0xb5,0x31,0xb5,0x11,0xad,0x11,
    0xad,0x11,0xad,0x11,0xad,0x11,0xad,0x11,0xad,0xf1,0xac,0xf0,0xac,0xf0,0xac,0xd0,
    0xa4,0xd0,0xa4,0xd0,0xa4,0xd0,0xa4,0xd0,0xa4,0xd0,0xa4,0xaf,0xa4,0xaf,0xa4,0xaf,
    0xa4,0xaf,0xa4,0xaf,0xa4,0xaf,0xa4,0xaf,0xa4,0xaf,0xa4,0xaf,0xa4,0xaf,0xa4,0xaf,
    0xa4,0xaf,0xa4,0xaf,0xa4,0x8c,0x7b,0x88,0x52,0x27,0x4a,0xe6,0x41,0xa5,0x39,0x85,
    0x31,0x44,0x29,0x03,0x21,0xe3,0x20,0xc2,0x18,0x82,0x10,0x61,0x08,0x61,0x08,0x40,
    0x08,0x20,0x00,0x20,0x00,0x00,0x00,0x00,0x00,0x00,0x00,0x00,0x00,0x20,0x00,0x41,
    0x08,0x41,0x08,0x61,0x08,0x82,0x10,0xc2,0x18,0xe3,0x18,0x03,0x21,0x44,0x29,0x65,
    0x31,0xa6,0x39,0xe6,0x41,0x27,0x4a,0x68,0x52,0x6b,0x73,0x6f,0x9c,0xb0,0xa4,0xb0,
    0xa4,0xaf,0xa4,0xaf,0xa4,0xaf,0xa4,0xaf,0xa4,0xb0,0xa4,0xb0,0xa4,0xb0,0xa4,0xb0,
    0xa4,0xd0,0xa4,0xb0,0xa4,0xb0,0xa4,0xd0,0xa4,0xb0,0xa4,0xb0,0xa4,0xd0,0xa4,0xb0,
    0xa4,0xd0,0xa4,0xd0,0xa4,0xf1,0xa4,0xd0,0xa4,0xd0,0xa4,0xd0,0xac,0xf1,0xac,0xf1,
    0xac,0xf1,0xac,0xf1,0xac,0xf1,0xac,0xf1,0xac,0x11,0xad,0x11,0xad,0x11,0xad,0x11,
    0xad,0x31,0xad,0x31,0xad,0x31,0xad,0x31,0xb5,0x32,0xb5,0x32,0xb5,0x32,0xb5,0x32,
    0xb5,0x32,0xb5,0x52,0xb5,0x52,0xb5,0x32,0xb5,0x52,0xb5,0x52,0xb5,0x52,0xb5,0x52,
    0xb5,0x52,0xb5,0x52,0xb5,0x52,0xb5,0x52,0xb5,0x52,0xb5,0xe6,0x52,0xb5,0x52,0xb5,
    0x73,0xb5,0x52,0xb5,0x73,0xb5,0x72,0xb5,0x72,0xbd,0x72,0xbd,0x72,0xbd,0x72,0xbd,
    0x73,0xbd,0x73,0xbd,0x72,0xbd,0x73,0xbd,0x72,0xbd,0x72,0xbd,0x72,0xbd,0x72,0xbd,
    0x72,0xbd,0x73,0xbd,0x72,0xbd,0x72,0xbd,0x73,0xbd,0x72,0xbd,0x72,0xbd,0x73,0xbd,
    0x72,0xbd,0x73,0xbd,0x72,0xbd,0x73,0xbd,0x72,0xbd,0x72,0xbd,0x72,0xbd,0x72,0xbd,
    0x72,0xbd,0x73,0xbd,0x72,0xbd,0x73,0xbd,0x72,0xbd,0x72,0xbd,0x72,0xbd,0x73,0xbd,
    0x72,0xbd,0x72,0xbd,0x72,0xbd,0x73,0xbd,0x72,0xbd,0x72,0xbd,0x73,0xbd,0x72,0xbd,
    0x73,0xbd,0x72,0xbd,0x72,0xbd,0x72,0xbd,0x72,0xbd,0x72,0xbd,0x72,0xbd,0x73,0xbd,
    0x72,0xbd,0x72,0xbd,0x72,0xbd,0x73,0xbd,0x72,0xbd,0x72,0xbd,0x72,0xbd,0x72,0xbd,
    0x72,0xbd,0x72,0xbd,0x72,0xbd,0x73,0xbd,0x72,0xbd,0x72,0xbd,0x72,0xbd,0x72,0xbd,
    0x72,0xbd,0x73,0xbd,0x72,0xbd,0x72,0xbd,0x72,0xbd,0x72,0xbd,0x72,0xbd,0x72,0xbd,
    0x72,0xbd,0x72,0xbd,0x72,0xbd,0x72,0xbd,0x72,0xbd,0x72,0xbd,0x72,0xbd,0x73,0xbd,
    0x72,0xbd,0x72,0xbd,0x72,0xbd,0x72,0xbd,0x72,0xbd,0x72,0xbd,0x72,0xbd,0x73,0xbd,
    0x72,0xbd,0x72,0xbd,0x73,0xbd,0x72,0xbd,0x48,0x72,0xbd,0x13,0x52,0xb5,0xff,0x32,
    0xb5,0x32,0xb5,0x32,0xb5,0x32,0xb5,0x31,0xb5,0x31,0xb5,0x31,0xb5,0x11,0xad,0x11,
    0xad,0x11,0xad,0x11,0xad,0x11,0xad,0x11,0xad,0xf1,0xac,0xf0,0xac,0xf0,0xac,0xd0,
    0xa4,0xd0,0xa4,0xd0,0xa4,0xd0,0xa4,0xd0,0xa4,0xd0,0xa4,0xaf,0xa4,0xaf,0xa4,0xaf,
    0xa4,0xaf,0xa4,0xaf,0xa4,0xaf,0xa4,0xaf,0xa4,0xaf,0xa4,0xaf,0xa4,0xaf,0xa4,0xaf,
    0xa4,0xaf,0xa4,0xaf,0xa4,0xaf,0xa4,0x2b,0x6b,0x68,0x52,0x07,0x42,0xc6,0x39,0xa5,
    0x31,0x65,0x31,0x24,0x29,0x03,0x21,0xe3,0x18,0xa2,0x18,0x82,0x10,0x61,0x08,0x41,
    0x08,0x20,0x00,0x20,0x00,0x20,0x00,0x00,0x00,0x00,0x00,0x00,0x00,0x00,0x00,0x20,
    0x00,0x40,0x08,0x41,0x08,0x61,0x08,0x81,0x10,0xa2,0x18,0xe3,0x18,0x03,0x21,0x24,
    0x29,0x65,0x31,0x85,0x31,0xc6,0x39,0x07,0x42,0x48,0x4a,0x2a,0x6b,0x4e,0x94,0x8f,
    0x9c,0x8f,0x9c,0x8f,0x9c,0x8f,0x9c,0x8f,0x9c,0x8f,0xa4,0x8f,0x9c,0x8f,0xa4,0xaf,
    0xa4,0x8f,0x9c,0xb0,0xa4,0xaf,0xa4,0xaf,0xa4,0xaf,0xa4,0xb0,0xa4,0xb0,0xa4,0xb0,
    0xa4,0xb0,0xa4,0xb0,0xa4,0xb0,0xa4,0xb0,0xa4,0xb0,0xa4,0xd0,0xa4,0xd0,0xa4,0xd0,
    0xa4,0xd0,0xa4,0xd0,0xa4,0xd0,0xa4,0xd0,0xa4,0xd0,0xa4,0xf0,0xac,0xf1,0xac,0xf1,
    0xac,0xf1,0xac,0xf1,0xac,0x11,0xad,0x11,0xad,0x11,0xad,0x11,0xad,0x11,0xad,0x11,
    0xad,0x11,0xad,0x11,0xad,0x32,0xb5,0x31,0xad,0x32,0xad,0x31,0xb5,0x32,0xb5,0x32,
    0xb5,0x32,0xb5,0x32,0xb5,0x32,0xb5,0x32,0xb5,0x32,0xb5,0x52,0xb5,0x86,0x32,0xb5,
    0x52,0xb5,0x52,0xb5,0x52,0xb5,0x32,0xb5,0x52,0xb5,0x51,0x52,0xb5,0x86,0x52,0xbd,
    0x52,0xbd,0x52,0xbd,0x52,0xbd,0x52,0xbd,0x72,0xbd,0x48,0x72,0xbd,0x86,0x52,0xbd,
    0x52,0xb5,0x52,0xb5,0x72,0xbd,0x72,0xbd,0x52,0xb5,0x14,0x52,0xb5,0xcb,0x32,0xb5,
    0x32,0xb5,0x32,0xb5,0x32,0xb5,0x31,0xb5,0x31,0xb5,0x31,0xb5,0x11,0xad,0x11,0xad,
    0x11,0xad,0x11,0xad,0x11,0xad,0x11,0xad,0xf1,0xac,0xf0,0xac,0xf0,0xac,0xf0,0xac,
    0xd0,0xa4,0xd0,0xa4,0xd0,0xa4,0xd0,0xa4,0xd0,0xa4,0xd0,0xa4,0xb0,0xa4,0xaf,0xa4,
    0xaf,0xa4,0xaf,0xa4,0xaf,0xa4,0xaf,0xa4,0xaf,0xa4,0xaf,0xa4,0xaf,0xa4,0xaf,0xa4,
    0xaf,0xa4,0xaf,0xa4,0xaf,0xa4,0xaf,0xa4,0xaf,0xa4,0xea,0x62,0x48,0x4a,0x07,0x42,
    0xc6,0x39,0x85,0x31,0x44,0x29,0x24,0x21,0x03,0x21,0xc2,0x18,0xa2,0x10,0x81,0x10,
    0x61,0x08,0x41,0x08,0x20,0x00,0x20,0x00,0x20,0x00,0x00,0x00,0x00,0x00,0x00,0x00,
    0x00,0x00,0x20,0x00,0x20,0x00,0x41,0x08,0x61,0x08,0x81,0x10,0xa2,0x10,0xc2,0x18,
    0xe3,0x20,0x24,0x21,0x44,0x29,0x85,0x31,0xa6,0x39,0xe6,0x41,0x27,0x4a,0xc9,0x5a,
    0xed,0x8b,0x8f,0x9c,0x12,0x8f,0x9c,0x9e,0xaf,0x9c,0xaf,0x9c,0xaf,0xa4,0xaf,0xa4,
    0xb0,0xa4,0xb0,0xa4,0xb0,0xa4,0xb0,0xa4,0xb0,0xa4,0xb0,0xa4,0xb0,0xa4,0xd0,0xa4,
    0xd0,0xa4,0xd0,0xa4,0xd0,0xa4,0xd0,0xa4,0xd0,0xa4,0xd0,0xa4,0xf0,0xa4,0xf0,0xa4,
    0xf1,0xac,0xf1,0xac,0xf1,0xac,0xf0,0xac,0xf1,0xac,0xf1,0xac,0xf1,0xac,0xf1,0xac,
    0xf1,0xac,0x11,0xad,0x11,0x11,0xad,0xa1,0x31,0xad,0x31,0xad,0x11,0xad,0x31,0xb5,
    0x31,0xb5,0x31,0xb5,0x31,0xb5,0x31,0xb5,0x31,0xb5,0x31,0xb5,0x31,0xb5,0x32,0xb5,
    0x32,0xb5,0x32,0xb5,0x31,0xb5,0x31,0xb5,0x32,0xb5,0x31,0xb5,0x32,0xb5,0x31,0xb5,
    0x32,0xb5,0x32,0xb5,0x31,0xb5,0x32,0xb5,0x32,0xb5,0x32,0xb5,0x32,0xb5,0x32,0xb5,
    0x32,0xb5,0x32,0xb5,0x32,0xb5,0x31,0xb5,0x32,0xb5,0x30,0x32,0xb5,0x5a,0x52,0xb5,
    0xff,0x32,0xb5,0x32,0xb5,0x32,0xb5,0x32,0xb5,0x32,0xb5,0x32,0xb5,0x32,0xb5,0x31,
    0xb5,0x31,0xb5,0x31,0xb5,0x31,0xb5,0x31,0xb5,0x11,0xad,0x11,0xad,0x11,0xad,0x11,
    0xad,0x11,0xad,0x11,0xad,0x11,0xad,0xf1,0xac,0xf0,0xac,0xf0,0xac,0xf0,0xac,0xf0,
    0xac,0xd0,0xa4,0xd0,0xa4,0xd0,0xa4,0xd0,0xa4,0xd0,0xa4,0xb0,0xa4,0xb0,0xa4,0xaf,
    0xa4,0xaf,0xa4,0xaf,0xa4,0xaf,0xa4,0xaf,0xa4,0xaf,0xa4,0xaf,0xa4,0xaf,0xa4,0xaf,
    0xa4,0xaf,0xa4,0xaf,0xa4,0xaf,0xa4,0xaf,0xa4,0xaf,0xa4,0xaf,0xa4,0x6e,0x94,0x88,
    0x52,0x27,0x4a,0xe6,0x39,0xa5,0x39,0x65,0x31,0x44,0x29,0x03,0x21,0xe3,0x20,0xc2,
    0x18,0xa2,0x10,0x81,0x10,0x61,0x08,0x41,0x08,0x20,0x00,0x20,0x00,0x00,0x00,0x00,
    0x00,0x00,0x00,0x00,0x00,0x00,0x00,0x20,0x00,0x20,0x00,0x40,0x08,0x41,0x08,0x61,
    0x10,0x82,0x10,0xc2,0x18,0xe3,0x18,0x03,0x21,0x24,0x29,0x65,0x29,0x85,0x31,0xc6,
    0x39,0x07,0x42,0x68,0x52,0xac,0x7b,0x6e,0x94,0x6f,0x9c,0x6f,0x9c,0x6f,0x9c,0x6f,
    0x9c,0x6f,0x9c,0x6f,0x9c,0x6f,0x9c,0x6f,0x9c,0x6f,0x9c,0x6f,0x9c,0x6f,0x9c,0x6f,
    0x9c,0x6f,0x9c,0x6f,0x9c,0x8f,0x9c,0x6f,0x9c,0x6f,0x9c,0x6f,0x9c,0x8f,0x9c,0x8f,
    0x9c,0x8f,0x9c,0x8f,0x9c,0x8f,0x9c,0x8f,0x9c,0x8f,0x9c,0x8f,0x9c,0x8f,0x9c,0x8f,
    0x9c,0x8f,0x9c,0xaf,0x9c,0xaf,0x9c,0x8f,0x9c,0x8f,0x9c,0x8f,0x9c,0x8f,0x9c,0xb0,
    0xa4,0xb0,0xa4,0xb0,0xa4,0xb0,0xa4,0xb0,0xa4,0xd0,0xa4,0xb0,0xa4,0xb0,0xa4,0xd5,
    0xb0,0xa4,0xb0,0xa4,0xd0,0xa4,0xd0,0xa4,0xd0,0xa4,0xd0,0xa4,0xd0,0xa4,0xd0,0xa4,
    0xd0,0xa4,0xd0,0xa4,0xd0,0xa4,0xd0,0xa4,0xd0,0xa4,0xd0,0xa4,0xd0,0xa4,0xf1,0xac,
    0xd0,0xa4,0xd0,0xa4,0xd0,0xa4,0xd0,0xa4,0xd0,0xa4,0xd0,0xa4,0xd0,0xa4,0xd0,0xa4,
    0xd0,0xa4,0xf0,0xac,0xf0,0xac,0xf0,0xac,0xf0,0xa4,0xf0,0xa4,0xf1,0xac,0xd0,0xa4,
    0xf0,0xac,0xf0,0xac,0xf1,0xac,0xf1,0xac,0xf0,0xac,0xf0,0xac,0xf1,0xac,0xf0,0xa4,
    0xf1,0xac,0xf0,0xac,0xf1,0xac,0xf1,0xac,0xf1,0xac,0xf1,0xac,0xf1,0xac,0xf1,0xac,
    0xf1,0xac,0xf1,0xac,0xf1,0xac,0xf1,0xac,0xf1,0xac,0xf0,0xac,0xf1,0xac,0xf1,0xac,
    0xf1,0xac,0xf1,0xac,0xf1,0xac,0xf1,0xac,0xf1,0xac,0xf1,0xac,0xf1,0xac,0xf1,0xac,
    0xf1,0xac,0xf1,0xac,0xf1,0xac,0xf1,0xac,0xf1,0xac,0xf1,0xac,0x11,0xad,0xf1,0xac,
    0xf1,0xac,0xf1,0xac,0xf1,0xac,0xf1,0xac,0x11,0xad,0xf1,0xac,0x11,0xad,0xf1,0xac,
    0x11,0xad,0xf1,0xac,0xf1,0xac,0xf1,0xac,0x11,0xad,0x2f,0x11,0xad,0x87,0x11,0xb5,
    0x11,0xad,0x11,0xad,0x11,0xad,0x11,0xad,0x11,0xb5,0x31,0xb5,0x34,0x31,0xb5,0xff,
    0x11,0xb5,0x31,0xb5,0x11,0xb5,0x11,0xad,0x11,0xad,0x11,0xad,0x11,0xad,0x11,0xad,
    0x11,0xad,0x11,0xad,0x11,0xad,0x11,0xad,0x11,0xad,0x11,0xad,0xf1,0xac,0xf1,0xac,
    0xf1,0xac,0xf0,0xac,0xf0,0xac,0xf0,0xac,0xf0,0xac,0xd0,0xac,0xd0,0xa4,0xd0,0xa4,
    0xd0,0xa4,0xd0,0xa4,0xd0,0xa4,0xb0,0xa4,0xaf,0xa4,0xaf,0xa4,0xaf,0xa4,0xaf,0xa4,
    0xaf,0xa4,0xaf,0xa4,0xaf,0xa4,0x8f,0xa4,0x8f,0xa4,0x8f,0xa4,0x8f,0x9c,0x8f,0x9c,
    0x8f,0x9c,0x8f,0x9c,0x8f,0x9c,0x8f,0x9c,0x8f,0x9c,0x8f,0x9c,0x8f,0x9c,0xaf,0xa4,
    0x8c,0x7b,0x48,0x4a,0x07,0x42,0xc6,0x39,0x85,0x31,0x44,0x29,0x24,0x29,0x03,0x21,
    0xe3,0x18,0xa2,0x18,0x82,0x10,0x61,0x08,0x41,0x08,0x40,0x08,0x20,0x00,0x20,0x00,
    0x00,0x00,0x00,0x00,0x00,0x00,0x00,0x00,0x00,0x00,0x20,0x00,0x20,0x00,0x40,0x08,
    0x41,0x08,0x61,0x08,0x82,0x10,0xa2,0x18,0xc3,0x18,0x03,0x21,0x24,0x21,0x44,0x29,
    0x65,0x31,0xa6,0x39,0xe6,0x41,0x27,0x4a,0x4b,0x73,0x2e,0x94,0x4e,0x94,0x6f,0x9c,
    0x4e,0x94,0x4e,0x94,0x4e,0x94,0x6e,0x94,0x6e,0x9c,0x4e,0x94,0x6e,0x9c,0x6f,0x9c,
    0x4e,0x94,0x4e,0x94,0x4e,0x94,0x6e,0x9c,0x6e,0x9c,0x6e,0x9c,0x6f,0x9c,0x6e,0x9c,
    0x6f,0x9c,0x6f,0x9c,0x6f,0x9c,0x6f,0x9c,0x6f,0x9c,0x6e,0x9c,0x6f,0x9c,0x6e,0x9c,
    0x6e,0x9c,0x6f,0x9c,0x6f,0x9c,0x6f,0x9c,0x6f,0x9c,0x6f,0x9c,0x6f,0x9c,0x6f,0x9c,
    0x6f,0x9c,0x8f,0x9c,0x8f,0x9c,0x6f,0x9c,0x6f,0x9c,0x8f,0x9c,0x8f,0x9c,0xdc,0x8f,
    0x9c,0x6f,0x9c,0x8f,0x9c,0x8f,0x9c,0x8f,0x9c,0x8f,0x9c,0x8f,0x9c,0x8f,0x9c,0x8f,
    0x9c,0x8f,0x9c,0x8f,0x9c,0x8f,0x9c,0x8f,0x9c,0xaf,0x9c,0x8f,0x9c,0x8f,0x9c,0x8f,
    0x9c,0xaf,0x9c,0x8f,0x9c,0xaf,0x9c,0x8f,0x9c,0x8f,0x9c,0x8f,0x9c,0xaf,0x9c,0x8f,
    0x9c,0xaf,0x9c,0x8f,0x9c,0xaf,0xa4,0x8f,0x9c,0xaf,0xa4,0xaf,0xa4,0x8f,0x9c,0xaf,
    0xa4,0xaf,0xa4,0x8f,0xa4,0xaf,0xa4,0xaf,0xa4,0xaf,0xa4,0xaf,0xa4,0x8f,0x9c,0xb0,
    0xa4,0x8f,0x9c,0xaf,0xa4,0xaf,0xa4,0xaf,0xa4,0xaf,0xa4,0xaf,0xa4,0xb0,0xa4,0xb0,
    0xa4,0xb0,0xa4,0xb0,0xa4,0xb0,0xa4,0xb0,0xa4,0xaf,0xa4,0xb0,0xa4,0xb0,0xa4,0xb0,
    0xa4,0xaf,0xa4,0xb0,0xa4,0xb0,0xa4,0xb0,0xa4,0xb0,0xa4,0xb0,0xa4,0xaf,0xa4,0xaf,
    0xa4,0xb0,0xa4,0xaf,0xa4,0xb0,0xa4,0xb0,0xa4,0xb0,0xa4,0xb0,0xa4,0xb0,0xa4,0xd0,
    0xa4,0xb0,0xa4,0xb0,0xa4,0xb0,0xa4,0xb0,0xa4,0xb0,0xa4,0xb0,0xa4,0xb0,0xa4,0xb0,
    0xa4,0xb0,0xa4,0xb0,0xa4,0xb0,0xa4,0xb0,0xa4,0xb0,0xa4,0xd0,0xa4,0xb0,0xa4,0xd0,
    0xa4,0xd0,0xa4,0xb0,0xa4,0xd0,0xa4,0x28,0xd0,0xa4,0x89,0xd0,0xac,0xd0,0xac,0xd0,
    0xac,0xd0,0xac,0xd0,0xac,0xd0,0xac,0xf0,0xac,0xd0,0xac,0xf0,0xac,0x3e,0xf0,0xac,
    0xff,0xd0,0xac,0xd0,0xa4,0xd0,0xa4,0xd0,0xa4,0xd0,0xa4,0xd0,0xa4,0xd0,0xa4,0xd0,
    0xa4,0xd0,0xa4,0xd0,0xa4,0xb0,0xa4,0xb0,0xa4,0xaf,0xa4,0xaf,0xa4,0xaf,0xa4,0xaf,
    0xa4,0xaf,0xa4,0xaf,0xa4,0xaf,0xa4,0x8f,0xa4,0x8f,0xa4,0x8f,0x9c,0x8f,0x9c,0x8f,
    0x9c,0x8f,0x9c,0x8f,0x9c,0x8f,0x9c,0x8f,0x9c,0x8f,0x9c,0x8f,0x9c,0x8f,0x9c,0x8f,
    0x9c,0x8f,0x9c,0x8f,0x9c,0x8f,0x9c,0x8f,0x9c,0x8f,0x9c,0x6f,0x9c,0xa9,0x5a,0x27,
    0x4a,0xc6,0x39,0xa5,0x39,0x65,0x31,0x44,0x29,0x03,0x21,0xe3,0x20,0xc2,0x18,0xa2,
    0x10,0x81,0x10,0x61,0x08,0x41,0x08,0x40,0x08,0x20,0x00,0x00,0x00,0x00,0x00,0x00,
    0x00,0x00,0x00,0x00,0x00,0x00,0x00,0x20,0x00,0x20,0x00,0x20,0x08,0x41,0x08,0x61,
    0x08,0x81,0x10,0xa2,0x10,0xc2,0x18,0xe3,0x18,0x03,0x21,0x24,0x29,0x44,0x29,0x85,
    0x31,0xc6,0x39,0x07,0x42,0xc9,0x5a,0xed,0x8b,0x4e,0x94,0x4e,0x94,0x4e,0x94,0x4e,
    0x94,0x4e,0x94,0x4e,0x94,0x4e,0x94,0x4e,0x94,0x4e,0x94,0x4e,0x94,0x4e,0x94,0x4e,
    0x94,0x4e,0x94,0x4e,0x94,0x6e,0x94,0x4e,0x94,0x4e,0x94,0x6e,0x9c,0x6e,0x94,0x4e,
    0x94,0x4e,0x94,0x6e,0x94,0x6e,0x94,0x4e,0x94,0x4e,0x94,0x4e,0x94,0x4e,0x94,0x4e,
    0x94,0x4e,0x94,0x6e,0x94,0x6e,0x94,0x6e,0x94,0x6e,0x94,0x4e,0x94,0x6e,0x9c,0x6f,
    0x94,0x6e,0x9c,0x4e,0x94,0x4e,0x94,0x4e,0x94,0x6f,0x9c,0x6e,0x94,0x6f,0x9c,0x6f,
    0x9c,0x6e,0x9c,0x6f,0x9c,0x6f,0x9c,0x6f,0x9c,0x4e,0x9c,0x4e,0x9c,0x6e,0x9c,0xd0,
    0x6e,0x9c,0x6f,0x9c,0x6f,0x9c,0x6f,0x9c,0x6e,0x9c,0x6f,0x9c,0x6e,0x9c,0x6f,0x9c,
    0x6f,0x9c,0x6f,0x9c,0x6e,0x9c,0x6f,0x9c,0x6f,0x9c,0x6f,0x9c,0x6f,0x9c,0x6f,0x9c,
    0x6f,0x9c,0x6f,0x9c,0x6f,0x9c,0x6f,0x9c,0x8f,0x9c,0x6e,0x9c,0x6f,0x9c,0x6f,0x9c,
    0x6e,0x9c,0x6f,0x9c,0x6f,0x9c,0x6f,0x9c,0x6f,0x9c,0x6f,0x9c,0x8f,0x9c,0x6f,0x9c,
    0x6e,0x9c,0x6f,0x9c,0x6f,0x9c,0x6f,0x9c,0x6f,0x9c,0x8f,0x9c,0x6f,0x9c,0x6f,0x9c,
    0x6f,0x9c,0x6f,0x9c,0x6f,0x9c,0x6f,0x9c,0x6f,0x9c,0x6f,0x9c,0x8f,0x9c,0x6e,0x9c,
    0x6f,0x9c,0x8f,0x9c,0x6f,0x9c,0x8f,0x9c,0x6f,0x9c,0x6e,0x9c,0x6f,0x9c,0x6f,0x9c,
    0x6f,0x9c,0x6f,0x9c,0x6f,0x9c,0x6f,0x9c,0x6f,0x9c,0x6f,0x9c,0x8f,0x9c,0x8f,0x9c,
    0x6f,0x9c,0x8f,0x9c,0x6f,0x9c,0x8f,0x9c,0x6f,0x9c,0x8f,0x9c,0x6f,0x9c,0x6f,0x9c,
    0x8f,0x9c,0x6f,0x9c,0x6f,0x9c,0x8f,0x9c,0x8f,0x9c,0x8f,0x9c,0x6f,0x9c,0x8f,0x9c,
    0x32,0x8f,0x9c,0x87,0x8f,0xa4,0x8f,0xa4,0x8f,0xa4,0x8f,0xa4,0x8f,0xa4,0x8f,0xa4,
    0xaf,0xa4,0x3f,0xaf,0xa4,0xe6,0x8f,0xa4,0x8f,0xa4,0x8f,0x9c,0x8f,0x9c,0x8f,0x9c,
    0x8f,0x9c,0x8f,0x9c,0x8f,0x9c,0x8f,0x9c,0x8f,0x9c,0x8f,0x9c,0x8f,0x9c,0x6f,0x9c,
    0x6f,0x9c,0x6e,0x9c,0x6e,0x9c,0x6e,0x9c,0x6e,0x9c,0x6e,0x9c,0x6e,0x9c,0x6e,0x9c,
    0x6e,0x9c,0x6e,0x9c,0x6e,0x9c,0x6e,0x9c,0x6e,0x9c,0x6e,0x9c,0x6e,0x9c,0x6e,0x9c,
    0x8f,0x9c,0x8c,0x7b,0x27,0x4a,0xe7,0x41,0xa6,0x39,0x85,0x31,0x44,0x29,0x24,0x21,
    0x03,0x21,0xe3,0x18,0xc2,0x18,0xa2,0x10,0x61,0x10,0x61,0x08,0x41,0x08,0x20,0x00,
    0x20,0x00,0x00,0x00,0x00,0x00,0x00,0x00,0x00,0x00,0x00,0x00,0x00,0x00,0x20,0x00,
    0x20,0x00,0x20,0x00,0x40,0x08,0x41,0x08,0x61,0x10,0x82,0x10,0xa2,0x18,0xc3,0x18,
    0x03,0x21,0x24,0x21,0x44,0x29,0x65,0x31,0xa5,0x39,0xe6,0x41,0x48,0x4a,0x8c,0x7b,
    0x4e,0x94,0x4e,0x94,0x6f,0x9c,0x4e,0x94,0x4e,0x94,0x4e,0x94,0x4e,0x94,0x4e,0x94,
    0x4e,0x94,0x4e,0x94,0x4e,0x94,0x4e,0x94,0x4e,0x94,0x4e,0x94,0x6e,0x94,0x4e,0x94,
    0x4e,0x94,0x4e,0x94,0x4e,0x94,0x4e,0x94,0x4e,0x94,0x4e,0x94,0x4e,0x94,0x4e,0x94,
    0x4e,0x94,0x4e,0x94,0x4e,0x94,0x4e,0x94,0x4e,0x94,0x4e,0x94,0x4e,0x94,0x6e,0x94,
    0x4e,0x94,0x28,0x4e,0x94,0xdb,0x6e,0x94,0x4e,0x94,0x4e,0x94,0x4e,0x94,0x4e,0x94,
    0x4e,0x94,0x4e,0x94,0x4e,0x94,0x6e,0x94,0x4e,0x94,0x4e,0x94,0x4e,0x94,0x4e,0x94,
    0x4e,0x94,0x4e,0x94,0x4e,0x94,0x4e,0x94,0x4e,0x94,0x6e,0x9c,0x4e,0x94,0x4e,0x94,
    0x4e,0x94,0x4e,0x94,0x6e,0x94,0x4e,0x94,0x6e,0x9c,0x4e,0x94,0x6e,0x9c,0x4e,0x94,
    0x4e,0x94,0x4e,0x94,0x4e,0x94,0x4e,0x94,0x4e,0x94,0x4e,0x94,0x4e,0x9c,0x4e,0x94,
    0x6e,0x9c,0x4e,0x94,0x4e,0x94,0x4e,0x94,0x4e,0x94,0x4e,0x94,0x4e,0x94,0x4e,0x94,
    0x4e,0x94,0x4e,0x94,0x4e,0x94,0x4e,0x9c,0x4e,0x94,0x4e,0x94,0x6e,0x9c,0x6e,0x9c,
    0x4e,0x94,0x4e,0x94,0x4e,0x94,0x4e,0x94,0x4e,0x94,0x6e,0x9c,0x4e,0x94,0x4e,0x94,
    0x6e,0x9c,0x6e,0x9c,0x4e,0x9c,0x4e,0x94,0x4e,0x94,0x4e,0x94,0x6e,0x94,0x4e,0x94,
    0x4e,0x94,0x4e,0x94,0x4e,0x94,0x4e,0x9c,0x4e,0x9c,0x4e,0x94,0x6e,0x9c,0x6e,0x9c,
    0x6e,0x9c,0x4e,0x9c,0x4e,0x9c,0x6e,0x9c,0x6e,0x9c,0x6e,0x9c,0x6e,0x9c,0x6e,0x9c,
    0x4e,0x9c,0x4e,0x9c,0x6e,0x9c,0x6e,0x9c,0x4e,0x9c,0x6e,0x9c,0x26,0x6e,0x9c,0x82,
    0x6f,0x9c,0x6e,0x9c,0x25,0x6e,0x9c,0x82,0x6f,0x9c,0x6e,0x9c,0x17,0x6e,0x9c,0xc3,
    0x4e,0x9c,0x4e,0x9c,0x4e,0x9c,0x4e,0x9c,0x4e,0x9c,0x4e,0x9c,0x4e,0x9c,0x4e,0x9c,
    0x4e,0x9c,0x4e,0x9c,0x4e,0x9c,0x6e,0x9c,0x6e,0x9c,0x6e,0x9c,0x0d,0x8c,0x88,0x52,
    0x07,0x42,0xc6,0x39,0x85,0x31,0x64,0x29,0x24,0x29,0x03,0x21,0xe3,0x20,0xc2,0x18,
    0xa2,0x10,0x82,0x10,0x61,0x08,0x41,0x08,0x41,0x08,0x20,0x00,0x20,0x00,0x00,0x00,
    0x00,0x00,0x00,0x00,0x00,0x00,0x00,0x00,0x00,0x00,0x00,0x00,0x20,0x00,0x20,0x00,
    0x40,0x08,0x41,0x08,0x61,0x08,0x82,0x10,0xa2,0x10,0xc2,0x18,0xe3,0x18,0x03,0x21,
    0x24,0x29,0x44,0x29,0x85,0x31,0xc6,0x39,0x07,0x42,0xa9,0x5a,0x0e,0x8c,0x6f,0x9c,
    0x4e,0x94,0x6e,0x94,0x4e,0x94,0x4e,0x94,0x4e,0x94,0x4e,0x94,0x6e,0x94,0x4e,0x94,
    0x4e,0x94,0x6e,0x94,0x4e,0x94,0x13,0x4e,0x94,0x9c,0x6e,0x9c,0x4e,0x94,0x4e,0x94,
    0x4e,0x94,0x4e,0x94,0x4e,0x94,0x4e,0x94,0x4e,0x94,0x4e,0x94,0x4e,0x94,0x6e,0x94,
    0x4e,0x94,0x4e,0x94,0x4e,0x94,0x4e,0x94,0x4e,0x94,0x4e,0x94,0x6e,0x94,0x4e,0x94,
    0x6e,0x94,0x4e,0x94,0x4e,0x94,0x4e,0x94,0x4e,0x94,0x4e,0x94,0x4e,0x94,0x6e,0x94,
    0x4e,0x94,0x3d,0x4e,0x94,0x82,0x6e,0x9c,0x4e,0x94,0x7f,0x4e,0x94,0x1d,0x4e,0x94,
    0xff,0xed,0x8b,0xa9,0x5a,0x07,0x42,0xc6,0x39,0xa6,0x39,0x65,0x31,0x44,0x29,0x24,
    0x21,0x03,0x21,0xc3,0x18,0xa2,0x18,0xa2,0x10,0x81,0x10,0x61,0x08,0x41,0x08,0x40,
    0x08,0x20,0x00,0x00,0x00,0x00,0x00,0x00,0x00,0x00,0x00,0x00,0x00,0x00,0x00,0x00,
    0x00,0x00,0x00,0x20,0x00,0x20,0x00,0x20,0x00,0x41,0x08,0x61,0x08,0x61,0x10,0x82,
    0x10,0xa2,0x18,0xc3,0x18,0xe3,0x20,0x03,0x21,0x24,0x29,0x65,0x31,0xa5,0x39,0xe7,
    0x41,0x48,0x4a,0x0b,0x63,0x2f,0x8c,0x8f,0x9c,0x4e,0x94,0x4e,0x94,0x2e,0x94,0x2e,
    0x94,0x4e,0x94,0x6e,0x94,0x4e,0x94,0x4e,0x94,0x4e,0x94,0x4e,0x94,0x4e,0x94,0x4e,
    0x94,0x4e,0x94,0x2e,0x94,0x2e,0x94,0x2e,0x94,0x4e,0x94,0x2e,0x94,0x4e,0x94,0x4e,
    0x94,0x4e,0x94,0x2e,0x94,0x4e,0x94,0x4e,0x94,0x4e,0x94,0x4e,0x94,0x2e,0x94,0x2e,
    0x94,0x4e,0x94,0x4e,0x94,0x4e,0x94,0x4e,0x94,0x4e,0x94,0x4e,0x94,0x4e,0x94,0x4e,
    0x94,0x4e,0x94,0x4e,0x94,0x4e,0x94,0x4e,0x94,0x4e,0x94,0x4e,0x94,0x4e,0x94,0x4e,
    0x94,0x4e,0x94,0x2e,0x94,0x4e,0x94,0x4e,0x94,0x2e,0x94,0x4e,0x94,0x4e,0x94,0x4e,
    0x94,0x2e,0x94,0x2e,0x94,0x2e,0x94,0x2e,0x94,0x4e,0x94,0x4e,0x94,0x4e,0x94,0x4e,
    0x94,0x4e,0x94,0x4e,0x94,0x4e,0x94,0x4e,0x94,0x4e,0x94,0x4e,0x94,0x4e,0x94,0x4e,
    0x94,0x4e,0x94,0x2e,0x94,0x4e,0x94,0x4e,0x94,0x4e,0x94,0x4e,0x94,0x4e,0x94,0x2e,
    0x94,0x4e,0x94,0x4e,0x94,0x4e,0x94,0x2e,0x94,0x2e,0x94,0x4e,0x94,0x4e,0x94,0xdc,
    0x2e,0x94,0x2e,0x94,0x4e,0x94,0x4e,0x94,0x2e,0x94,0x4e,0x94,0x4e,0x94,0x4e,0x94,
    0x4e,0x94,0x4e,0x94,0x4e,0x94,0x4e,0x94,0x4e,0x94,0x2e,0x94,0x4e,0x94,0x2e,0x94,
    0x4e,0x94,0x4e,0x94,0x2e,0x94,0x2e,0x94,0x2e,0x94,0x2e,0x94,0x2e,0x94,0x2e,0x94,
    0x2e,0x94,0x2e,0x94,0x2d,0x94,0x2e,0x94,0x2e,0x94,0x2e,0x94,0x2e,0x94,0x2e,0x94,
    0x2e,0x94,0x2e,0x94,0x2d,0x94,0x2e,0x94,0x2e,0x94,0x2e,0x94,0x2e,0x94,0x2e,0x94,
    0x2e,0x94,0x2e,0x94,0x2e,0x94,0x2e,0x94,0x2e,0x94,0x2e,0x94,0x2e,0x94,0x2e,0x94,
    0x2e,0x94,0x2e,0x94,0x2e,0x94,0x2d,0x94,0x2e,0x94,0x2e,0x94,0x4e,0x94,0x2e,0x94,
    0x2e,0x94,0x2e,0x94,0x2e,0x94,0x2d,0x94,0x2e,0x94,0x4e,0x94,0x2e,0x94,0x2e,0x94,
    0x2e,0x94,0x2e,0x94,0x2e,0x94,0x2e,0x94,0x2e,0x94,0x2e,0x94,0x2d,0x94,0x2e,0x94,
    0x2e,0x94,0x2e,0x94,0x2e,0x94,0x2d,0x94,0x2e,0x94,0x2e,0x94,0x2e,0x94,0x2e,0x94,
    0x2e,0x94,0x2d,0x94,0x2d,0x94,0x2e,0x94,0x2e,0x94,0x2e,0x94,0x2e,0x94,0x2e,0x94,
    0x2e,0x94,0x2d,0x94,0x2d,0x94,0x2e,0x94,0x5b,0x2e,0x94,0xc2,0x4e,0x94,0x4e,0x94,
    0x4e,0x94,0x4e,0x94,0x4e,0x94,0x2e,0x94,0x2e,0x94,0x2d,0x94,0x0d,0x8c,0x8c,0x7b,
    0x89,0x5a,0x07,0x42,0xc6,0x39,0xa6,0x39,0x85,0x31,0x44,0x29,0x24,0x29,0x03,0x21,
    0xe3,0x18,0xc2,0x18,0xa2,0x10,0x82,0x10,0x61,0x10,0x41,0x08,0x41,0x08,0x20,0x00,
    0x20,0x00,0x00,0x00,0x00,0x00,0x00,0x00,0x00,0x00,0x00,0x00,0x00,0x00,0x00,0x00,
    0x00,0x00,0x20,0x00,0x20,0x00,0x20,0x00,0x40,0x08,0x41,0x08,0x61,0x08,0x81,0x10,
    0xa2,0x10,0xa2,0x18,0xc3,0x18,0xe3,0x18,0x03,0x21,0x44,0x29,0x65,0x31,0x85,0x31,
    0xa6,0x39,0xe6,0x41,0x27,0x4a,0x68,0x52,0xca,0x62,0x2b,0x6b,0x2b,0x6b,0x2b,0x6b,
    0x2b,0x6b,0x4b,0x6b,0x4b,0x73,0x4b,0x73,0x6b,0x73,0x6b,0x73,0x6c,0x73,0x8c,0x7b,
    0x7f,0x8c,0x7b,0x7c,0x8c,0x7b,0xc5,0x6c,0x7b,0x6c,0x73,0x6b,0x73,0x4b,0x73,0x2b,
    0x6b,0x2b,0x6b,0x0a,0x6b,0xea,0x62,0xa9,0x5a,0x88,0x52,0x48,0x52,0x27,0x4a,0x07,
    0x42,0xe6,0x41,0xc6,0x39,0xa5,0x31,0x85,0x31,0x64,0x29,0x24,0x29,0x03,0x21,0xe3,
    0x18,0xc2,0x18,0xa2,0x10,0x82,0x10,0x81,0x10,0x61,0x08,0x41,0x08,0x40,0x08,0x20,
    0x00,0x20,0x00,0x00,0x00,0x00,0x00,0x00,0x00,0x00,0x00,0x00,0x00,0x00,0x00,0x00,
    0x00,0x00,0x00,0x00,0x00,0x20,0x00,0x20,0x00,0x20,0x08,0x41,0x08,0x61,0x08,0x61,
    0x10,0x82,0x10,0xa2,0x10,0xc2,0x18,0xc2,0x18,0xe3,0x20,0x03,0x21,0x44,0x29,0x64,
    0x29,0x85,0x31,0xa5,0x39,0xc6,0x39,0xe6,0x41,0x07,0x42,0x27,0x4a,0x48,0x4a,0x68,
    0x52,0x68,0x52,0x89,0x52,0x89,0x5a,0xa9,0x5a,0xa9,0x5a,0xc9,0x5a,0xca,0x62,0xea,
    0x62,0x7f,0xea,0x62,0x7b,0xea,0x62,0xca,0xca,0x62,0xca,0x5a,0xc9,0x5a,0xa9,0x5a,
    0xa9,0x5a,0x89,0x5a,0x88,0x52,0x68,0x52,0x68,0x52,0x48,0x4a,0x27,0x4a,0x07,0x42,
    0xe6,0x41,0xc6,0x39,0xa6,0x39,0x85,0x31,0x65,0x31,0x44,0x29,0x24,0x29,0x03,0x21,
    0xe3,0x18,0xc2,0x18,0xa2,0x18,0x82,0x10,0x81,0x10,0x61,0x08,0x41,0x08,0x41,0x08,
    0x20,0x00,0x20,0x00,0x20,0x00,0x00,0x00,0x00,0x00,0x00,0x00,0x00,0x00,0x00,0x00,
    0x00,0x00,0x00,0x00,0x00,0x00,0x00,0x00,0x00,0x00,0x20,0x00,0x20,0x00,0x40,0x08,
    0x41,0x08,0x61,0x08,0x61,0x10,0x82,0x10,0xa2,0x10,0xa2,0x18,0xc2,0x18,0xe3,0x20,
    0x03,0x21,0x24,0x29,0x44,0x29,0x65,0x31,0x85,0x31,0xa5,0x39,0xc6,0x39,0xe6,0x41,
    0xe7,0x41,0x07,0x42,0x27,0x4a,0x27,0x4a,0x48,0x4a,0x68,0x52,0x68,0x52,0x68,0x52,
    0x88,0x52,0x88,0x52,0x89,0x52,0x89,0x52,0x89,0x52,0x89,0x5a,0x7f,0x89,0x5a,0x71,
    0x89,0x5a,0xcd,0x89,0x52,0x89,0x52,0x89,0x52,0x89,0x52,0x89,0x52,0x89,0x52,0x89,
    0x52,0x88,0x52,0x68,0x52,0x68,0x52,0x48,0x4a,0x48,0x4a,0x27,0x4a,0x27,0x4a,0x07,
    0x42,0x07,0x42,0xe6,0x41,0xc6,0x39,0xa6,0x39,0x85,0x31,0x85,0x31,0x64,0x29,0x44,
    0x29,0x24,0x29,0x03,0x21,0xe3,0x18,0xc2,0x18,0xa2,0x10,0x82,0x10,0x81,0x10,0x61,
    0x08,0x61,0x08,0x41,0x08,0x40,0x08,0x20,0x00,0x20,0x00,0x00,0x00,0x00,0x00,0x00,
    0x00,0x00,0x00,0x00,0x00,0x00,0x00,0x00,0x00,0x00,0x00,0x00,0x00,0x00,0x00,0x00,
    0x00,0x20,0x00,0x20,0x00,0x20,0x08,0x41,0x08,0x41,0x08,0x61,0x08,0x61,0x10,0x82,
    0x10,0xa2,0x10,0xa2,0x18,0xc3,0x18,0xe3,0x20,0x03,0x21,0x24,0x29,0x44,0x29,0x64,
    0x29,0x65,0x31,0x85,0x31,0xa5,0x39,0xc6,0x39,0xc6,0x39,0xe6,0x41,0xe7,0x41,0x07,
    0x42,0x07,0x42,0x27,0x4a,0x27,0x4a,0x27,0x4a,0x27,0x4a,0x48,0x4a,0x7f,0x48,0x4a,
    0x79,0x48,0x4a,0xc9,0x47,0x4a,0x47,0x4a,0x27,0x4a,0x27,0x4a,0x07,0x42,0x07,0x42,
    0x07,0x42,0xe6,0x41,0xe6,0x41,0xc6,0x39,0xc6,0x39,0xa6,0x39,0x85,0x31,0x85,0x31,
    0x65,0x29,0x44,0x29,0x24,0x29,0x03,0x21,0x03,0x21,0xe3,0x18,0xc2,0x18,0xa2,0x10,
    0x82,0x10,0x81,0x10,0x61,0x08,0x61,0x08,0x41,0x08,0x40,0x08,0x20,0x00,0x20,0x00,
    0x20,0x00,0x00,0x00,0x00,0x00,0x00,0x00,0x00,0x00,0x00,0x00,0x00,0x00,0x00,0x00,
    0x00,0x00,0x00,0x00,0x00,0x00,0x00,0x00,0x00,0x00,0x20,0x00,0x20,0x00,0x40,0x08,
    0x41,0x08,0x41,0x08,0x61,0x08,0x61,0x10,0x81,0x10,0xa2,0x10,0xa2,0x18,0xc2,0x18,
    0xe3,0x20,0x03,0x21,0x24,0x21,0x24,0x29,0x44,0x29,0x44,0x29,0x65,0x31,0x85,0x31,
    0x85,0x31,0xa5,0x39,0xa6,0x39,0xc6,0x39,0xc6,0x39,0xc6,0x39,0xe6,0x41,0xe6,0x41,
    0xe6,0x41,0xe7,0x41,0x07,0x42,0x7f,0x07,0x42,0x76,0x07,0x42,0xca,0xe7,0x41,0xe7,
    0x41,0xe6,0x41,0xe6,0x41,0xe6,0x41,0xe6,0x41,0xc6,0x39,0xc6,0x39,0xc6,0x39,0xa6,
    0x39,0xa5,0x39,0x85,0x31,0x85,0x31,0x85,0x31,0x64,0x29,0x44,0x29,0x24,0x29,0x24,
    0x21,0x03,0x21,0xe3,0x20,0xe3,0x18,0xc2,0x18,0xa2,0x10,0x82,0x10,0x81,0x10,0x61,
    0x08,0x61,0x08,0x41,0x08,0x40,0x08,0x20,0x00,0x20,0x00,0x20,0x00,0x00,0x00,0x00,
    0x00,0x00,0x00,0x00,0x00,0x00,0x00,0x00,0x00,0x00,0x00,0x00,0x00,0x00,0x00,0x00,
    0x00,0x00,0x00,0x00,0x00,0x00,0x00,0x00,0x00,0x20,0x00,0x20,0x00,0x40,0x08,0x41,
    0x08,0x41,0x08,0x61,0x08,0x61,0x10,0x81,0x10,0xa2,0x10,0xa2,0x18,0xc2,0x18,0xe3,
    0x18,0xe3,0x20,0x03,0x21,0x23,0x21,0x24,0x29,0x44,0x29,0x44,0x29,0x64,0x29,0x65,
    0x31,0x85,0x31,0x85,0x31,0x85,0x31,0xa5,0x39,0xa5,0x39,0xa6,0x39,0xa6,0x39,0xc6,
    0x39,0x7f,0xc6,0x39,0x7a,0xc6,0x39,0xc6,0xa6,0x39,0xa6,0x39,0xa5,0x39,0x85,0x31,
    0x85,0x31,0x85,0x31,0x85,0x31,0x65,0x31,0x65,0x31,0x44,0x29,0x44,0x29,0x24,0x29,
    0x24,0x21,0x03,0x21,0x03,0x21,0xe3,0x18,0xc2,0x18,0xa2,0x18,0xa2,0x10,0x82,0x10,
    0x81,0x10,0x61,0x08,0x61,0x08,0x41,0x08,0x40,0x08,0x20,0x08,0x20,0x00,0x20,0x00,
    0x00,0x00,0x00,0x00,0x00,0x00,0x00,0x00,0x00,0x00,0x00,0x00,0x00,0x00,0x00,0x00,
    0x00,0x00,0x00,0x00,0x00,0x00,0x00,0x00,0x00,0x00,0x00,0x00,0x00,0x00,0x20,0x00,
    0x20,0x00,0x20,0x00,0x40,0x08,0x41,0x08,0x41,0x08,0x61,0x08,0x61,0x08,0x82,0x10,
    0xa2,0x10,0xa2,0x10,0xc2,0x18,0xc3,0x18,0xe3,0x18,0xe3,0x20,0x03,0x21,0x03,0x21,
    0x24,0x21,0x44,0x29,0x44,0x29,0x44,0x29,0x44,0x29,0x64,0x29,0x65,0x31,0x65,0x31,
    0x65,0x31,0x85,0x31,0x7f,0x85,0x31,0x7a,0x85,0x31,0xc5,0x65,0x31,0x65,0x31,0x65,
    0x31,0x65,0x31,0x65,0x29,0x64,0x29,0x44,0x29,0x44,0x29,0x44,0x29,0x24,0x29,0x24,
    0x21,0x24,0x21,0x03,0x21,0xe3,0x20,0xe3,0x18,0xc3,0x18,0xc2,0x18,0xa2,0x10,0xa2,
    0x10,0x82,0x10,0x81,0x10,0x61,0x08,0x61,0x08,0x41,0x08,0x40,0x08,0x20,0x08,0x20,
    0x00,0x20,0x00,0x20,0x00,0x00,0x00,0x00,0x00,0x00,0x00,0x00,0x00,0x00,0x00,0x00,
    0x00,0x00,0x00,0x00,0x00,0x00,0x00,0x00,0x00,0x00,0x00,0x00,0x00,0x00,0x00,0x00,
    0x00,0x00,0x00,0x00,0x00,0x20,0x00,0x20,0x00,0x20,0x08,0x40,0x08,0x41,0x08,0x41,
    0x08,0x61,0x08,0x61,0x10,0x81,0x10,0x82,0x10,0xa2,0x10,0xa2,0x18,0xc2,0x18,0xc3,
    0x18,0xe3,0x18,0xe3,0x20,0x03,0x21,0x03,0x21,0x24,0x21,0x24,0x21,0x24,0x29,0x24,
    0x29,0x24,0x29,0x44,0x29,0x7f,0x44,0x29,0x7f,0x44,0x29,0xcf,0x44,0x29,0x24,0x29,
    0x24,0x29,0x24,0x21,0x03,0x21,0x03,0x21,0x03,0x21,0x03,0x21,0xe3,0x20,0xe3,0x18,
    0xc3,0x18,0xc2,0x18,0xa2,0x18,0xa2,0x10,0x82,0x10,0x82,0x10,0x81,0x10,0x61,0x08,
    0x61,0x08,0x41,0x08,0x40,0x08,0x20,0x08,0x20,0x00,0x20,0x00,0x20,0x00,0x20,0x00,
    0x00,0x00,0x00,0x00,0x00,0x00,0x00,0x00,0x00,0x00,0x00,0x00,0x00,0x00,0x00,0x00,
    0x00,0x00,0x00,0x00,0x00,0x00,0x00,0x00,0x00,0x00,0x00,0x00,0x00,0x00,0x00,0x00,
    0x00,0x00,0x20,0x00,0x20,0x00,0x20,0x00,0x40,0x08,0x41,0x08,0x41,0x08,0x61,0x08,
    0x61,0x08,0x61,0x10,0x81,0x10,0x82,0x10,0xa2,0x10,0xa2,0x10,0xc2,0x18,0xc2,0x18,
    0xc3,0x18,0xe3,0x18,0xe3,0x18,0xe3,0x20,0xe3,0x20,0x03,0x21,0x03,0x21,0x03,0x21,
    0x03,0x21,0x03,0x21,0x03,0x21,0x03,0x21,0x03,0x21,0x03,0x21,0x03,0x21,0x03,0x21,
    0x23,0x21,0x23,0x21,0x23,0x21,0x23,0x21,0x03,0x21,0x42,0x03,0x21,0x11,0x23,0x21,
    0x16,0x24,0x21,0x20,0x23,0x21,0x2f,0x24,0x21,0x27,0x23,0x21,0x15,0x03,0x21,0x97,
    0xe3,0x20,0xe3,0x20,0xe3,0x18,0xe3,0x18,0xc2,0x18,0xc2,0x18,0xc2,0x18,0xa2,0x10,
    0xa2,0x10,0x82,0x10,0x82,0x10,0x81,0x10,0x61,0x10,0x61,0x08,0x41,0x08,0x41,0x08,
    0x40,0x08,0x20,0x00,0x20,0x00,0x20,0x00,0x20,0x00,0x20,0x00,0x00,0x00,0x12,0x00,
    0x00,0x98,0x20,0x00,0x20,0x00,0x20,0x00,0x20,0x00,0x40,0x08,0x41,0x08,0x41,0x08,
    0x61,0x08,0x61,0x08,0x61,0x10,0x81,0x10,0x81,0x10,0x82,0x10,0xa2,0x10,0xa2,0x10,
    0xa2,0x10,0xa2,0x18,0xc2,0x18,0xc2,0x18,0xc2,0x18,0xc2,0x18,0xc3,0x18,0xc3,0x18,
    0xe3,0x18,0x7f,0xe3,0x18,0x7b,0xe3,0x18,0x9b,0xc3,0x18,0xc3,0x18,0xc3,0x18,0xc2,
    0x18,0xc2,0x18,0xc2,0x18,0xc2,0x18,0xa2,0x18,0xa2,0x10,0xa2,0x10,0xa2,0x10,0x82,
    0x10,0x81,0x10,0x81,0x10,0x61,0x10,0x61,0x08,0x61,0x08,0x41,0x08,0x41,0x08,0x40,
    0x08,0x20,0x08,0x20,0x00,0x20,0x00,0x20,0x00,0x20,0x00,0x20,0x00,0x00,0x00,0x15,
    0x00,0x00,0x97,0x20,0x00,0x20,0x00,0x20,0x00,0x20,0x00,0x40,0x08,0x41,0x08,0x41,
    0x08,0x61,0x08,0x61,0x08,0x61,0x08,0x61,0x10,0x81,0x10,0x81,0x10,0x81,0x10,0x82,
    0x10,0x82,0x10,0xa2,0x10,0xa2,0x10,0xa2,0x10,0xa2,0x10,0xa2,0x10,0xa2,0x10,0xa2,
    0x18,0x7f,0xa2,0x18,0x78,0xa2,0x18,0x9a,0xa2,0x10,0xa2,0x10,0xa2,0x10,0xa2,0x10,
    0xa2,0x10,0xa2,0x10,0xa2,0x10,0x82,0x10,0x82,0x10,0x82,0x10,0x81,0x10,0x81,0x10,
    0x81,0x10,0x61,0x10,0x61,0x08,0x61,0x08,0x61,0x08,0x41,0x08,0x41,0x08,0x40,0x08,
    0x40,0x08,0x20,0x00,0x20,0x00,0x20,0x00,0x20,0x00,0x00,0x00,0x1a,0x00,0x00,0x96,
    0x20,0x00,0x20,0x00,0x20,0x00,0x20,0x00,0x40,0x08,0x41,0x08,0x41,0x08,0x41,0x08,
    0x41,0x08,0x61,0x08,0x61,0x08,0x61,0x08,0x61,0x08,0x61,0x10,0x61,0x10,0x61,0x10,
    0x81,0x10,0x81,0x10,0x81,0x10,0x81,0x10,0x81,0x10,0x82,0x10,0x7f,0x82,0x10,0x75,
    0x82,0x10,0x9b,0x81,0x10,0x81,0x10,0x81,0x10,0x81,0x10,0x81,0x10,0x81,0x10,0x81,
    0x10,0x81,0x10,0x61,0x10,0x61,0x10,0x61,0x08,0x61,0x08,0x61,0x08,0x61,0x08,0x61,
    0x08,0x61,0x08,0x41,0x08,0x41,0x08,0x41,0x08,0x40,0x08,0x40,0x08,0x20,0x00,0x20,
    0x00,0x20,0x00,0x20,0x00,0x20,0x00,0x00,0x00,0x1c,0x00,0x00,0x8d,0x20,0x00,0x20,
    0x00,0x20,0x00,0x20,0x00,0x20,0x00,0x20,0x00,0x40,0x08,0x40,0x08,0x41,0x08,0x41,
    0x08,0x41,0x08,0x41,0x08,0x61,0x08,0x7f,0x61,0x08,0x7f,0x61,0x08,0x96,0x61,0x08,
    0x61,0x08,0x61,0x08,0x61,0x08,0x61,0x08,0x61,0x08,0x61,0x08,0x61,0x08,0x41,0x08,
    0x41,0x08,0x41,0x08,0x41,0x08,0x41,0x08,0x40,0x08,0x40,0x08,0x20,0x00,0x20,0x00,
    0x20,0x00,0x20,0x00,0x20,0x00,0x20,0x00,0x00,0x00,0x21,0x00,0x00,0x94,0x20,0x00,
    0x20,0x00,0x20,0x00,0x20,0x00,0x20,0x00,0x20,0x00,0x20,0x00,0x20,0x00,0x20,0x00,
    0x20,0x08,0x20,0x08,0x40,0x08,0x40,0x08,0x40,0x08,0x40,0x08,0x40,0x08,0x40,0x08,
    0x40,0x08,0x40,0x08,0x41,0x08,0x7f,0x41,0x08,0x74,0x41,0x08,0x95,0x40,0x08,0x40,
    0x08,0x40,0x08,0x40,0x08,0x40,0x08,0x40,0x08,0x40,0x08,0x40,0x08,0x40,0x08,0x20,
    0x08,0x20,0x08,0x20,0x00,0x20,0x00,0x20,0x00,0x20,0x00,0x20,0x00,0x20,0x00,0x20,
    0x00,0x20,0x00,0x20,0x00,0x00,0x00,0x28,0x00,0x00,0x7f,0x20,0x00,0x7f,0x20,0x00,
    0x16,0x20,0x00,0x2f,0x00,0x00,0x7f,0x20,0x00,0x7f,0x20,0x00,0x8e,0x20,0x00,0x20,
    0x00,0x20,0x00,0x20,0x00,0x20,0x00,0x20,0x00,0x20,0x00,0x20,0x00,0x20,0x00,0x20,
    0x00,0x20,0x00,0x20,0x00,0x20,0x00,0x00,0x00,0x1b,0x00,0x00,

};

const lv_image_dsc_t c1541 = {
  .header.magic = LV_IMAGE_HEADER_MAGIC,
  .header.cf = LV_COLOR_FORMAT_RGB565,
  .header.flags = 0 | LV_IMAGE_FLAGS_COMPRESSED,
  .header.w = 320,
  .header.h = 155,
  .header.stride = 640,
  .data_size = sizeof(c1541_map),
  .data = c1541_map,
};

